artist_name,supergenre,primary_genre,artist_image,artist_id,artist_popularity
Eprom,Unlisted,drumstep,https://i.scdn.co/image/ab6761610000e5ebd363e6f40951c0fddd00ccbf,2c2X6dr1PHctH24BxNOjHi,38
Jubilee Years,Unlisted,,https://i.scdn.co/image/ab67616d0000b2735692a4581634c074f979fff0,61jFUXqoInk5vf2Hgh5cC6,0
Vromm,Unlisted,drumstep,https://i.scdn.co/image/ab6761610000e5ebd21e94ba60bb12727d289312,2GDXx20hz7WhCHcgrzfJ0S,7
Estrellita Dónde Estás,Unlisted,,https://i.scdn.co/image/ab6761610000e5eb3462b9e68a5a8c0f1b618769,2tXfeqzziff6xpdcZUVTll,55
James Ellis Ford,Unlisted,,https://i.scdn.co/image/ab6761610000e5ebd55dd652de89dff86527908d,4rzx4iwzF4sCJns8pelK55,5
Idina Menzel,Unlisted,musicals,https://i.scdn.co/image/ab6761610000e5eb6e39cafa090a7f726177bbf7,73Np75Wv2tju61Eo9Zw4IR,72
S.O.L Collective,Unlisted,,https://i.scdn.co/image/ab67616d0000b2738d5423997a392eac6d91aabd,3rIlgkqfgreQxyLrXR2Sln,0
Queen Latifah,Unlisted,musicals,https://i.scdn.co/image/ab6772690000c46c2e33b2585d62f51ab9df74e7,5m7wCUhYhBh7A3A3YMxrbt,55
Tropic of Cancer,Unlisted,cold wave,https://i.scdn.co/image/83c9c0c7760102db046aa736b512c5d6212abf1d,3qFOpjNiYRuQNVl564TGgO,21
Grupo Changüí de Guanta,Unlisted,,,0F37afIbeistheUTI3rf2X,1
Gatronix,Unlisted,,,3Mrt55eOXsIcW8U7kVK5oT,0
Mulatu Astatke,Unlisted,ethiopian jazz,https://i.scdn.co/image/ab6761610000e5ebdc685b05724610239ffde90c,7HGFXtBhRq3g1Ma3nH4Rgv,55
The Soft Moon,Unlisted,cold wave,https://i.scdn.co/image/ab6761610000e5eb70ba7ff772c3fd90f848450b,40HeNm05FEAxGx8gUOV4my,38
The Louvin Brothers,Unlisted,christian country,https://i.scdn.co/image/1ef802e5684013c00ace96d983e56fa894e909c6,3TUYqYNCqgqeqkBZVyxEi6,36
Lil' Rascals Brass Band,Unlisted,new orleans bounce,https://i.scdn.co/image/ab67616d0000b273fbb466c1ae2e535017e7c624,0iQTkXteVuQWznZ4WJuRLz,11
Soulwax feat. Nancy Whang,Unlisted,,,4xlJMRtnHXK4exbkB1eA10,0
John FM,Unlisted,indie electronic,https://i.scdn.co/image/ab6761610000e5ebc3c2102a70bd026d087869bd,0vscEUhV9isTMclPcVz7zr,18
Josh Wink Aka Winx,Unlisted,,,7qTQO5XvmJ13VGvxvjtMSr,20
Kouni Korio,Unlisted,,,6sFGOHKAcDDDpGqiYnBmkb,0
Spencer Cullum,Unlisted,,https://i.scdn.co/image/ab6761610000e5eb0e9274179b5a9a16bf0259b9,1u2RgFiCSd9phVG5OB51jr,30
Sean McVerry,Unlisted,,https://i.scdn.co/image/ab6761610000e5ebfe7c68aa2fd6ce27a0aa1202,7sAXoFldVGlGtZ5LPVtAYD,25
Julie Andrews,Unlisted,musicals,https://i.scdn.co/image/8547161467c9a6761aa69c65700a23db8f88a946,5RdqZVi36tpDPYNPw8jJbO,60
United Sacred Harp Musical Association,Unlisted,traditional music,https://i.scdn.co/image/ab67616d0000b273a014c3256a9381d88cbb608f,7waa1nwpi9SqIkGmWZs3s5,16
Head Technician,Unlisted,chinese rock,https://i.scdn.co/image/0a349803338ccb2b3f5156a0b8bde1b79fcae6a9,5belphwHC49z9vB7pXjcux,2
The Dice Man,Unlisted,,,67znT4w9oHh5dpk4WAHVCM,0
Señor Coconut,Unlisted,cha cha cha,https://i.scdn.co/image/ab67616d0000b273beb07c7dc578d637077c436f,6rATWMhuTXfhBqtB3IQRWd,35
Consumer Electronics,Unlisted,noise music,https://i.scdn.co/image/ab67616d0000b273d08dff3e31e3e150b2508ad8,3Ozlk0QQs9GxlkSlfyIkVs,9
The Soul Rebels,Unlisted,new orleans bounce,https://i.scdn.co/image/ab6761610000e5eb945fac6424e3ba3f8e992d76,10NEMYLJwVvYSvtvZn5Ipz,33
HTRK,Unlisted,cold wave,https://i.scdn.co/image/ab6761610000e5eb400d35deb3406d59ac6e94cd,06sdJwlggq0PKOe4LPZWCg,35
Moon Balloon,Unlisted,,https://i.scdn.co/image/ab6761610000e5ebb8651c8b9128236e0fe50542,3xVI0gIpNppHLMNwe0Pq1b,3
The Cox Family,Unlisted,christian country,https://i.scdn.co/image/ab6761610000e5ebce1ecaf8f294bc02b928c906,5fu3Po5z59bTfUgbcaE0ay,39
Josh T. Pearson,Unlisted,,https://i.scdn.co/image/ab6761610000e5eb57ab81738829ec6aa0449d0f,0GgNchtU9Fst3uEshZ7mV9,17
Woolymammoth,Unlisted,drumstep,https://i.scdn.co/image/ab6761610000e5ebad2863488e7fd4e43704fc41,2RcpMq2zbPhykuQaE5w2u2,7
Lauer,Unlisted,italo disco,https://i.scdn.co/image/ab6761610000e5eb713ce11c03cde58bdb3c74bb,36rey1TxHa81Az8CqZpsJ4,37
Y La Bamba,Unlisted,latin indie,https://i.scdn.co/image/ab6761610000e5eb1305598f4831be76a1ed2b9e,6eb2gxfoBSQhmDYkQKz93b,42
Magazine 60,Unlisted,italo disco,https://i.scdn.co/image/ab67616d0000b2737154f1f4db22dfdd83996355,6MrXYlcl32SK12YxMWJWte,39
Power Druid,Unlisted,,https://i.scdn.co/image/ab67616d0000b273aa087a1165c74f3aacf2399d,0fmyOOHjbZc5EJuHBhzYAF,15
The Cockney Bar Singers,Unlisted,,https://i.scdn.co/image/ab67616d0000b273f44936412fdc328fae02b2f6,4HjcH8bqJm9TIwHGhvRIC8,16
Mahna Mahna and The Two Snowths,Unlisted,,,5rCZAG988apcbAcSyNhEKI,35
Oompa Loompa Cast,Unlisted,,,1EVRw6us3YBBs2Z01y2LtU,33
John Maus,Unlisted,cold wave,https://i.scdn.co/image/ab6761610000e5ebd7afb37c9883b8ce16447779,4R073T3AVJKqAsbzLmLW9u,54
Del The Funky Homosapien,Unlisted,,https://i.scdn.co/image/37ddb345143488175cef180b553253a467ec5362,0YsLR3SQd5QTXAhGIGX7cl,70
Slaney Bay,Unlisted,,https://i.scdn.co/image/ab6761610000e5ebf751b529465fd91bd74b993e,6jfR9Na2d55xoFOK5mQT1I,9
Tennessee Ernie Ford,Unlisted,christian country,https://i.scdn.co/image/4bd427bb9181914d0fa4482a3b01d3977638872a,7u6FSuqT3SWE2kO8rNVjfp,54
Christophe,Unlisted,variété française,https://i.scdn.co/image/ab6761610000e5eb33df1c67b32ef77374d46621,6MmRTVIPIe35OsFqWgRKQJ,53
Ray Conniff,Unlisted,orchestral,https://i.scdn.co/image/ab6761610000e5eb79bf6d80fe0e16c1169dd361,7LfRnzGM0wRSyS5mmAwJbv,60
Songs: Ohia feat. Scout Niblett,Unlisted,,,6r0FFG3YaRuPT2JvlOwA24,0
Songs: Ohia feat. Lawrence Peters,Unlisted,,,7hw73b5RrwBdFkqP5Yxvdc,0
Toby Corton & His Band By Chance,Unlisted,,https://i.scdn.co/image/ab6761610000e5eb52dab6e726b031affb9a00f3,4HYbhQ5pU0nd3LIQmCXfgy,0
Jerry Herman,Unlisted,musicals,https://i.scdn.co/image/ab67616d0000b273c7f57456a7c701d66cf457fe,4GBe6ctpZMwMbaRb9KZrNU,41
Spark Rocket,Unlisted,,https://i.scdn.co/image/ab67616d0000b273c5b2a9ef8f6d0098f6d96685,5VW8qxbvOtQ1PHJGRWAL5Z,33
High Skies,Unlisted,space music,https://i.scdn.co/image/ab6761610000e5eb84a2468b6ed788500b04929d,6R1EIgNzO0hKVOTOXJjjP2,12
Jack Cottrell,Unlisted,,,7Fx0i1HlXqWt1aP8YvRf6E,7
KERO,Unlisted,melodic bass,https://i.scdn.co/image/ab6761610000e5ebb1609c1ba10c54b13b781785,1buRQJUaOGTgp36hBMda6y,32
DJ Evan,Unlisted,indie dance,https://i.scdn.co/image/ab6761610000e5ebaf21eae4655aef7a3b573754,0rZ5F43lMX3mdce3O0uRmu,3
Buffy Sainte-Marie,Unlisted,native american music,https://i.scdn.co/image/ab6761610000e5eb76bf720220b09ebcf3004d80,5exO2eW84QucBhrRhcK76x,41
Juan Wauters,Unlisted,latin indie,https://i.scdn.co/image/ab6761610000e5ebbd422b843b20925973e0dc75,7CKkZZW3XtnPmqlwaElmoV,37
Dorothy La Bostrie,Unlisted,,,6pV4iyF5ocDdbIX3rXffmK,25
Homemade Weapons,Unlisted,drumstep,https://i.scdn.co/image/ab6761610000e5eb0e1b5438be3228fc3dcb6fd4,1UW5eP8ZIX1HKGGi5jXSB6,17
Bouzouki Kings,Unlisted,laïko,https://i.scdn.co/image/ab6761610000e5eb766c8ac41ce531fb70d959c2,4iVvG04w9XBch3kxXWMuxb,44
"Meicio Askanasy, José Prates, Ivan de Paula",Unlisted,,https://i.scdn.co/image/ab67616d0000b273cfbf5d54ae6d456b230f65e5,28ljP12QBsgioe7MMMnq8g,15
Sutton Foster,Unlisted,musicals,https://i.scdn.co/image/b73adcba423692245bd8a2f6040e42e2890cb2c8,2RWaZohsuqSJX9xWX3p95G,46
Boi (OST),Unlisted,,https://i.scdn.co/image/ab67616d0000b273d0e671f7c6692a9739001326,7FyspPUfiBhVrrbExpkxZ4,2
Lizzyloo,Unlisted,,https://i.scdn.co/image/ab6761610000e5eb47fe2be501abb415119abb2e,2HiGvNEcu9p7m32iWUrR7j,13
Terra Twin,Unlisted,,https://i.scdn.co/image/ab6761610000e5eb4bb043662d4ef0a0644be2fb,1APkoiZBXf5B3YqPruHouT,27
Redkattseven,Unlisted,,https://i.scdn.co/image/ab6761610000e5eb62a09f26b257dd997e76a3c8,3n085fYvqy1xgFEA0gjjFx,50
Eva Curzi,Unlisted,,,3644jHpHInKPL22IQYcd9y,4
Onyx Midnight,Unlisted,,https://i.scdn.co/image/ab67616d0000b273d705756fb580024a02463b8c,6ZKaSJXezrWbhYulkvWz4r,7
Lil Big Stack,Unlisted,,https://i.scdn.co/image/ab6761610000e5eb51fa0b096d79ee790938451e,3oBqUqRBY1Ish0n1fHxeu2,47
DJ MAGIMBU,Unlisted,,,7cT0q8ThkSyIzyFDahxxUU,0
STRFKR,Unlisted,,https://i.scdn.co/image/ab6761610000e5eb09ba7def3d7c5c14349fb905,2Tz1DTzVJ5Gyh8ZwVr6ekU,58
James Laco,Unlisted,,https://i.scdn.co/image/ab67616d0000b2733a24bafd88e6da4b7fc33a43,5ZWo0P6lqFeoDeoN0okPEL,0
Playboi Carti,Unlisted,rage rap,https://i.scdn.co/image/ab6761610000e5ebba50ca67ffc3097f6ea1710a,699OTQXzgjhIYAHMy9RyPD,90
Annalee,Unlisted,musicals,https://i.scdn.co/image/ab67616d0000b273355b62b411e70f697aea7e9c,4D7jbXC2Jdd9DXG5uZYCCr,42
Naomi Neville,Unlisted,,,1L2vdW5MKTr5mHioN2Ywm8,17
Ed Sheeran,Unlisted,soft pop,https://i.scdn.co/image/ab6761610000e5ebd55c95ad400aed87da52daec,6eUKZXaKkcviH0Ku9w2n3V,93
Evadne Baker,Unlisted,musicals,,3GtvxALXnbuxfxFIo26vC4,42
Peter La Farge,Unlisted,native american music,https://i.scdn.co/image/ab67616d0000b273a6a0bfcd204eab89339d6469,043WRXguGXwwwPHGnNz20i,11
Hakobune,Unlisted,space music,https://i.scdn.co/image/ab6761610000e5ebd1839e6d4841fd63383aab19,5tbEjgs7Twqh89pq5Ef161,31
Marimba de los Hermanos Paniagua,Unlisted,música mexicana,https://i.scdn.co/image/ab67616d0000b273c03f49672e0624d40803e73e,0duEtz2yf9OQR5vbwqqMo7,14
Vinicio Capossela,Unlisted,italian singer-songwriter,https://i.scdn.co/image/ab6761610000e5eb1618cd11a9515e175a83ea4e,6FlxhoUGATC40TALMesaFM,49
Giorgio Moroder,Unlisted,italo disco,https://i.scdn.co/image/ae53e43ad044fe30298ac986a606bef7db4617bb,6jU2Tt13MmXYk0ZBv1KmfO,58
Bert Kaempfert,Unlisted,orchestral,https://i.scdn.co/image/ab6761610000e5eb9d24fe39fd48d3207f901a86,2s6JabvZdqVQhfOsaxCSFX,53
Run by Electrodes,Unlisted,,,5lCzzDFBEMShuche7yTo4H,0
Leaders of Technology,Unlisted,,https://i.scdn.co/image/ab6761610000e5eb345978e7b91873a6c02ad05c,3fkHK8NOb6RPNbD8WfrLkU,14
Poopy Man,Unlisted,,https://i.scdn.co/image/ab6761610000e5eb976884986f78f6b87710f577,34D8Pqawm29XlTE8445ezO,43
Fart Fest,Unlisted,,https://i.scdn.co/image/ab67616d0000b2739593376c2cce35fa1b1c6e9f,1r1k3lYgsOWmBVRYzofkvO,38
Millape,Unlisted,,https://i.scdn.co/image/ab6761610000e5eb8d5468926755401af56f4929,0IwbrUdicuBw6t6hJmuRV7,2
Sam Maghett,Unlisted,,,1xSXnf7mFuxNF0CMyQmpX2,23
Romy B,Unlisted,,,5NU6tiaELL4UovbZipxzYt,0
Zetta Bytes,Unlisted,,,0y0zq3ULRz7HsJTs4eF1G6,16
River Whyless,Unlisted,folk pop,https://i.scdn.co/image/ab6761610000e5eb7ac1c4db6901f98a6ba470e7,7gRGh8w4G9zaFJSaIYp8HH,55
Charmian Carr,Unlisted,musicals,,0mvTBNG2hAuAEzUVgTYpQ2,55
Salah Ragab,Unlisted,ethiopian jazz,https://i.scdn.co/image/ab67616d0000b2732808aaa3934b83d359a6bf22,4qczpAvtGm4OU2Jz2cXPWq,24
Grey Fields,Unlisted,,https://i.scdn.co/image/ab6761610000e5ebda7a8638ae7119aab996623f,76JwlkXcpyVuS3H6hUKUYy,0
Boua Xou Mua,Unlisted,traditional music,https://i.scdn.co/image/ab67616d0000b27349f053f35bf54f37f59099ba,4CSwaQor1zOIE81NFCWHTD,1
Earl King,Unlisted,new orleans bounce,https://i.scdn.co/image/ce39e01cd322252e738417ff2bd3619b030cbf27,76ox7koAGPytUmTZGU6zWn,31
MaxM,Unlisted,,https://i.scdn.co/image/ab67616d0000b2737a37c57a9f2a672f0033f13a,1JkekbWlrILJDEwzpAFYUW,0
Fats Domino,Unlisted,rock and roll,https://i.scdn.co/image/ab6761610000e5eb5305958de2ad389172f3cd78,09C0xjtosNAIXP36wTnWxd,55
P. Lion,Unlisted,italo disco,https://i.scdn.co/image/ab6761610000e5eb212ce8a2b56564ad73e5bc49,3C4Ma6ujXcpDtisnx6RASG,44
Scotch,Unlisted,italo disco,https://i.scdn.co/image/ab67616d0000b2731cc68e0cff52a48b337b89ec,7ECGnAVeg7U3WRPMjpJa9n,39
Musumeci,Unlisted,indie dance,https://i.scdn.co/image/ab6761610000e5eb6fc1689b347cfd84a7b8d1e3,5AezOTggHnFTiQ5AiowFBf,37
Ken Laszlo,Unlisted,italo disco,https://i.scdn.co/image/ab6761610000e5eba05eb6e2d4a0a73ad4ca171e,00OX175uYCsHJPLZOjNJqe,48
Siamese Cats,Unlisted,japanese indie,https://i.scdn.co/image/ab6761610000e5eb23f982831dfd1aba299c0142,0xQu8dPPGy8LC2KVPa87CN,27
Vasco Rossi,Unlisted,italian singer-songwriter,https://i.scdn.co/image/ab6761610000e5eb6236b31052ab6d32689cd143,5l4nhyz8876RhgE2d18h65,69
Optometry,Unlisted,indie dance,https://i.scdn.co/image/ab6761610000e5eb05e9dd628dc616c5e9c41a97,7jrtCX0BKSn54uZA2bRYB0,23
Reymour,Unlisted,cold wave,https://i.scdn.co/image/ab6761610000e5eb1989e83e869603c7d34d50db,6mlzYzLXQ7gQrMg3DydrAi,38
Munir Bashir,Unlisted,traditional music,https://i.scdn.co/image/ab67616d0000b2738e8fec5992aa9b37e08483f9,7u3rioJ6JfINqENIQ67k6A,27
Esther Philips,Unlisted,,,4457ZLpmT5sl16BBe21J6E,0
Willis Proctor & the Georgia Sea Island Singers,Unlisted,,,5MeE1hQUFjZwFUAwcaRHgu,0
Amanda Seyfried,Unlisted,musicals,https://i.scdn.co/image/ab6761610000e5eb4b66865eed5805ea38b398b4,5RZjpmuD14JKXvB8Ry1G1u,68
Adele,Unlisted,soft pop,https://i.scdn.co/image/ab6761610000e5eb68f6e5892075d7f22615bd17,4dpARuHxo51G3z768sgnrY,87
Stanley Kubrick — A Clockwork Orange,Unlisted,,,4UZQ7BPQqC9Kg2iqvbH2x4,18
"Perfume Genius, Sharon Van Etten & Friends",Unlisted,,,0xLbREzA0im1nSc86Fcmx4,8
Lloyd Miller,Unlisted,ethiopian jazz,https://i.scdn.co/image/ab6761610000e5eb5053dce29ce4bb5844da9522,5IitSBtyiWJjnk6U0jPxut,26
Maurice Joshua with Hot Hands Hula,Unlisted,,,7xT4QMaAhAsbnbkF4nr3eS,0
John Travolta,Unlisted,musicals,https://i.scdn.co/image/05b40ccc7a84868fe05d774aac684c24565cec7d,4hKkEHkaqCsyxNxXEsszVH,68
Mamman Sani,Unlisted,ethiopian jazz,https://i.scdn.co/image/ab6761610000e5ebcf7267fa50d01a4a12d1e147,3AWprtbEToKCq6Xzz0tTX4,31
Oberst,Unlisted,norsk rock,https://i.scdn.co/image/ab6761610000e5eb82a9d44f17988622c0dedda4,2uZiIZt94U6VvsxacxQwXz,2
Lao,Unlisted,latin r&b,https://i.scdn.co/image/ab6761610000e5ebfb960c78bb48bc529a38aa17,2zDEnKW6qy7E4M9A2c2YAZ,19
Cathaysia,Unlisted,,,67Qz4pUaFSBwVrv9Ds8Dzj,0
Lamonde,Unlisted,,https://i.scdn.co/image/ab67616d0000b2730ece4c3f9bf2f6c1efdb8dc0,4tMMHQ58Jn6IvUATulcNcw,0
Bessie Smith,Unlisted,classic blues,https://i.scdn.co/image/5aaabae6a8e5d353ca8ac6b5cc6adfc91c2c5a5e,5ESobCkc6JI4tIMxQttqeg,40
Grey Area 03,Unlisted,,https://i.scdn.co/image/ab67616d0000b2738b854c715cb12734db2e496e,5zaaSq5kBeam20iRoCahMj,0
Sainkho Namtchylak,Unlisted,,https://i.scdn.co/image/ab67616d0000b273d73f6d46da36268a7577072b,45q77VMb6x9mgH5dAMLDJp,34
Margot,Unlisted,indie dance,https://i.scdn.co/image/ab6761610000e5eb50cf8182ee46ac15b792805c,4jm59PnyzdzUkYGJ4bCyPQ,12
Lindiwe Mkhize,Unlisted,,,5klp9VmF0Os0ytBwXBy8Tf,41
Emahoy Tsege Mariam Gebru,Unlisted,ethiopian jazz,https://i.scdn.co/image/ab6761610000e5eb4a6f3766a23e91536d7ee6ed,1D86M7ewUQH1vS0QsXCmI9,51
Matteo Manfredi,Unlisted,,https://i.scdn.co/image/ab67616d0000b2735768c9b6aa8f26edb60388a1,3NLWTwNuFNPJaHEVEWxaqj,5
Blaire Reinhard,Unlisted,,https://i.scdn.co/image/ab67616d0000b273d162a0eff49574365c35456a,0g3j2imizKJ0OEaxwhF0xn,17
Annaleigh Ashford,Unlisted,musicals,https://i.scdn.co/image/ab67616d0000b2731828473d593f22288c795e5c,4cHdzQMvESi5fSYStocJQT,48
Leah Greenhaus,Unlisted,musicals,,1A2zTDBNQAtGRaHX9lISZ5,37
Christoph Schulz,Unlisted,,,4oqx9aQJ91bDVitBTieoTX,0
Begi L,Unlisted,,,1JikLOvnTL6LD0AUPSpqAI,0
Thom LaFond,Unlisted,,https://i.scdn.co/image/ab6761610000e5ebd36ca67007dbf8ce8d9bee54,2NVtDeFBzHMUFQlzDswS8a,15
Percy Faith & His Orchestra,Unlisted,orchestral,https://i.scdn.co/image/ab6761610000e5eb79058cfc754be16c2f0070aa,24DQLSng7bKZD4GXLIaQbv,53
Azajjin,Unlisted,,https://i.scdn.co/image/ab6761610000e5eb3398db45ab74437713e19e9b,2qyeeNPXHdRwjAnDhV4dhZ,0
Tsuruda,Unlisted,drumstep,https://i.scdn.co/image/ab6761610000e5eb54903feb5fd2d35db15e753e,7CCrWKLbAto1EXI2eoG9Vu,27
Five Revolutions,Unlisted,,,7z7UoyBoUDLSbBD6hsCgNn,17
W. Jörg Henze,Unlisted,,https://i.scdn.co/image/ab67616d0000b27379c45e5adc7e4e31fc8c7c72,7puhfzsXw2pi1SEclNHHlq,1
Irwin Kostal,Unlisted,musicals,https://i.scdn.co/image/ab67616d0000b2736cbde4fb9f89857ed8d00178,1HmcCckVaFw44DHhZKuKgN,44
RHYS BIBI,Unlisted,,https://i.scdn.co/image/ab67616d0000b273df76f301ab93403e963f9260,5a8Y06JGE6jIOgBwCs7RKo,0
Bremer/McCoy,Unlisted,,https://i.scdn.co/image/ab6761610000e5eb62457b49f9bcb3c3f760a368,2lHSlOOSjpb0qKUkrpXT6J,52
Brian Lopez,Unlisted,latin folk,https://i.scdn.co/image/ab6761610000e5ebe234abfad6ad4ddf209bc66b,76DfVm5okud2I5Az7YWvnV,15
Benita Calrado,Unlisted,,https://i.scdn.co/image/ab67616d0000b2738958e8515514f9bfce71f4ba,356DaKT7lQvmKRHIOIYQY3,36
Freddie L. Small,Unlisted,,,1TQAeD354zdHUoqayn8upT,0
Chatham County Line,Unlisted,newgrass,https://i.scdn.co/image/ab6761610000e5ebf97f962edb51bcb2166d57e3,3M2LPcqyD4PxbOFvtF05R7,32
Indigo Lo,Unlisted,,https://i.scdn.co/image/ab6761610000e5ebbb2d5135b593d536bf4b939c,1K7vnfAoxgzS6ZFV9V1AQO,0
Azari & III,Unlisted,,https://i.scdn.co/image/32e8bf1de80d92e0a5f7f8a67d0aec9d0fc20481,2DC2KJDKwTf5RGfuWCzAkc,46
Paula Abdul,Unlisted,,https://i.scdn.co/image/ab6761610000e5ebee0a8f7e1d62e21b3b61a066,4PpmBoqphQusNFsxuVKb6j,56
Stanislav Gallin,Unlisted,,https://i.scdn.co/image/ab67616d0000b273d453f4e9266ddf5b23e56d05,0b45g7oDSlWJ6AeYKjJS0v,10
Folque,Unlisted,norsk rock,https://i.scdn.co/image/ab67616d0000b2736b7c1b835b8034b404cfeb3e,4ypyToB94tFkw2BxF96ZlM,21
Tarentule,Unlisted,traditional music,https://i.scdn.co/image/ab67616d0000b27308536f11cc60480685b18138,1Ok9uJhfJ0cOQB3IPHeHYF,0
Jimmie Davis,Unlisted,christian country,https://i.scdn.co/image/ab6772690000c46c6a62b3ed4a66784c09ee2e8d,0ow3Ac8tlahUoDVXbRuaRy,24
George Hamilton IV,Unlisted,christian country,https://i.scdn.co/image/2b1c6d4461977f2bca2f51fce53cf1aab6708b1c,6G39Gakqv1r26pZzijSWti,35
Jean-Pierre Ferland,Unlisted,chanson québécoise,https://i.scdn.co/image/ab6761610000e5eb72930ae8f479f987fe0c24c0,6ztZs0FOUv1FqwSxsj11R3,38
Shades,Unlisted,drumstep,https://i.scdn.co/image/ab6761610000e5eb44012660746ab8527779032a,3hZYcnuncZYCJzqO9pwpAK,32
Shire T,Unlisted,,https://i.scdn.co/image/ab6761610000e5ebf6d1ab4b9a993e2c7af41637,0AIim12jO78DuyyUYbHfAe,32
TIBASKO,Unlisted,stutter house,https://i.scdn.co/image/ab6761610000e5ebebe3ce4710bb18ec943e3a1e,6xq7g0E52yq4y8Op9X82Uo,34
Sir Harry Lauder,Unlisted,,https://i.scdn.co/image/ab67616d0000b2736f6b3250666915a7e7713be6,5zgSa1p65tKQvIEAKqwlPg,14
Max Bygraves With Archie Andrews,Unlisted,,,7d1xjDIoghWcgAkCANoCKe,1
Noah Cline,Unlisted,,https://i.scdn.co/image/ab6761610000e5eb39cfa1ba65680c7e0674e46c,7IAOR9C0ax7e19MmW4Q8Zk,6
Anima & Ennui,Unlisted,,https://i.scdn.co/image/ab6761610000e5ebbbc8f63960ec4f0f7cc3ff7a,1U0ooypQ59GyKyj1smbLz7,0
Meryl Streep,Unlisted,musicals,https://i.scdn.co/image/bed81fc6e2028fa4c7d01fa2066f4d600b511f03,2HB65P72dFRiOKvbLLcil2,68
Michelle Pfeiffer,Unlisted,musicals,,6nKfpz5OosWfOp3CnY0kvy,43
Deft,Unlisted,drumstep,https://i.scdn.co/image/ab6761610000e5eb3f140d494bf31bc4659cc021,43qPWPlDL5noyuCJKPKm6N,24
Honeyz,Unlisted,uk r&b,https://i.scdn.co/image/ab67616d0000b273ec4365cf678c4bc429d03049,3Ps27dDfvubd75rh5A0wz9,34
The Statler Brothers,Unlisted,christian country,https://i.scdn.co/image/cb80bd63d8d6d986cc66292affea75e8bc07cd2f,5PSWc8Y94zFsAtZlTe7ipI,51
Billy Fury,Unlisted,rock and roll,https://i.scdn.co/image/ab67616d0000b273c86bd1f140b5d5005544d790,7rtLZcKWGV4eaZsBwSKimf,38
Joe Carroll,Unlisted,musicals,https://i.scdn.co/image/ab67616d0000b2738145f3afe703233d859d5e7f,28GtJHVA8ARidEYFWX0tiG,16
Zina Goldrich,Unlisted,,,24CJU16EbtzMYQWicTXNDR,15
The City of Prague Philharmonic Orchestra,Unlisted,orchestral,https://i.scdn.co/image/ab6761610000e5eb8c6007c4950dd2361e50be9a,2oQJQUIpJFFnfKvHJA0xBu,63
Les Misérables Cast,Unlisted,musicals,https://i.scdn.co/image/ab67616d0000b273170e79548d280867ef12742b,71wy5iisVKXLZgoPxdFi8A,51
Faith Prince,Unlisted,musicals,https://i.scdn.co/image/ab67616d0000b273fafe91c0edcd01d96831dc31,1lrPNYVtvuiB3lmOjbyJc9,30
Terr,Unlisted,indie dance,https://i.scdn.co/image/ab6761610000e5ebd7ea8b480feb7ffea9e1356b,79ipwfkZpcwMYwHJdqtGsN,31
SWA Allstars,Unlisted,,,7JyIYQOPXnpgSxyz2aCcpu,0
Pete Rodriguez,Unlisted,cha cha cha,https://i.scdn.co/image/ab6761610000e5ebb7f09acf72108b3f81822a99,76KY8JsK3XMQkjDiRZVprS,50
Piano Fantasia,Unlisted,italo disco,https://i.scdn.co/image/ab6761610000e5eb43e4dc6e373b8fa8e13600ff,3fwPbUnAOAhzd60TyDfE8t,47
Sex Week,Unlisted,,https://i.scdn.co/image/ab6761610000e5eba8d2209a8862b739d258a630,5bcg41eahXhsa30vaMvv0r,31
Alex Figueira,Unlisted,latin afrobeats,https://i.scdn.co/image/ab6761610000e5eb82b1e5a12449c4d53987d65e,1KKpoCjkEc0b0vAuiMe2uT,27
Véronique Sanson,Unlisted,variété française,https://i.scdn.co/image/ab6761610000e5ebe801b633722698f9387da9be,4zxH2Yu5AvPNRdEDBz120D,55
Debelah Morgan,Unlisted,cha cha cha,https://i.scdn.co/image/60340e8b4851a24102ded188e328f3a1db6758cf,0tRRrNLQY5rejEDVSjy4w3,34
Stéphanie Lapointe,Unlisted,chanson québécoise,https://i.scdn.co/image/ab6761610000e5eb8f62e8177c355622757a7285,0bEvfTJsHHsTxqpqzWGXDw,23
Dominic Harlan,Unlisted,,,3IQ7smN25mo56K9Xm6YqKj,19
Debbie Reynolds,Unlisted,musicals,https://i.scdn.co/image/e9751ab643f1700814009306255b9df1b312284a,4Zf0pLGYwNB86Y97kisvkn,41
Mi Amigo Invencible,Unlisted,latin indie,https://i.scdn.co/image/ab6761610000e5eb070b9627e21a9b63d18242c9,2uxy7shOeojRrRr9EwD2t7,44
Anne Hathaway,Unlisted,musicals,https://i.scdn.co/image/09f4a0a499359540e40075f8e912d7c3e94bc4a6,0nIyPY7J7G68WgQEOLHn0x,57
A2,Unlisted,uk r&b,https://i.scdn.co/image/ab6761610000e5eb1f618c021f274f1e2facac22,6CLayzfExGy0fSn5IT0aX4,40
Black Marble,Unlisted,cold wave,https://i.scdn.co/image/ab6761610000e5eb8cdcb891fdaf8bf5cd6001c9,6Nii4K84ZzBZS8X2MP8c9t,44
Michael Olatunji,Unlisted,,https://i.scdn.co/image/ab67616d0000b273d49c76ac6d8967b6eca6f7c7,3UcqhHuevCjo9XHneXhoiD,0
Crookers,Unlisted,italian trap,https://i.scdn.co/image/ab6761610000e5eb21e6c818fa5506891944a779,3o1cwVQfiDWafhYA02k13C,60
MGUN,Unlisted,,https://i.scdn.co/image/005a986996e4f31b0a07f8459b612fd30f5c36e7,3g7CYgIAN21cwqiY48BY50,2
CHLOE (Thévenin),Unlisted,,https://i.scdn.co/image/ab6761610000e5eb4e4e54a225a8db107337c3be,0W8ZVf53GqJkTOPRWQaaBq,29
Frisky & Mannish,Unlisted,,https://i.scdn.co/image/ab6761610000e5ebd6c6d613e9cb416e4f642fb2,4SqRQprhiFuELVUXfe3Lct,0
Christopher J. Hanke,Unlisted,musicals,,6FyQbvzBZlMmCliciKIufF,14
Orfeh,Unlisted,musicals,https://i.scdn.co/image/ab6761610000e5eba88259eeccace46f252b858b,5UCLo0DwCef9lexQS5bzhb,39
Sassieon Dupris,Unlisted,,https://i.scdn.co/image/ab6761610000e5ebd663871159d446a07a2493d8,3MKpIxwzJctX6ol1ieC56M,3
Kid Ory's Sunshine Band,Unlisted,,,4NZdYuSlqlg56KtQCeTb5W,2
Reggie Bonds,Unlisted,,https://i.scdn.co/image/ab67616d0000b273909bdf93035013876e8ef60e,0oNXlOzdoVyXFp4etijOIn,1
Acid Rezerver,Unlisted,,https://i.scdn.co/image/ab6761610000e5ebc0148769d1f3c500bc33e945,3hfYldW3pHuFSCiZz8qgdm,0
Jason Donovan,Unlisted,musicals,https://i.scdn.co/image/ab6761610000e5eb56122713b3043100a0cd2d6a,5bnNgwp3nooah9yHAHsnR4,47
Space Art,Unlisted,space music,https://i.scdn.co/image/537056b04cc34d4d60b69bc85b726d76c9a38ac9,2vAtuOqzB1knNn4FEZm0un,20
Carolina Gaitán - La Gaita,Unlisted,,https://i.scdn.co/image/ab6761610000e5ebb8d59d02e63737b0dbaa43e7,29PgYEggDV3cDP9QYTogwv,57
Vanessa Paradis,Unlisted,variété française,https://i.scdn.co/image/ab6761610000e5eb0ed21d575f90079f2c7e4117,1FmxE030Xe2H8Bn9bdv6Pd,61
ferlin debrah,Unlisted,,,5maTHDye2JCsggBTXFnDB4,0
Blind Delon,Unlisted,cold wave,https://i.scdn.co/image/ab6761610000e5eb226f48f36aac50a72f526ff7,6IFtN53KWskqBgrW1Adf7X,27
Rachel Eddy & Kristian Herner,Unlisted,,https://i.scdn.co/image/ab67616d0000b27365c153d4137e3e7eb6ac82cf,54mELlas7xPj7gnCCvB1KQ,2
Ailsa Tully,Unlisted,,https://i.scdn.co/image/ab6761610000e5eb0c67ece7a873b3947461b6ed,5VCklB2cFK3ofZIMkkDhyW,10
Milt Campbell,Unlisted,,,04JBJKfnSMPBvnH5Va7knE,15
Not the King,Unlisted,,https://i.scdn.co/image/ab6761610000e5ebea8f9bd16cdbe35d1223fa04,2t9Wxo7ttElQgyoYZoe9iv,27
Jevon,Unlisted,uk r&b,https://i.scdn.co/image/ab6761610000e5eb0cad90e0a21bb14c3ae94f36,1cwNKCIuq12wLqAAsC1Zyi,30
Marshall Chipped,Unlisted,,https://i.scdn.co/image/ab6761610000e5eb4143c727eb261d170698aba0,6HVKYA2Sps9WekIhqnfKe4,0
Italian Traditional bagpipe musicians,Unlisted,,https://i.scdn.co/image/ab67616d0000b273949f1e297569a6dd1d601eee,63Ak1sAwkeayps8R3N3JJu,0
Milroy’s of Soho,Unlisted,,,1cfzKTd2Dvx7RPurzdyAeR,0
NOIXES,Unlisted,edm trap,https://i.scdn.co/image/ab6761610000e5eb79176580686fbef816dff21b,4YeITwoqeIks45gELm488B,47
Drew Gehling,Unlisted,musicals,,2wqWxxwnJHTRMEst9OsREa,42
Hysteresis,Unlisted,noise music,https://i.scdn.co/image/ab67616d0000b2736cbba6dd7c96ba54a3d1e0bf,3t7V2omc5R2ODZswIwcmFJ,1
Tenka,Unlisted,edm trap,https://i.scdn.co/image/ab6761610000e5eb08000357f3ed3be4ac10514e,58QNei6HY9fAmKKUeTOneM,21
Deep Zen Pill,Unlisted,,,2AFQojTf9JepkWGDWtWZjx,0
Mindi Dickstein,Unlisted,musicals,https://i.scdn.co/image/ab67616d0000b27389425c11e34b033cf97875b5,2mqC5o8LPha55XSqfVkT8r,37
Kristin Chenoweth,Unlisted,musicals,https://i.scdn.co/image/ab6761610000e5eb48124fc43f870ed4501093e5,3DgcBA7P0ji5co7Z1Gfp2Q,62
Jeff Bowen,Unlisted,musicals,https://i.scdn.co/image/ab67616d0000b273dd002249a81838d4e483ca7f,72CKLon8DF1pjBs8PBJNdp,12
Hakim,Unlisted,egyptian shaabi,https://i.scdn.co/image/ab6761610000e5eb4a64c616124866952c71dcd3,1xCRJ0XrcQKEkjk50ILWbt,54
25th Annual Putnam County Spelling Bee Original Cast,Unlisted,musicals,,66tdbpspqaHM1cPkBTC0WU,41
Phenam,Unlisted,,https://i.scdn.co/image/ab6761610000e5ebdae83a9b04afb30ded292487,4vOWGtkwkFHPi4091LuTtk,1
Eddie Redmayne,Unlisted,musicals,https://i.scdn.co/image/2f27b88be41ed8e21e7db0cf192385c14736f8a0,4EJP6Qhk6l18LumCcpEfLw,50
Kay Hak,Unlisted,,,5fNpYM94eu7714oNfE7C0c,0
Victor Silvester,Unlisted,orchestral,https://i.scdn.co/image/ab6761610000e5ebff2eae7fe220a4c4c2cc0ac3,628K1eY2Nq24SbQE5q92VY,35
Michel Delpech,Unlisted,variété française,https://i.scdn.co/image/ab6761610000e5eb080aefa65a57d165c90923da,4T795JhhCZMWM01DLcX98p,53
舒眠频率,Unlisted,space music,https://i.scdn.co/image/ab67616d0000b2730526200451711a087950e385,1SUV6BR0W4CCRMRuKOmwkf,26
Arthel Lane Watson,Unlisted,,,6Xfb61LiBt1zevrkP7TJlh,17
Renato Cohen,Unlisted,indie dance,https://i.scdn.co/image/ab6761610000e5eb6cc805d95900831878010da3,7C26wQyStqkNFW94iutvVD,33
Stelios Kazantzidis,Unlisted,laïko,https://i.scdn.co/image/ab67616d0000b273f949bbb05b4d6752c00530d8,5BJ7GXyi2tVyoKMQM7cSpM,52
Domenico Modugno,Unlisted,italian singer-songwriter,https://i.scdn.co/image/ab6761610000e5eb5ad2b161e1a68bc601e293ee,4llklDtTTyMYMY2LfFOkTI,53
Gold Rush Studio Orchestra,Unlisted,,https://i.scdn.co/image/ab67616d0000b27366c489b1b4d977fdf9d81071,35ovEjDArUFMwwr0hqb7Uh,20
N.Y House'n Authroity,Unlisted,,,4YIP5hX9ZJdXyC1yD69MWD,7
Axile,Unlisted,,https://i.scdn.co/image/ab6761610000e5ebde51ad0ce9c9ce1a0155c158,0MPCXpk3pfNCmUdzDlHX2f,21
Vance Joy,Unlisted,folk pop,https://i.scdn.co/image/ab6761610000e5eb4be87c6d504aa62024a87f48,10exVja0key0uqUkk6LJRT,78
Margo Integer,Unlisted,,,3cYI92lguu78EDY6Gk98Bv,0
Sdms,Unlisted,edm trap,https://i.scdn.co/image/ab6761610000e5eb7cb3dd580df3e30db757e748,6FhgYlYyt9GFpcnS13nA4C,37
New Orleans Rhythm Kings as Friars Society Orchestra,Unlisted,,,4Pq4q4prafRtMOXeSImXJC,0
Charles Strouse,Unlisted,musicals,https://i.scdn.co/image/dc284592d0b3e3de0aaefaee1a9648c2ecf83140,1HO6dUh3pea34OKnmsmjQx,43
Duke Ellington & His Famous Orchestra;Adelaide Hall,Unlisted,,,3Mu2l8569zdLBzvvGYLBxa,0
Wilson Jermaine Heredia,Unlisted,musicals,https://i.scdn.co/image/05adc7d24f0cb475402d4b92e8a22d1bb7b47ce8,2wpskShaCrgkVcET4JzTAV,37
Brian D'Arcy James,Unlisted,musicals,https://i.scdn.co/image/ab67616d0000b27312db32f7e08a1bfb4ace303b,3oYQrBzEQNpxnjWXP54B4n,50
Chita Rivera,Unlisted,musicals,https://i.scdn.co/image/60aaf344ed818bb4a670f1039bc9f57c57b1f55e,55DHRcQ9oxUu76VNuQz48P,27
Earsley Young,Unlisted,,,5r8m3GwWfD0PaqEIGwLUqm,1
Tommy Steele,Unlisted,rock and roll,https://i.scdn.co/image/ab67616d0000b273e1800a65cc032aecfac6891f,2eUMWLKLpPyMWuTgoMgEG6,29
Lavia 6,Unlisted,,https://i.scdn.co/image/ab67616d0000b2739d7753b33cf9523703788443,1TaKbrkFRAq5YJoMieIMPR,55
Redbone,Unlisted,native american music,https://i.scdn.co/image/ab6761610000e5ebeb9c771371e6e5d14588963d,0w7HLMvZOHatWVbAKee1zF,67
Rosenfeld,Unlisted,dark r&b,https://i.scdn.co/image/ab6761610000e5eb268f79a38ef7bf37e0531f0a,3p2pMpzDerhMR4w2xZyHWg,54
Le Motel,Unlisted,french rap,https://i.scdn.co/image/ab6761610000e5ebe27b9b3b6f3838a470c08b92,4LLrhUqUv2Mi1NhHz0pjXd,43
Sleepcaster,Unlisted,,,4To1Px6Ab8Q3z9C3L49dY5,0
Christopher Bear,Unlisted,,https://i.scdn.co/image/ab6761610000e5eb0e226952d5af85bce633f737,0emf9Ah5yNpbvhS49Bl3zt,40
Lewis Capaldi,Unlisted,soft pop,https://i.scdn.co/image/ab6761610000e5ebdc9e707b0d0e591e08d3f549,4GNC7GD6oZMSxPGyXy4MNB,83
Alicja Haney,Unlisted,,,2ovLtXUsz5S36A6c05aZK7,0
Adam Mcfarlane,Unlisted,,,4fOmK4wC7JC2WxlXYEJEAb,0
The Nor'easters,Unlisted,,https://i.scdn.co/image/ab6761610000e5eb8c4a9d4a5f8004ad4d0195aa,1aLfVgwt8eBrpvHcutWmqe,30
Grigoris Bithikotsis,Unlisted,laïko,https://i.scdn.co/image/ab67616d0000b27318b865b213af4ddeef00d208,1baJfj5CCxPO9VEzlGSBLm,44
The Jewish Starlight Orchestra,Unlisted,traditional music,https://i.scdn.co/image/ab67616d0000b273d4626a41ee23bdb49d89d56b,3pBRcbWKXI0PmYQ42GxPCk,39
Superheart,Unlisted,,https://i.scdn.co/image/ab6761610000e5eb4f8b03aafe4091da3c9e8e87,5ydFZ5oZLBnFy6WLQ4QKA6,27
Global Sound System,Unlisted,,https://i.scdn.co/image/ab67616d0000b273b9c4a6eab9a7fe0e831d3cdf,4jX0r7SundGTjmwVqnnWMh,7
Mike Berry With The Outlaws,Unlisted,,,3TQZvGxO2ZyyW9zlbkgDJO,0
Alabina,Unlisted,raï,https://i.scdn.co/image/ab6761610000e5eb4a2d9b994c6e3a21591252ac,7w3PQ5symjpCqshjaLvFzA,46
Sam M. Lewis,Unlisted,,,1bHYBM8vK4M1znRYvaXxDs,15
Hugh Jackman,Unlisted,musicals,https://i.scdn.co/image/e8f69e48f7ae80c6247fda3bf03d6155ae0d7282,5F1aoppMtU3OMiltO8ymJ2,70
Uncanny Valley,Unlisted,cold wave,https://i.scdn.co/image/ab6761610000e5eb1078758deb8f8f7b88fb087f,7x5WcBs5DBzzNK0qKjxuLI,1
I'm Blue,Unlisted,,https://i.scdn.co/image/ab67616d0000b2731c42b93f217c02977ae4c5d0,5Rdhduu4Zo7gs9FOt6YKbo,32
Faible Et Lente,Unlisted,,https://i.scdn.co/image/ab67616d0000b273dc39b02ad3243108e40daf60,1Hwi4HepkRbADl1q6nznXk,48
Elisa Waut,Unlisted,cold wave,https://i.scdn.co/image/ab67616d0000b273cb7dad2c4153b33b44ab9f13,6HxyfGirXSxH1uD6GiFiDn,18
Geeshie Wiley,Unlisted,classic blues,https://i.scdn.co/image/ab6761610000e5ebd7cf3eb30735b8224bb8e00d,1cKNtCaFs3dRO88WDOVTeg,17
Soundiescape,Unlisted,,https://i.scdn.co/image/ab6761610000e5eb8a0a85f89fb9cb777a755834,5DaXk2jDrc8Ohsj4oVXR4B,50
Billy Eichner,Unlisted,,https://i.scdn.co/image/ab6761610000e5eb2660d94f968e40fb64887f7d,0FVsUxcFSlxwIM7Qs31s6J,47
Jenifer Lewis,Unlisted,,,6e28WiPlKSu1ukkhHCZEnF,48
PAPAchild,Unlisted,,,0LseVZ9pSlpj7yNngxuBgS,0
Renaud,Unlisted,variété française,https://i.scdn.co/image/ab6761610000e5ebc2c9be6d4869a21ee46d0848,15uNxh8omvRvH71kcdIe2r,60
Fireboy DML,Unlisted,afrobeats,https://i.scdn.co/image/ab6761610000e5ebf0da9bd951adbb3749b40904,75VKfyoBlkmrJFDqo1o2VY,74
Litsa Diamanti,Unlisted,laïko,https://i.scdn.co/image/ab67616d0000b273b6f3a96e6603a64ff61dc9e5,4ZVlnsWbTKXoTcP2CbGHZ6,38
Markos Vamvakaris,Unlisted,laïko,https://i.scdn.co/image/ab67616d0000b273be93231a78a8e43d33eb5b79,2MOeRxQqwrvur6it4B3G3R,37
JJ Sterry,Unlisted,,https://i.scdn.co/image/ab6761610000e5eb78e555b4c21c34b33530d1d5,0tL1uCP0Xtvhpfi7w2sEup,8
Ernesto Villarreal,Unlisted,,https://i.scdn.co/image/ab6761610000e5ebba49b94afdf527a56542b125,2tcNYcZmhP367Zh0Cgg5YU,11
Alla Pugacheva,Unlisted,,https://i.scdn.co/image/ab6761610000e5eb563784cfacaf184e0c4bef5e,7lyhSLlB5fWJmU5eB6k84L,53
Vassilis Tsitsanis,Unlisted,laïko,https://i.scdn.co/image/ab6761610000e5eb9711f3368608201d82b2a8a4,1EVj0hmXLRcsy2IfaE0gkD,34
Teams vs. Star Slinger,Unlisted,,,65WhCsfprtD04AHPxN7FO6,0
Cinzia & The Eclipse,Unlisted,,https://i.scdn.co/image/ab6761610000e5ebfda28e11bcf80c0f50b119c3,3eyyNHkVEK4Hy9Qnw7i13W,25
Michael P. Kramer,Unlisted,,https://i.scdn.co/image/ab6761610000e5ebe4572adb4e1c91705b417df5,1m0gRTAeSxz164yajYCvri,20
Workout Music Tv,Unlisted,,https://i.scdn.co/image/ab6761610000e5ebadcc9033f2f9ce2326880a6d,0k5KeG8St6LiePh5blOwwl,57
Order Substance,Unlisted,,,6t35iFxXXHyidk9bp1laYK,3
Dr. Derelict,Unlisted,,,2Za6MJDy9CzxcP1NAQiJH9,0
Tainted Flavor,Unlisted,,https://i.scdn.co/image/ab67616d0000b2730126eb9deca37ca8aa6fc482,0lOCqoXWdPaVWhnryP66pC,26
Lisa Carlyna Zumpano,Unlisted,,,35nXw4E9MGWTmijZgX2h84,7
Joyce Ackerson,Unlisted,,https://i.scdn.co/image/ab67616d0000b273038d568487a08f401d069c6b,7EJDexRo4aTZHZv54cugss,0
Bochum Welt_TEST,Unlisted,,,2Z0z8NYUiPyUQxgy1BsOIJ,0
John Tartaglia,Unlisted,musicals,https://i.scdn.co/image/ab67616d0000b273bd8ebafdbc2ea4e2461a5d29,4L7TL4CnvDR3iZQuVy6ESm,40
Gregg Nestor and Dominik Hauser,Unlisted,,,20RWPCGIIeOoQmHmoF8vZR,0
