user_id,month,type,avg_popularity
179d97494603457f,2018-01-01,artist,42.554455445544555
179d97494603457f,2018-01-01,track,2.277227722772277
179d97494603457f,2018-02-01,artist,49.981651376146786
179d97494603457f,2018-02-01,track,11.697247706422019
179d97494603457f,2018-03-01,artist,44.5
179d97494603457f,2018-03-01,track,4.342465753424658
179d97494603457f,2018-04-01,artist,42.180952380952384
179d97494603457f,2018-04-01,track,9.804761904761905
179d97494603457f,2018-05-01,artist,40.537142857142854
179d97494603457f,2018-05-01,track,10.731428571428571
179d97494603457f,2018-06-01,artist,38.01136363636363
179d97494603457f,2018-06-01,track,11.450757575757576
179d97494603457f,2018-07-01,artist,41.13
179d97494603457f,2018-07-01,track,9.73
179d97494603457f,2018-08-01,artist,41.49838187702265
179d97494603457f,2018-08-01,track,14.380258899676376
179d97494603457f,2018-09-01,artist,41.86695278969957
179d97494603457f,2018-09-01,track,12.67381974248927
179d97494603457f,2018-10-01,artist,40.19163763066202
179d97494603457f,2018-10-01,track,10.031358885017422
179d97494603457f,2018-11-01,artist,41.392857142857146
179d97494603457f,2018-11-01,track,12.39795918367347
179d97494603457f,2018-12-01,artist,45.11538461538461
179d97494603457f,2018-12-01,track,11.115384615384615
179d97494603457f,2019-01-01,artist,40.4537037037037
179d97494603457f,2019-01-01,track,17.10185185185185
179d97494603457f,2019-02-01,artist,44.838509316770185
179d97494603457f,2019-02-01,track,15.565217391304348
179d97494603457f,2019-03-01,artist,40.42211055276382
179d97494603457f,2019-03-01,track,19.65829145728643
179d97494603457f,2019-04-01,artist,39.8
179d97494603457f,2019-04-01,track,12.817391304347826
179d97494603457f,2019-05-01,artist,39.44512195121951
179d97494603457f,2019-05-01,track,16.817073170731707
179d97494603457f,2019-06-01,artist,39.74074074074074
179d97494603457f,2019-06-01,track,15.842592592592593
179d97494603457f,2019-07-01,artist,33.68382352941177
179d97494603457f,2019-07-01,track,4.75
179d97494603457f,2019-08-01,artist,40.81395348837209
179d97494603457f,2019-08-01,track,16.0
179d97494603457f,2019-09-01,artist,44.9496855345912
179d97494603457f,2019-09-01,track,10.176100628930818
179d97494603457f,2019-10-01,artist,43.99337748344371
179d97494603457f,2019-10-01,track,6.562913907284768
179d97494603457f,2019-11-01,artist,32.208333333333336
179d97494603457f,2019-11-01,track,10.395833333333334
179d97494603457f,2019-12-01,artist,27.472727272727273
179d97494603457f,2019-12-01,track,8.786363636363637
179d97494603457f,2020-01-01,artist,23.747967479674795
179d97494603457f,2020-01-01,track,8.715447154471544
179d97494603457f,2020-02-01,artist,30.473684210526315
179d97494603457f,2020-02-01,track,11.638157894736842
179d97494603457f,2020-03-01,artist,40.648
179d97494603457f,2020-03-01,track,23.832
179d97494603457f,2020-04-01,artist,35.71969696969697
179d97494603457f,2020-04-01,track,11.272727272727273
179d97494603457f,2020-05-01,artist,31.952
179d97494603457f,2020-05-01,track,11.656
179d97494603457f,2020-06-01,artist,38.0233918128655
179d97494603457f,2020-06-01,track,14.076023391812866
179d97494603457f,2020-07-01,artist,44.74452554744526
179d97494603457f,2020-07-01,track,22.384057971014492
179d97494603457f,2020-08-01,artist,45.32934131736527
179d97494603457f,2020-08-01,track,20.191616766467067
179d97494603457f,2020-09-01,artist,41.49242424242424
179d97494603457f,2020-09-01,track,18.356060606060606
179d97494603457f,2020-10-01,artist,39.92929292929293
179d97494603457f,2020-10-01,track,16.494949494949495
179d97494603457f,2020-11-01,artist,31.551470588235293
179d97494603457f,2020-11-01,track,10.264705882352942
179d97494603457f,2020-12-01,artist,47.60204081632653
179d97494603457f,2020-12-01,track,25.928571428571427
179d97494603457f,2021-01-01,artist,27.793650793650794
179d97494603457f,2021-01-01,track,9.285714285714286
179d97494603457f,2021-02-01,artist,30.507246376811594
179d97494603457f,2021-02-01,track,5.543478260869565
179d97494603457f,2021-03-01,artist,31.23931623931624
179d97494603457f,2021-03-01,track,14.247863247863247
179d97494603457f,2021-04-01,artist,39.83
179d97494603457f,2021-04-01,track,18.39
179d97494603457f,2021-05-01,artist,29.21153846153846
179d97494603457f,2021-05-01,track,14.75
179d97494603457f,2021-06-01,artist,49.1139705882353
179d97494603457f,2021-06-01,track,24.856617647058822
179d97494603457f,2021-07-01,artist,49.75776397515528
179d97494603457f,2021-07-01,track,25.0
179d97494603457f,2021-08-01,artist,34.625
179d97494603457f,2021-08-01,track,17.28409090909091
179d97494603457f,2021-09-01,artist,39.94117647058823
179d97494603457f,2021-09-01,track,20.46470588235294
179d97494603457f,2021-10-01,artist,36.61176470588235
179d97494603457f,2021-10-01,track,24.358823529411765
179d97494603457f,2021-11-01,artist,38.22929936305732
179d97494603457f,2021-11-01,track,23.29936305732484
179d97494603457f,2021-12-01,artist,46.2752808988764
179d97494603457f,2021-12-01,track,26.707865168539325
179d97494603457f,2022-01-01,artist,57.39495798319328
179d97494603457f,2022-01-01,track,28.903361344537814
179d97494603457f,2022-02-01,artist,40.61392405063291
179d97494603457f,2022-02-01,track,21.754716981132077
179d97494603457f,2022-03-01,artist,44.89430894308943
179d97494603457f,2022-03-01,track,21.69918699186992
179d97494603457f,2022-04-01,artist,41.9875
179d97494603457f,2022-04-01,track,25.46875
179d97494603457f,2022-05-01,artist,36.63247863247863
179d97494603457f,2022-05-01,track,18.863829787234042
179d97494603457f,2022-06-01,artist,49.41935483870968
179d97494603457f,2022-06-01,track,23.374193548387098
179d97494603457f,2022-07-01,artist,45.516129032258064
179d97494603457f,2022-07-01,track,28.690322580645162
179d97494603457f,2022-08-01,artist,50.763888888888886
179d97494603457f,2022-08-01,track,28.49537037037037
179d97494603457f,2022-09-01,artist,40.574561403508774
179d97494603457f,2022-09-01,track,22.894736842105264
179d97494603457f,2022-10-01,artist,51.78242677824268
179d97494603457f,2022-10-01,track,29.90794979079498
179d97494603457f,2022-11-01,artist,54.55978260869565
179d97494603457f,2022-11-01,track,29.277173913043477
179d97494603457f,2022-12-01,artist,55.361111111111114
179d97494603457f,2022-12-01,track,30.055555555555557
179d97494603457f,2023-01-01,artist,46.2
179d97494603457f,2023-01-01,track,17.454545454545453
179d97494603457f,2023-02-01,artist,38.716312056737586
179d97494603457f,2023-02-01,track,23.97163120567376
179d97494603457f,2023-03-01,artist,40.66863905325444
179d97494603457f,2023-03-01,track,23.911242603550296
179d97494603457f,2023-04-01,artist,39.983193277310924
179d97494603457f,2023-04-01,track,21.0
179d97494603457f,2023-05-01,artist,42.78534031413613
179d97494603457f,2023-05-01,track,25.350785340314136
179d97494603457f,2023-06-01,artist,59.23412698412698
179d97494603457f,2023-06-01,track,42.22222222222222
179d97494603457f,2023-07-01,artist,56.10596026490066
179d97494603457f,2023-07-01,track,38.25165562913907
179d97494603457f,2023-08-01,artist,89.52720079129574
179d97494603457f,2023-08-01,track,65.16122650840752
179d97494603457f,2023-09-01,artist,83.47379454926624
179d97494603457f,2023-09-01,track,60.129979035639415
179d97494603457f,2023-10-01,artist,50.145161290322584
179d97494603457f,2023-10-01,track,32.895161290322584
179d97494603457f,2023-11-01,artist,53.28729281767956
179d97494603457f,2023-11-01,track,38.049723756906076
179d97494603457f,2023-12-01,artist,54.32748538011696
179d97494603457f,2023-12-01,track,37.994152046783626
179d97494603457f,2024-01-01,artist,50.909774436090224
179d97494603457f,2024-01-01,track,40.849624060150376
179d97494603457f,2024-02-01,artist,52.69724770642202
179d97494603457f,2024-02-01,track,43.674311926605505
179d97494603457f,2024-03-01,artist,41.34969325153374
179d97494603457f,2024-03-01,track,34.43558282208589
179d97494603457f,2024-04-01,artist,39.08791208791209
179d97494603457f,2024-04-01,track,28.17032967032967
179d97494603457f,2024-05-01,artist,37.24516129032258
179d97494603457f,2024-05-01,track,26.606451612903225
179d97494603457f,2024-06-01,artist,48.42465753424658
179d97494603457f,2024-06-01,track,40.61643835616438
179d97494603457f,2024-07-01,artist,53.994818652849744
179d97494603457f,2024-07-01,track,46.9119170984456
179d97494603457f,2024-08-01,artist,52.32710280373832
179d97494603457f,2024-08-01,track,40.73831775700935
179d97494603457f,2024-09-01,artist,46.65151515151515
179d97494603457f,2024-09-01,track,32.41353383458647
179d97494603457f,2024-10-01,artist,51.8235294117647
179d97494603457f,2024-10-01,track,43.101604278074866
179d97494603457f,2024-11-01,artist,46.2027972027972
179d97494603457f,2024-11-01,track,35.6993006993007
179d97494603457f,2024-12-01,artist,50.16111111111111
179d97494603457f,2024-12-01,track,30.255555555555556
179d97494603457f,2025-01-01,artist,54.87603305785124
179d97494603457f,2025-01-01,track,38.925619834710744
179d97494603457f,2025-02-01,artist,51.92219020172911
179d97494603457f,2025-02-01,track,37.28242074927954
179d97494603457f,2025-03-01,artist,42.24812030075188
179d97494603457f,2025-03-01,track,30.398496240601503
1e2e44dad56e626f,2019-10-01,artist,57.737451737451735
1e2e44dad56e626f,2019-10-01,track,28.574525745257453
1e2e44dad56e626f,2019-10-01 00:00:00,artist,57.737451737451735
1e2e44dad56e626f,2019-10-01 00:00:00,track,28.574525745257453
1e2e44dad56e626f,2019-11-01,artist,60.24022346368715
1e2e44dad56e626f,2019-11-01,track,37.784463894967175
1e2e44dad56e626f,2019-11-01 00:00:00,artist,60.24022346368715
1e2e44dad56e626f,2019-11-01 00:00:00,track,37.784463894967175
1e2e44dad56e626f,2019-12-01,artist,67.69905956112852
1e2e44dad56e626f,2019-12-01,track,45.80536912751678
1e2e44dad56e626f,2019-12-01 00:00:00,artist,67.69905956112852
1e2e44dad56e626f,2019-12-01 00:00:00,track,45.80536912751678
1e2e44dad56e626f,2020-01-01,artist,66.61509433962264
1e2e44dad56e626f,2020-01-01,track,48.13116883116883
1e2e44dad56e626f,2020-01-01 00:00:00,artist,66.61509433962264
1e2e44dad56e626f,2020-01-01 00:00:00,track,48.13116883116883
1e2e44dad56e626f,2020-02-01,artist,68.12916666666666
1e2e44dad56e626f,2020-02-01,track,55.28962818003914
1e2e44dad56e626f,2020-02-01 00:00:00,artist,68.12916666666666
1e2e44dad56e626f,2020-02-01 00:00:00,track,55.28962818003914
1e2e44dad56e626f,2020-03-01,artist,64.55
1e2e44dad56e626f,2020-03-01,track,40.67460317460318
1e2e44dad56e626f,2020-03-01 00:00:00,artist,64.55
1e2e44dad56e626f,2020-03-01 00:00:00,track,40.67460317460318
1e2e44dad56e626f,2020-04-01,artist,72.03846153846153
1e2e44dad56e626f,2020-04-01,track,45.32478632478632
1e2e44dad56e626f,2020-04-01 00:00:00,artist,72.03846153846153
1e2e44dad56e626f,2020-04-01 00:00:00,track,45.32478632478632
1e2e44dad56e626f,2020-05-01,artist,70.16793893129771
1e2e44dad56e626f,2020-05-01,track,40.190661478599225
1e2e44dad56e626f,2020-05-01 00:00:00,artist,70.16793893129771
1e2e44dad56e626f,2020-05-01 00:00:00,track,40.190661478599225
1e2e44dad56e626f,2020-06-01,artist,68.53053435114504
1e2e44dad56e626f,2020-06-01,track,41.17149220489978
1e2e44dad56e626f,2020-06-01 00:00:00,artist,68.53053435114504
1e2e44dad56e626f,2020-06-01 00:00:00,track,41.17149220489978
1e2e44dad56e626f,2020-07-01,artist,68.02203856749311
1e2e44dad56e626f,2020-07-01,track,46.183076923076925
1e2e44dad56e626f,2020-07-01 00:00:00,artist,68.02203856749311
1e2e44dad56e626f,2020-07-01 00:00:00,track,46.183076923076925
1e2e44dad56e626f,2020-08-01,artist,69.18050541516246
1e2e44dad56e626f,2020-08-01,track,42.974708171206224
1e2e44dad56e626f,2020-08-01 00:00:00,artist,69.18050541516246
1e2e44dad56e626f,2020-08-01 00:00:00,track,42.974708171206224
1e2e44dad56e626f,2020-09-01,artist,65.50806451612904
1e2e44dad56e626f,2020-09-01,track,48.21028037383178
1e2e44dad56e626f,2020-09-01 00:00:00,artist,65.50806451612904
1e2e44dad56e626f,2020-09-01 00:00:00,track,48.21028037383178
1e2e44dad56e626f,2020-10-01,artist,69.85865724381625
1e2e44dad56e626f,2020-10-01,track,47.80070546737213
1e2e44dad56e626f,2020-10-01 00:00:00,artist,69.85865724381625
1e2e44dad56e626f,2020-10-01 00:00:00,track,47.80070546737213
1e2e44dad56e626f,2020-11-01,artist,74.52370203160271
1e2e44dad56e626f,2020-11-01,track,50.36031927023945
1e2e44dad56e626f,2020-11-01 00:00:00,artist,74.52370203160271
1e2e44dad56e626f,2020-11-01 00:00:00,track,50.36031927023945
1e2e44dad56e626f,2020-12-01,artist,74.40604026845638
1e2e44dad56e626f,2020-12-01,track,47.75856164383562
1e2e44dad56e626f,2020-12-01 00:00:00,artist,74.40604026845638
1e2e44dad56e626f,2020-12-01 00:00:00,track,47.75856164383562
1e2e44dad56e626f,2021-01-01,artist,71.89506172839506
1e2e44dad56e626f,2021-01-01,track,44.47987616099071
1e2e44dad56e626f,2021-01-01 00:00:00,artist,71.89506172839506
1e2e44dad56e626f,2021-01-01 00:00:00,track,44.47987616099071
1e2e44dad56e626f,2021-02-01,artist,78.98326359832636
1e2e44dad56e626f,2021-02-01,track,53.02696078431372
1e2e44dad56e626f,2021-02-01 00:00:00,artist,78.98326359832636
1e2e44dad56e626f,2021-02-01 00:00:00,track,53.02696078431372
1e2e44dad56e626f,2021-03-01,artist,80.99270072992701
1e2e44dad56e626f,2021-03-01,track,54.65686274509804
1e2e44dad56e626f,2021-03-01 00:00:00,artist,80.99270072992701
1e2e44dad56e626f,2021-03-01 00:00:00,track,54.65686274509804
1e2e44dad56e626f,2021-04-01,artist,67.80421686746988
1e2e44dad56e626f,2021-04-01,track,39.81584158415841
1e2e44dad56e626f,2021-04-01 00:00:00,artist,67.80421686746988
1e2e44dad56e626f,2021-04-01 00:00:00,track,39.81584158415841
1e2e44dad56e626f,2021-05-01,artist,71.23913043478261
1e2e44dad56e626f,2021-05-01,track,41.116402116402114
1e2e44dad56e626f,2021-05-01 00:00:00,artist,71.23913043478261
1e2e44dad56e626f,2021-05-01 00:00:00,track,41.116402116402114
1e2e44dad56e626f,2021-06-01,artist,84.1025641025641
1e2e44dad56e626f,2021-06-01,track,49.506702412868634
1e2e44dad56e626f,2021-06-01 00:00:00,artist,84.1025641025641
1e2e44dad56e626f,2021-06-01 00:00:00,track,49.506702412868634
1e2e44dad56e626f,2021-07-01,artist,73.15686274509804
1e2e44dad56e626f,2021-07-01,track,33.25167785234899
1e2e44dad56e626f,2021-07-01 00:00:00,artist,73.15686274509804
1e2e44dad56e626f,2021-07-01 00:00:00,track,33.25167785234899
1e2e44dad56e626f,2021-08-01,artist,80.42105263157895
1e2e44dad56e626f,2021-08-01,track,44.37068965517241
1e2e44dad56e626f,2021-08-01 00:00:00,artist,80.42105263157895
1e2e44dad56e626f,2021-08-01 00:00:00,track,44.37068965517241
1e2e44dad56e626f,2021-09-01,artist,83.6554054054054
1e2e44dad56e626f,2021-09-01,track,47.986338797814206
1e2e44dad56e626f,2021-09-01 00:00:00,artist,83.6554054054054
1e2e44dad56e626f,2021-09-01 00:00:00,track,47.986338797814206
1e2e44dad56e626f,2021-10-01,artist,69.77157360406092
1e2e44dad56e626f,2021-10-01,track,36.7420814479638
1e2e44dad56e626f,2021-10-01 00:00:00,artist,69.77157360406092
1e2e44dad56e626f,2021-10-01 00:00:00,track,36.7420814479638
1e2e44dad56e626f,2021-11-01,artist,96.57335907335909
1e2e44dad56e626f,2021-11-01,track,68.11324376199616
1e2e44dad56e626f,2021-11-01 00:00:00,artist,96.57335907335909
1e2e44dad56e626f,2021-11-01 00:00:00,track,68.11324376199616
1e2e44dad56e626f,2021-12-01,artist,93.47130242825608
1e2e44dad56e626f,2021-12-01,track,63.29258098223615
1e2e44dad56e626f,2021-12-01 00:00:00,artist,93.47130242825608
1e2e44dad56e626f,2021-12-01 00:00:00,track,63.29258098223615
1e2e44dad56e626f,2022-01-01,artist,93.23768115942028
1e2e44dad56e626f,2022-01-01,track,67.76726342710998
1e2e44dad56e626f,2022-01-01 00:00:00,artist,93.23768115942028
1e2e44dad56e626f,2022-01-01 00:00:00,track,67.76726342710998
1e2e44dad56e626f,2022-02-01,artist,88.57307692307693
1e2e44dad56e626f,2022-02-01,track,62.883495145631066
1e2e44dad56e626f,2022-02-01 00:00:00,artist,88.57307692307693
1e2e44dad56e626f,2022-02-01 00:00:00,track,62.883495145631066
1e2e44dad56e626f,2022-03-01,artist,84.00841750841751
1e2e44dad56e626f,2022-03-01,track,59.15610510046368
1e2e44dad56e626f,2022-03-01 00:00:00,artist,84.00841750841751
1e2e44dad56e626f,2022-03-01 00:00:00,track,59.15610510046368
1e2e44dad56e626f,2022-04-01,artist,85.86390532544378
1e2e44dad56e626f,2022-04-01,track,56.493478260869566
1e2e44dad56e626f,2022-04-01 00:00:00,artist,85.86390532544378
1e2e44dad56e626f,2022-04-01 00:00:00,track,56.493478260869566
1e2e44dad56e626f,2022-05-01,artist,86.06542056074767
1e2e44dad56e626f,2022-05-01,track,62.335588633288225
1e2e44dad56e626f,2022-05-01 00:00:00,artist,86.06542056074767
1e2e44dad56e626f,2022-05-01 00:00:00,track,62.335588633288225
1e2e44dad56e626f,2022-06-01,artist,86.57585139318886
1e2e44dad56e626f,2022-06-01,track,62.52427184466019
1e2e44dad56e626f,2022-06-01 00:00:00,artist,86.57585139318886
1e2e44dad56e626f,2022-06-01 00:00:00,track,62.52427184466019
1e2e44dad56e626f,2022-07-01,artist,80.94127957931639
1e2e44dad56e626f,2022-07-01,track,59.46826222684703
1e2e44dad56e626f,2022-07-01 00:00:00,artist,80.94127957931639
1e2e44dad56e626f,2022-07-01 00:00:00,track,59.46826222684703
1e2e44dad56e626f,2022-08-01,artist,78.6256038647343
1e2e44dad56e626f,2022-08-01,track,54.59109311740891
1e2e44dad56e626f,2022-08-01 00:00:00,artist,78.6256038647343
1e2e44dad56e626f,2022-08-01 00:00:00,track,54.59109311740891
1e2e44dad56e626f,2022-09-01,artist,79.58823529411765
1e2e44dad56e626f,2022-09-01,track,55.19599427753934
1e2e44dad56e626f,2022-09-01 00:00:00,artist,79.58823529411765
1e2e44dad56e626f,2022-09-01 00:00:00,track,55.19599427753934
1e2e44dad56e626f,2022-10-01,artist,86.34126984126983
1e2e44dad56e626f,2022-10-01,track,56.31121833534379
1e2e44dad56e626f,2022-10-01 00:00:00,artist,86.34126984126983
1e2e44dad56e626f,2022-10-01 00:00:00,track,56.31121833534379
1e2e44dad56e626f,2022-11-01,artist,90.2390977443609
1e2e44dad56e626f,2022-11-01,track,56.24939467312349
1e2e44dad56e626f,2022-11-01 00:00:00,artist,90.2390977443609
1e2e44dad56e626f,2022-11-01 00:00:00,track,56.24939467312349
1e2e44dad56e626f,2022-12-01,artist,85.30081300813008
1e2e44dad56e626f,2022-12-01,track,50.90378006872852
1e2e44dad56e626f,2022-12-01 00:00:00,artist,85.30081300813008
1e2e44dad56e626f,2022-12-01 00:00:00,track,50.90378006872852
1e2e44dad56e626f,2023-01-01,artist,83.07628865979382
1e2e44dad56e626f,2023-01-01,track,54.927083333333336
1e2e44dad56e626f,2023-01-01 00:00:00,artist,83.07628865979382
1e2e44dad56e626f,2023-01-01 00:00:00,track,54.927083333333336
1e2e44dad56e626f,2023-02-01,artist,89.06896551724138
1e2e44dad56e626f,2023-02-01,track,56.59111791730475
1e2e44dad56e626f,2023-02-01 00:00:00,artist,89.06896551724138
1e2e44dad56e626f,2023-02-01 00:00:00,track,56.59111791730475
1e2e44dad56e626f,2023-03-01,artist,90.21138211382114
1e2e44dad56e626f,2023-03-01,track,49.64173228346457
1e2e44dad56e626f,2023-03-01 00:00:00,artist,90.21138211382114
1e2e44dad56e626f,2023-03-01 00:00:00,track,49.64173228346457
1e2e44dad56e626f,2023-04-01,artist,90.46778042959428
1e2e44dad56e626f,2023-04-01,track,59.24521072796935
1e2e44dad56e626f,2023-04-01 00:00:00,artist,90.46778042959428
1e2e44dad56e626f,2023-04-01 00:00:00,track,59.24521072796935
1e2e44dad56e626f,2023-05-01,artist,82.8375
1e2e44dad56e626f,2023-05-01,track,56.200652528548126
1e2e44dad56e626f,2023-05-01 00:00:00,artist,82.8375
1e2e44dad56e626f,2023-05-01 00:00:00,track,56.200652528548126
1e2e44dad56e626f,2023-06-01,artist,94.38155136268344
1e2e44dad56e626f,2023-06-01,track,52.22179974651458
1e2e44dad56e626f,2023-06-01 00:00:00,artist,94.38155136268344
1e2e44dad56e626f,2023-06-01 00:00:00,track,52.22179974651458
1e2e44dad56e626f,2023-07-01,artist,91.232741617357
1e2e44dad56e626f,2023-07-01,track,56.90358126721763
1e2e44dad56e626f,2023-07-01 00:00:00,artist,91.232741617357
1e2e44dad56e626f,2023-07-01 00:00:00,track,56.90358126721763
1e2e44dad56e626f,2023-08-01,artist,88.44250871080139
1e2e44dad56e626f,2023-08-01,track,53.94747899159664
1e2e44dad56e626f,2023-08-01 00:00:00,artist,88.44250871080139
1e2e44dad56e626f,2023-08-01 00:00:00,track,53.94747899159664
1e2e44dad56e626f,2023-09-01,artist,91.62777777777778
1e2e44dad56e626f,2023-09-01,track,59.841874084919475
1e2e44dad56e626f,2023-09-01 00:00:00,artist,91.62777777777778
1e2e44dad56e626f,2023-09-01 00:00:00,track,59.841874084919475
1e2e44dad56e626f,2023-10-01,artist,89.79777070063695
1e2e44dad56e626f,2023-10-01,track,60.40235910878113
1e2e44dad56e626f,2023-10-01 00:00:00,artist,89.79777070063695
1e2e44dad56e626f,2023-10-01 00:00:00,track,60.40235910878113
1e2e44dad56e626f,2023-11-01,artist,87.36435643564356
1e2e44dad56e626f,2023-11-01,track,59.04485049833887
1e2e44dad56e626f,2023-11-01 00:00:00,artist,87.36435643564356
1e2e44dad56e626f,2023-11-01 00:00:00,track,59.04485049833887
1e2e44dad56e626f,2023-12-01,artist,88.64363636363636
1e2e44dad56e626f,2023-12-01,track,60.662460567823345
1e2e44dad56e626f,2023-12-01 00:00:00,artist,88.64363636363636
1e2e44dad56e626f,2023-12-01 00:00:00,track,60.662460567823345
1e2e44dad56e626f,2024-01-01,artist,82.3048780487805
1e2e44dad56e626f,2024-01-01,track,59.66541353383459
1e2e44dad56e626f,2024-01-01 00:00:00,artist,82.3048780487805
1e2e44dad56e626f,2024-01-01 00:00:00,track,59.66541353383459
1e2e44dad56e626f,2024-02-01,artist,69.03734439834025
1e2e44dad56e626f,2024-02-01,track,60.46264367816092
1e2e44dad56e626f,2024-02-01 00:00:00,artist,69.03734439834025
1e2e44dad56e626f,2024-02-01 00:00:00,track,60.46264367816092
1e2e44dad56e626f,2024-03-01,artist,82.5813953488372
1e2e44dad56e626f,2024-03-01,track,58.04288499025341
1e2e44dad56e626f,2024-03-01 00:00:00,artist,82.5813953488372
1e2e44dad56e626f,2024-03-01 00:00:00,track,58.04288499025341
1e2e44dad56e626f,2024-04-01,artist,94.60123456790124
1e2e44dad56e626f,2024-04-01,track,62.04994686503719
1e2e44dad56e626f,2024-04-01 00:00:00,artist,94.60123456790124
1e2e44dad56e626f,2024-04-01 00:00:00,track,62.04994686503719
1e2e44dad56e626f,2024-05-01,artist,96.26971608832808
1e2e44dad56e626f,2024-05-01,track,67.94349540078844
1e2e44dad56e626f,2024-05-01 00:00:00,artist,96.26971608832808
1e2e44dad56e626f,2024-05-01 00:00:00,track,67.94349540078844
1e2e44dad56e626f,2024-06-01,artist,95.35966386554622
1e2e44dad56e626f,2024-06-01,track,72.89272503082614
1e2e44dad56e626f,2024-06-01 00:00:00,artist,95.35966386554622
1e2e44dad56e626f,2024-06-01 00:00:00,track,72.89272503082614
1e2e44dad56e626f,2024-07-01,artist,89.77850877192982
1e2e44dad56e626f,2024-07-01,track,70.76470588235294
1e2e44dad56e626f,2024-07-01 00:00:00,artist,89.77850877192982
1e2e44dad56e626f,2024-07-01 00:00:00,track,70.76470588235294
1e2e44dad56e626f,2024-08-01,artist,85.61538461538461
1e2e44dad56e626f,2024-08-01,track,66.76936316695353
1e2e44dad56e626f,2024-08-01 00:00:00,artist,85.61538461538461
1e2e44dad56e626f,2024-08-01 00:00:00,track,66.76936316695353
1e2e44dad56e626f,2024-09-01,artist,65.38810483870968
1e2e44dad56e626f,2024-09-01,track,58.026022304832715
1e2e44dad56e626f,2024-09-01 00:00:00,artist,65.38810483870968
1e2e44dad56e626f,2024-09-01 00:00:00,track,58.026022304832715
1e2e44dad56e626f,2024-10-01,artist,77.18021201413427
1e2e44dad56e626f,2024-10-01,track,58.06959706959707
1e2e44dad56e626f,2024-10-01 00:00:00,artist,77.18021201413427
1e2e44dad56e626f,2024-10-01 00:00:00,track,58.06959706959707
1e2e44dad56e626f,2024-11-01,artist,86.67493112947659
1e2e44dad56e626f,2024-11-01,track,67.80783582089552
1e2e44dad56e626f,2024-11-01 00:00:00,artist,86.67493112947659
1e2e44dad56e626f,2024-11-01 00:00:00,track,67.80783582089552
1e2e44dad56e626f,2024-12-01,artist,82.04069767441861
1e2e44dad56e626f,2024-12-01,track,61.41737891737892
1e2e44dad56e626f,2024-12-01 00:00:00,artist,82.04069767441861
1e2e44dad56e626f,2024-12-01 00:00:00,track,61.41737891737892
1e2e44dad56e626f,2025-01-01,artist,79.46046511627907
1e2e44dad56e626f,2025-01-01,track,60.18757921419518
1e2e44dad56e626f,2025-01-01 00:00:00,artist,79.46046511627907
1e2e44dad56e626f,2025-01-01 00:00:00,track,60.18757921419518
1e2e44dad56e626f,2025-02-01,artist,82.9090909090909
1e2e44dad56e626f,2025-02-01,track,63.05383734249714
1e2e44dad56e626f,2025-02-01 00:00:00,artist,82.9090909090909
1e2e44dad56e626f,2025-02-01 00:00:00,track,63.05383734249714
1e2e44dad56e626f,2025-03-01,artist,80.8340425531915
1e2e44dad56e626f,2025-03-01,track,63.54496402877698
1e2e44dad56e626f,2025-03-01 00:00:00,artist,80.8340425531915
1e2e44dad56e626f,2025-03-01 00:00:00,track,63.54496402877698
1e2e44dad56e626f,2025-04-01,artist,79.33009708737865
1e2e44dad56e626f,2025-04-01,track,63.80896226415094
1e2e44dad56e626f,2025-04-01 00:00:00,artist,79.33009708737865
1e2e44dad56e626f,2025-04-01 00:00:00,track,63.80896226415094
1e2e44dad56e626f,2025-05-01,artist,82.7396449704142
1e2e44dad56e626f,2025-05-01,track,64.56547619047619
1e2e44dad56e626f,2025-05-01 00:00:00,artist,82.7396449704142
1e2e44dad56e626f,2025-05-01 00:00:00,track,64.56547619047619
b5540681352e06ac,2009-07-01,artist,0.3333333333333333
b5540681352e06ac,2009-07-01,track,0.0
b5540681352e06ac,2009-07-01 00:00:00,artist,0.3333333333333333
b5540681352e06ac,2009-07-01 00:00:00,track,0.0
b5540681352e06ac,2009-08-01,artist,10.0
b5540681352e06ac,2009-08-01,track,0.0
b5540681352e06ac,2009-08-01 00:00:00,artist,10.0
b5540681352e06ac,2009-08-01 00:00:00,track,0.0
b5540681352e06ac,2009-12-01,artist,21.5
b5540681352e06ac,2009-12-01,track,0.0
b5540681352e06ac,2009-12-01 00:00:00,artist,21.5
b5540681352e06ac,2009-12-01 00:00:00,track,0.0
b5540681352e06ac,2010-02-01,artist,54.0
b5540681352e06ac,2010-02-01,track,0.0
b5540681352e06ac,2010-02-01 00:00:00,artist,54.0
b5540681352e06ac,2010-02-01 00:00:00,track,0.0
b5540681352e06ac,2010-07-01,artist,65.44444444444444
b5540681352e06ac,2010-07-01,track,24.362903225806452
b5540681352e06ac,2010-07-01 00:00:00,artist,65.44444444444444
b5540681352e06ac,2010-07-01 00:00:00,track,24.362903225806452
b5540681352e06ac,2010-08-01,artist,64.25333333333333
b5540681352e06ac,2010-08-01,track,14.143790849673202
b5540681352e06ac,2010-08-01 00:00:00,artist,64.25333333333333
b5540681352e06ac,2010-08-01 00:00:00,track,14.143790849673202
b5540681352e06ac,2010-09-01,artist,65.34782608695652
b5540681352e06ac,2010-09-01,track,14.641509433962264
b5540681352e06ac,2010-09-01 00:00:00,artist,65.34782608695652
b5540681352e06ac,2010-09-01 00:00:00,track,14.641509433962264
b5540681352e06ac,2010-10-01,artist,65.08695652173913
b5540681352e06ac,2010-10-01,track,14.12
b5540681352e06ac,2010-10-01 00:00:00,artist,65.08695652173913
b5540681352e06ac,2010-10-01 00:00:00,track,14.12
b5540681352e06ac,2010-11-01,artist,56.0
b5540681352e06ac,2010-11-01,track,0.0
b5540681352e06ac,2010-11-01 00:00:00,artist,56.0
b5540681352e06ac,2010-11-01 00:00:00,track,0.0
b5540681352e06ac,2011-04-01,artist,66.87142857142857
b5540681352e06ac,2011-04-01,track,21.013071895424837
b5540681352e06ac,2011-04-01 00:00:00,artist,66.87142857142857
b5540681352e06ac,2011-04-01 00:00:00,track,21.013071895424837
b5540681352e06ac,2011-05-01,artist,55.38709677419355
b5540681352e06ac,2011-05-01,track,16.510416666666668
b5540681352e06ac,2011-05-01 00:00:00,artist,55.38709677419355
b5540681352e06ac,2011-05-01 00:00:00,track,16.510416666666668
b5540681352e06ac,2011-07-01,artist,50.333333333333336
b5540681352e06ac,2011-07-01,track,8.4375
b5540681352e06ac,2011-07-01 00:00:00,artist,29.0
b5540681352e06ac,2011-07-01 00:00:00,track,11.5
b5540681352e06ac,2011-08-01,artist,58.4
b5540681352e06ac,2011-08-01,track,4.8
b5540681352e06ac,2011-08-01 00:00:00,artist,29.0
b5540681352e06ac,2011-08-01 00:00:00,track,0.0
b5540681352e06ac,2011-12-01,artist,57.0
b5540681352e06ac,2011-12-01,track,9.8
b5540681352e06ac,2011-12-01 00:00:00,artist,51.75
b5540681352e06ac,2011-12-01 00:00:00,track,12.25
b5540681352e06ac,2014-10-01,artist,74.44444444444444
b5540681352e06ac,2014-10-01,track,26.228070175438596
b5540681352e06ac,2014-10-01 00:00:00,artist,74.44444444444444
b5540681352e06ac,2014-10-01 00:00:00,track,26.228070175438596
b5540681352e06ac,2014-11-01,artist,47.625
b5540681352e06ac,2014-11-01,track,3.56
b5540681352e06ac,2014-11-01 00:00:00,artist,45.63157894736842
b5540681352e06ac,2014-11-01 00:00:00,track,4.4
b5540681352e06ac,2014-12-01,artist,72.71875
b5540681352e06ac,2014-12-01,track,26.37142857142857
b5540681352e06ac,2014-12-01 00:00:00,artist,72.61290322580645
b5540681352e06ac,2014-12-01 00:00:00,track,26.235294117647054
b5540681352e06ac,2015-05-01,artist,36.5
b5540681352e06ac,2015-05-01,track,0.8181818181818182
b5540681352e06ac,2015-05-01 00:00:00,artist,36.5
b5540681352e06ac,2015-05-01 00:00:00,track,0.8181818181818182
b5540681352e06ac,2016-08-01,artist,68.79166666666667
b5540681352e06ac,2016-08-01,track,20.49180327868853
b5540681352e06ac,2016-08-01 00:00:00,artist,73.48
b5540681352e06ac,2016-08-01 00:00:00,track,12.08108108108108
b5540681352e06ac,2016-09-01,artist,78.4795918367347
b5540681352e06ac,2016-09-01,track,35.974137931034484
b5540681352e06ac,2016-09-01 00:00:00,artist,79.20430107526882
b5540681352e06ac,2016-09-01 00:00:00,track,38.44444444444444
b5540681352e06ac,2016-10-01,artist,73.22727272727273
b5540681352e06ac,2016-10-01,track,27.585365853658537
b5540681352e06ac,2016-10-01 00:00:00,artist,73.55932203389831
b5540681352e06ac,2016-10-01 00:00:00,track,33.67164179104478
b5540681352e06ac,2016-11-01,artist,63.07826086956522
b5540681352e06ac,2016-11-01,track,31.34375
b5540681352e06ac,2016-11-01 00:00:00,artist,62.6078431372549
b5540681352e06ac,2016-11-01 00:00:00,track,31.73636363636364
b5540681352e06ac,2016-12-01,artist,53.24590163934426
b5540681352e06ac,2016-12-01,track,25.584615384615383
b5540681352e06ac,2016-12-01 00:00:00,artist,53.1
b5540681352e06ac,2016-12-01 00:00:00,track,29.150943396226417
b5540681352e06ac,2017-01-01,artist,62.43790849673203
b5540681352e06ac,2017-01-01,track,30.45614035087719
b5540681352e06ac,2017-01-01 00:00:00,artist,61.77049180327869
b5540681352e06ac,2017-01-01 00:00:00,track,32.07462686567164
b5540681352e06ac,2017-02-01,artist,72.95614035087719
b5540681352e06ac,2017-02-01,track,37.82644628099174
b5540681352e06ac,2017-02-01 00:00:00,artist,72.94318181818181
b5540681352e06ac,2017-02-01 00:00:00,track,40.637362637362635
b5540681352e06ac,2017-03-01,artist,69.34328358208955
b5540681352e06ac,2017-03-01,track,35.06707317073171
b5540681352e06ac,2017-03-01 00:00:00,artist,67.92380952380952
b5540681352e06ac,2017-03-01 00:00:00,track,34.12
b5540681352e06ac,2017-04-01,artist,70.88613861386139
b5540681352e06ac,2017-04-01,track,35.0045871559633
b5540681352e06ac,2017-04-01 00:00:00,artist,68.10119047619048
b5540681352e06ac,2017-04-01 00:00:00,track,32.09550561797753
b5540681352e06ac,2017-05-01,artist,62.892857142857146
b5540681352e06ac,2017-05-01,track,29.09803921568627
b5540681352e06ac,2017-05-01 00:00:00,artist,61.82178217821782
b5540681352e06ac,2017-05-01 00:00:00,track,29.10091743119266
b5540681352e06ac,2017-06-01,artist,58.507462686567166
b5540681352e06ac,2017-06-01,track,27.328767123287673
b5540681352e06ac,2017-06-01 00:00:00,artist,63.0
b5540681352e06ac,2017-06-01 00:00:00,track,25.434782608695652
b5540681352e06ac,2017-07-01,artist,61.86344537815126
b5540681352e06ac,2017-07-01,track,23.22222222222222
b5540681352e06ac,2017-07-01 00:00:00,artist,61.529550827423165
b5540681352e06ac,2017-07-01 00:00:00,track,21.22907488986784
b5540681352e06ac,2017-08-01,artist,72.6012084592145
b5540681352e06ac,2017-08-01,track,5.099099099099099
b5540681352e06ac,2017-08-01 00:00:00,artist,72.01438848920863
b5540681352e06ac,2017-08-01 00:00:00,track,3.899641577060932
b5540681352e06ac,2017-09-01,artist,64.92105263157895
b5540681352e06ac,2017-09-01,track,18.226993865030675
b5540681352e06ac,2017-09-01 00:00:00,artist,64.3671875
b5540681352e06ac,2017-09-01 00:00:00,track,20.217054263565892
b5540681352e06ac,2017-10-01,artist,64.34640522875817
b5540681352e06ac,2017-10-01,track,14.858895705521473
b5540681352e06ac,2017-10-01 00:00:00,artist,68.37391304347825
b5540681352e06ac,2017-10-01 00:00:00,track,16.610169491525422
b5540681352e06ac,2017-11-01,artist,71.64925373134328
b5540681352e06ac,2017-11-01,track,14.782608695652174
b5540681352e06ac,2017-11-01 00:00:00,artist,72.1938775510204
b5540681352e06ac,2017-11-01 00:00:00,track,10.815533980582524
b5540681352e06ac,2017-12-01,artist,62.19291338582677
b5540681352e06ac,2017-12-01,track,15.13127413127413
b5540681352e06ac,2017-12-01 00:00:00,artist,62.15568862275449
b5540681352e06ac,2017-12-01 00:00:00,track,14.93529411764706
b5540681352e06ac,2018-01-01,artist,65.05172413793103
b5540681352e06ac,2018-01-01,track,14.013333333333334
b5540681352e06ac,2018-01-01 00:00:00,artist,64.97435897435898
b5540681352e06ac,2018-01-01 00:00:00,track,15.7
b5540681352e06ac,2018-02-01,artist,47.42
b5540681352e06ac,2018-02-01,track,17.47761194029851
b5540681352e06ac,2018-02-01 00:00:00,artist,44.666666666666664
b5540681352e06ac,2018-02-01 00:00:00,track,21.761904761904763
b5540681352e06ac,2018-03-01,artist,52.922330097087375
b5540681352e06ac,2018-03-01,track,15.797619047619047
b5540681352e06ac,2018-03-01 00:00:00,artist,51.95555555555555
b5540681352e06ac,2018-03-01 00:00:00,track,15.493150684931509
b5540681352e06ac,2018-04-01,artist,50.180851063829785
b5540681352e06ac,2018-04-01,track,17.55056179775281
b5540681352e06ac,2018-04-01 00:00:00,artist,50.73170731707317
b5540681352e06ac,2018-04-01 00:00:00,track,17.5609756097561
b5540681352e06ac,2018-05-01,artist,60.3
b5540681352e06ac,2018-05-01,track,25.102941176470587
b5540681352e06ac,2018-05-01 00:00:00,artist,56.666666666666664
b5540681352e06ac,2018-05-01 00:00:00,track,22.15625
b5540681352e06ac,2018-06-01,artist,61.98550724637681
b5540681352e06ac,2018-06-01,track,26.89041095890411
b5540681352e06ac,2018-06-01 00:00:00,artist,62.3469387755102
b5540681352e06ac,2018-06-01 00:00:00,track,32.34615384615385
b5540681352e06ac,2018-07-01,artist,63.38461538461539
b5540681352e06ac,2018-07-01,track,32.93835616438356
b5540681352e06ac,2018-07-01 00:00:00,artist,63.77777777777778
b5540681352e06ac,2018-07-01 00:00:00,track,25.373626373626372
b5540681352e06ac,2018-08-01,artist,55.97029702970297
b5540681352e06ac,2018-08-01,track,14.284403669724773
b5540681352e06ac,2018-08-01 00:00:00,artist,53.76056338028169
b5540681352e06ac,2018-08-01 00:00:00,track,12.802631578947368
b5540681352e06ac,2018-09-01,artist,56.45454545454545
b5540681352e06ac,2018-09-01,track,14.776470588235297
b5540681352e06ac,2018-09-01 00:00:00,artist,56.26086956521739
b5540681352e06ac,2018-09-01 00:00:00,track,12.115384615384617
b5540681352e06ac,2018-10-01,artist,76.71875
b5540681352e06ac,2018-10-01,track,41.794117647058826
b5540681352e06ac,2018-10-01 00:00:00,artist,68.2
b5540681352e06ac,2018-10-01 00:00:00,track,30.666666666666668
b5540681352e06ac,2018-12-01,artist,72.0
b5540681352e06ac,2018-12-01,track,23.5
b5540681352e06ac,2018-12-01 00:00:00,artist,
b5540681352e06ac,2018-12-01 00:00:00,track,
b5540681352e06ac,2019-01-01,artist,56.88095238095238
b5540681352e06ac,2019-01-01,track,2.797752808988764
b5540681352e06ac,2019-01-01 00:00:00,artist,56.35849056603774
b5540681352e06ac,2019-01-01 00:00:00,track,2.25
b5540681352e06ac,2019-02-01,artist,53.720238095238095
b5540681352e06ac,2019-02-01,track,14.691919191919192
b5540681352e06ac,2019-02-01 00:00:00,artist,53.13008130081301
b5540681352e06ac,2019-02-01 00:00:00,track,16.58450704225352
b5540681352e06ac,2019-03-01,artist,62.389830508474574
b5540681352e06ac,2019-03-01,track,25.18840579710145
b5540681352e06ac,2019-03-01 00:00:00,artist,64.60526315789474
b5540681352e06ac,2019-03-01 00:00:00,track,29.32608695652174
b5540681352e06ac,2019-04-01,artist,50.80434782608695
b5540681352e06ac,2019-04-01,track,17.59504132231405
b5540681352e06ac,2019-04-01 00:00:00,artist,49.18867924528302
b5540681352e06ac,2019-04-01 00:00:00,track,16.84722222222222
b5540681352e06ac,2019-05-01,artist,57.51351351351352
b5540681352e06ac,2019-05-01,track,13.783505154639176
b5540681352e06ac,2019-05-01 00:00:00,artist,55.977777777777774
b5540681352e06ac,2019-05-01 00:00:00,track,14.568627450980392
b5540681352e06ac,2019-06-01,artist,59.20454545454545
b5540681352e06ac,2019-06-01,track,31.242603550295858
b5540681352e06ac,2019-06-01 00:00:00,artist,58.471698113207545
b5540681352e06ac,2019-06-01 00:00:00,track,32.05982905982906
b5540681352e06ac,2019-07-01,artist,59.9
b5540681352e06ac,2019-07-01,track,26.54201680672269
b5540681352e06ac,2019-07-01 00:00:00,artist,59.47260273972603
b5540681352e06ac,2019-07-01 00:00:00,track,27.45212765957447
b5540681352e06ac,2019-08-01,artist,58.43852459016394
b5540681352e06ac,2019-08-01,track,38.025270758122744
b5540681352e06ac,2019-08-01 00:00:00,artist,57.476190476190474
b5540681352e06ac,2019-08-01 00:00:00,track,39.02597402597402
b5540681352e06ac,2019-09-01,artist,70.31182795698925
b5540681352e06ac,2019-09-01,track,41.72555205047318
b5540681352e06ac,2019-09-01 00:00:00,artist,69.9656652360515
b5540681352e06ac,2019-09-01 00:00:00,track,43.06949806949807
b5540681352e06ac,2019-10-01,artist,61.57297297297297
b5540681352e06ac,2019-10-01,track,24.037815126050425
b5540681352e06ac,2019-10-01 00:00:00,artist,61.57037037037037
b5540681352e06ac,2019-10-01 00:00:00,track,24.31645569620253
b5540681352e06ac,2019-11-01,artist,66.65816326530613
b5540681352e06ac,2019-11-01,track,33.83773584905661
b5540681352e06ac,2019-11-01 00:00:00,artist,66.29677419354839
b5540681352e06ac,2019-11-01 00:00:00,track,33.609756097560975
b5540681352e06ac,2019-12-01,artist,65.75903614457832
b5540681352e06ac,2019-12-01,track,22.549180327868857
b5540681352e06ac,2019-12-01 00:00:00,artist,66.36538461538461
b5540681352e06ac,2019-12-01 00:00:00,track,26.681818181818183
b5540681352e06ac,2020-01-01,artist,58.560810810810814
b5540681352e06ac,2020-01-01,track,27.54950495049505
b5540681352e06ac,2020-01-01 00:00:00,artist,58.86178861788618
b5540681352e06ac,2020-01-01 00:00:00,track,30.33103448275862
b5540681352e06ac,2020-02-01,artist,63.57692307692308
b5540681352e06ac,2020-02-01,track,20.939393939393938
b5540681352e06ac,2020-02-01 00:00:00,artist,63.130434782608695
b5540681352e06ac,2020-02-01 00:00:00,track,31.366666666666667
b5540681352e06ac,2020-03-01,artist,61.0
b5540681352e06ac,2020-03-01,track,16.333333333333332
b5540681352e06ac,2020-03-01 00:00:00,artist,61.0
b5540681352e06ac,2020-03-01 00:00:00,track,42.6
b5540681352e06ac,2020-04-01,artist,59.47863247863248
b5540681352e06ac,2020-04-01,track,35.78333333333333
b5540681352e06ac,2020-04-01 00:00:00,artist,59.73863636363637
b5540681352e06ac,2020-04-01 00:00:00,track,37.29213483146067
b5540681352e06ac,2020-05-01,artist,63.54545454545455
b5540681352e06ac,2020-05-01,track,26.8265306122449
b5540681352e06ac,2020-05-01 00:00:00,artist,61.65
b5540681352e06ac,2020-05-01 00:00:00,track,31.571428571428573
b5540681352e06ac,2020-06-01,artist,58.644444444444446
b5540681352e06ac,2020-06-01,track,36.13592233009709
b5540681352e06ac,2020-06-01 00:00:00,artist,59.58904109589041
b5540681352e06ac,2020-06-01 00:00:00,track,42.170731707317074
b5540681352e06ac,2020-07-01,artist,66.90425531914893
b5540681352e06ac,2020-07-01,track,32.598290598290596
b5540681352e06ac,2020-07-01 00:00:00,artist,65.15254237288136
b5540681352e06ac,2020-07-01 00:00:00,track,40.838235294117645
b5540681352e06ac,2020-08-01,artist,58.006211180124225
b5540681352e06ac,2020-08-01,track,31.444444444444443
b5540681352e06ac,2020-08-01 00:00:00,artist,56.86666666666667
b5540681352e06ac,2020-08-01 00:00:00,track,31.698529411764707
b5540681352e06ac,2020-09-01,artist,62.43609022556391
b5540681352e06ac,2020-09-01,track,28.979310344827585
b5540681352e06ac,2020-09-01 00:00:00,artist,59.47872340425532
b5540681352e06ac,2020-09-01 00:00:00,track,25.885416666666668
b5540681352e06ac,2020-10-01,artist,58.4270462633452
b5540681352e06ac,2020-10-01,track,33.41034482758621
b5540681352e06ac,2020-10-01 00:00:00,artist,58.414529914529915
b5540681352e06ac,2020-10-01 00:00:00,track,34.60084033613445
b5540681352e06ac,2020-11-01,artist,57.38260869565217
b5540681352e06ac,2020-11-01,track,34.066390041493776
b5540681352e06ac,2020-11-01 00:00:00,artist,57.77297297297297
b5540681352e06ac,2020-11-01 00:00:00,track,34.652849740932645
b5540681352e06ac,2020-12-01,artist,58.71641791044776
b5540681352e06ac,2020-12-01,track,33.264550264550266
b5540681352e06ac,2020-12-01 00:00:00,artist,58.85087719298246
b5540681352e06ac,2020-12-01 00:00:00,track,38.156716417910445
b5540681352e06ac,2021-01-01,artist,58.02040816326531
b5540681352e06ac,2021-01-01,track,32.30978260869565
b5540681352e06ac,2021-01-01 00:00:00,artist,56.56481481481482
b5540681352e06ac,2021-01-01 00:00:00,track,34.87301587301587
b5540681352e06ac,2021-02-01,artist,60.0
b5540681352e06ac,2021-02-01,track,30.34
b5540681352e06ac,2021-02-01 00:00:00,artist,59.41025641025641
b5540681352e06ac,2021-02-01 00:00:00,track,33.74545454545454
b5540681352e06ac,2021-03-01,artist,65.56521739130434
b5540681352e06ac,2021-03-01,track,37.45283018867924
b5540681352e06ac,2021-03-01 00:00:00,artist,61.44444444444444
b5540681352e06ac,2021-03-01 00:00:00,track,40.38709677419355
b5540681352e06ac,2021-04-01,artist,54.75
b5540681352e06ac,2021-04-01,track,35.16393442622951
b5540681352e06ac,2021-04-01 00:00:00,artist,55.67948717948718
b5540681352e06ac,2021-04-01 00:00:00,track,40.03174603174603
b5540681352e06ac,2021-05-01,artist,55.78225806451613
b5540681352e06ac,2021-05-01,track,36.976470588235294
b5540681352e06ac,2021-05-01 00:00:00,artist,54.63333333333333
b5540681352e06ac,2021-05-01 00:00:00,track,37.51239669421488
b5540681352e06ac,2021-06-01,artist,60.05982905982906
b5540681352e06ac,2021-06-01,track,31.296296296296298
b5540681352e06ac,2021-06-01 00:00:00,artist,59.51190476190476
b5540681352e06ac,2021-06-01 00:00:00,track,33.19130434782609
b5540681352e06ac,2021-07-01,artist,58.51807228915663
b5540681352e06ac,2021-07-01,track,44.95575221238938
b5540681352e06ac,2021-07-01 00:00:00,artist,58.77586206896552
b5540681352e06ac,2021-07-01 00:00:00,track,46.871428571428574
b5540681352e06ac,2021-08-01,artist,58.59090909090909
b5540681352e06ac,2021-08-01,track,28.8265306122449
b5540681352e06ac,2021-08-01 00:00:00,artist,59.08
b5540681352e06ac,2021-08-01 00:00:00,track,33.916666666666664
b5540681352e06ac,2021-09-01,artist,49.75961538461539
b5540681352e06ac,2021-09-01,track,26.311764705882354
b5540681352e06ac,2021-09-01 00:00:00,artist,51.903225806451616
b5540681352e06ac,2021-09-01 00:00:00,track,29.305263157894736
b5540681352e06ac,2021-10-01,artist,66.74468085106383
b5540681352e06ac,2021-10-01,track,16.58730158730159
b5540681352e06ac,2021-10-01 00:00:00,artist,65.0
b5540681352e06ac,2021-10-01 00:00:00,track,16.333333333333332
b5540681352e06ac,2021-11-01,artist,46.343283582089555
b5540681352e06ac,2021-11-01,track,13.422764227642276
b5540681352e06ac,2021-11-01 00:00:00,artist,50.766666666666666
b5540681352e06ac,2021-11-01 00:00:00,track,25.214285714285715
b5540681352e06ac,2021-12-01,artist,53.041666666666664
b5540681352e06ac,2021-12-01,track,14.517241379310343
b5540681352e06ac,2021-12-01 00:00:00,artist,60.6
b5540681352e06ac,2021-12-01 00:00:00,track,37.61538461538461
b5540681352e06ac,2022-01-01,artist,52.62068965517241
b5540681352e06ac,2022-01-01,track,11.923809523809524
b5540681352e06ac,2022-01-01 00:00:00,artist,53.76271186440678
b5540681352e06ac,2022-01-01 00:00:00,track,12.274193548387096
b5540681352e06ac,2022-02-01,artist,53.99
b5540681352e06ac,2022-02-01,track,20.643564356435643
b5540681352e06ac,2022-02-01 00:00:00,artist,56.357142857142854
b5540681352e06ac,2022-02-01 00:00:00,track,22.142857142857142
b5540681352e06ac,2022-03-01,artist,55.43529411764706
b5540681352e06ac,2022-03-01,track,24.072916666666668
b5540681352e06ac,2022-03-01 00:00:00,artist,49.95652173913044
b5540681352e06ac,2022-03-01 00:00:00,track,25.764705882352946
b5540681352e06ac,2022-04-01,artist,70.23809523809524
b5540681352e06ac,2022-04-01,track,30.725
b5540681352e06ac,2022-04-01 00:00:00,artist,71.0
b5540681352e06ac,2022-04-01 00:00:00,track,72.0
b5540681352e06ac,2022-05-01,artist,54.275
b5540681352e06ac,2022-05-01,track,2.0120481927710845
b5540681352e06ac,2022-05-01 00:00:00,artist,53.29577464788732
b5540681352e06ac,2022-05-01 00:00:00,track,1.6849315068493151
b5540681352e06ac,2022-06-01,artist,53.03968253968254
b5540681352e06ac,2022-06-01,track,12.03623188405797
b5540681352e06ac,2022-06-01 00:00:00,artist,53.23478260869565
b5540681352e06ac,2022-06-01 00:00:00,track,11.112903225806452
b5540681352e06ac,2022-07-01,artist,65.24324324324324
b5540681352e06ac,2022-07-01,track,34.21818181818182
b5540681352e06ac,2022-07-01 00:00:00,artist,69.43478260869566
b5540681352e06ac,2022-07-01 00:00:00,track,34.0
b5540681352e06ac,2022-08-01,artist,54.201550387596896
b5540681352e06ac,2022-08-01,track,20.165562913907284
b5540681352e06ac,2022-08-01 00:00:00,artist,53.940677966101696
b5540681352e06ac,2022-08-01 00:00:00,track,18.82307692307692
b5540681352e06ac,2022-09-01,artist,65.60714285714286
b5540681352e06ac,2022-09-01,track,33.885245901639344
b5540681352e06ac,2022-09-01 00:00:00,artist,66.54545454545455
b5540681352e06ac,2022-09-01 00:00:00,track,39.24242424242424
b5540681352e06ac,2022-10-01,artist,65.05633802816901
b5540681352e06ac,2022-10-01,track,43.785714285714285
b5540681352e06ac,2022-10-01 00:00:00,artist,66.19565217391305
b5540681352e06ac,2022-10-01 00:00:00,track,46.735849056603776
b5540681352e06ac,2022-11-01,artist,49.717948717948715
b5540681352e06ac,2022-11-01,track,22.689655172413794
b5540681352e06ac,2022-11-01 00:00:00,artist,46.1
b5540681352e06ac,2022-11-01 00:00:00,track,23.904761904761905
b5540681352e06ac,2022-12-01,artist,59.49411764705882
b5540681352e06ac,2022-12-01,track,36.144067796610166
b5540681352e06ac,2022-12-01 00:00:00,artist,59.53061224489796
b5540681352e06ac,2022-12-01 00:00:00,track,36.666666666666664
b5540681352e06ac,2023-01-01,artist,55.666666666666664
b5540681352e06ac,2023-01-01,track,39.0
b5540681352e06ac,2023-01-01 00:00:00,artist,57.916666666666664
b5540681352e06ac,2023-01-01 00:00:00,track,35.76923076923077
b5540681352e06ac,2023-02-01,artist,44.907407407407405
b5540681352e06ac,2023-02-01,track,11.582278481012658
b5540681352e06ac,2023-02-01 00:00:00,artist,60.90909090909091
b5540681352e06ac,2023-02-01 00:00:00,track,36.23529411764706
b5540681352e06ac,2023-03-01,artist,54.172413793103445
b5540681352e06ac,2023-03-01,track,30.065656565656564
b5540681352e06ac,2023-03-01 00:00:00,artist,53.30555555555556
b5540681352e06ac,2023-03-01 00:00:00,track,32.776785714285715
b5540681352e06ac,2023-04-01,artist,54.24324324324324
b5540681352e06ac,2023-04-01,track,31.79661016949153
b5540681352e06ac,2023-04-01 00:00:00,artist,54.113207547169814
b5540681352e06ac,2023-04-01 00:00:00,track,34.61194029850746
b5540681352e06ac,2023-05-01,artist,59.22093023255814
b5540681352e06ac,2023-05-01,track,34.51851851851852
b5540681352e06ac,2023-05-01 00:00:00,artist,57.0655737704918
b5540681352e06ac,2023-05-01 00:00:00,track,35.6
b5540681352e06ac,2023-06-01,artist,57.4375
b5540681352e06ac,2023-06-01,track,36.07971014492754
b5540681352e06ac,2023-06-01 00:00:00,artist,57.611111111111114
b5540681352e06ac,2023-06-01 00:00:00,track,38.623655913978496
b5540681352e06ac,2023-07-01,artist,54.24761904761905
b5540681352e06ac,2023-07-01,track,29.854922279792746
b5540681352e06ac,2023-07-01 00:00:00,artist,53.934065934065934
b5540681352e06ac,2023-07-01 00:00:00,track,30.53503184713376
b5540681352e06ac,2023-08-01,artist,58.62162162162162
b5540681352e06ac,2023-08-01,track,22.408450704225352
b5540681352e06ac,2023-08-01 00:00:00,artist,54.52173913043478
b5540681352e06ac,2023-08-01 00:00:00,track,21.942307692307693
b5540681352e06ac,2023-09-01,artist,56.30379746835443
b5540681352e06ac,2023-09-01,track,26.357723577235777
b5540681352e06ac,2023-09-01 00:00:00,artist,56.55737704918032
b5540681352e06ac,2023-09-01 00:00:00,track,28.414141414141415
b5540681352e06ac,2023-10-01,artist,54.11688311688312
b5540681352e06ac,2023-10-01,track,50.29824561403509
b5540681352e06ac,2023-10-01 00:00:00,artist,54.02654867256637
b5540681352e06ac,2023-10-01 00:00:00,track,52.51550387596899
b5540681352e06ac,2023-11-01,artist,56.839506172839506
b5540681352e06ac,2023-11-01,track,33.93636363636364
b5540681352e06ac,2023-11-01 00:00:00,artist,56.93650793650794
b5540681352e06ac,2023-11-01 00:00:00,track,38.59036144578313
b5540681352e06ac,2023-12-01,artist,59.88695652173913
b5540681352e06ac,2023-12-01,track,39.72666666666667
b5540681352e06ac,2023-12-01 00:00:00,artist,58.48717948717949
b5540681352e06ac,2023-12-01 00:00:00,track,40.8252427184466
b5540681352e06ac,2024-01-01,artist,61.34722222222222
b5540681352e06ac,2024-01-01,track,37.02127659574468
b5540681352e06ac,2024-01-01 00:00:00,artist,59.87234042553192
b5540681352e06ac,2024-01-01 00:00:00,track,36.354838709677416
b5540681352e06ac,2024-02-01,artist,51.16842105263158
b5540681352e06ac,2024-02-01,track,34.13333333333333
b5540681352e06ac,2024-02-01 00:00:00,artist,52.30769230769231
b5540681352e06ac,2024-02-01 00:00:00,track,34.333333333333336
b5540681352e06ac,2024-03-01,artist,58.330827067669176
b5540681352e06ac,2024-03-01,track,36.5260663507109
b5540681352e06ac,2024-03-01 00:00:00,artist,54.68807339449541
b5540681352e06ac,2024-03-01 00:00:00,track,35.205555555555556
b5540681352e06ac,2024-04-01,artist,60.67741935483871
b5540681352e06ac,2024-04-01,track,35.570093457943926
b5540681352e06ac,2024-04-01 00:00:00,artist,61.68571428571428
b5540681352e06ac,2024-04-01 00:00:00,track,37.10666666666667
b5540681352e06ac,2024-05-01,artist,56.93939393939394
b5540681352e06ac,2024-05-01,track,27.68211920529801
b5540681352e06ac,2024-05-01 00:00:00,artist,56.36842105263158
b5540681352e06ac,2024-05-01 00:00:00,track,28.78448275862069
b5540681352e06ac,2024-06-01,artist,61.793103448275865
b5540681352e06ac,2024-06-01,track,31.859154929577464
b5540681352e06ac,2024-06-01 00:00:00,artist,58.46666666666667
b5540681352e06ac,2024-06-01 00:00:00,track,31.11428571428571
b5540681352e06ac,2024-07-01,artist,66.16901408450704
b5540681352e06ac,2024-07-01,track,35.12820512820513
b5540681352e06ac,2024-07-01 00:00:00,artist,63.05555555555556
b5540681352e06ac,2024-07-01 00:00:00,track,36.17910447761194
b5540681352e06ac,2024-08-01,artist,65.2
b5540681352e06ac,2024-08-01,track,37.553030303030305
b5540681352e06ac,2024-08-01 00:00:00,artist,70.66666666666667
b5540681352e06ac,2024-08-01 00:00:00,track,34.3
b5540681352e06ac,2024-09-01,artist,68.91428571428571
b5540681352e06ac,2024-09-01,track,39.19718309859155
b5540681352e06ac,2024-09-01 00:00:00,artist,65.25
b5540681352e06ac,2024-09-01 00:00:00,track,39.4
b5540681352e06ac,2024-10-01,artist,51.60606060606061
b5540681352e06ac,2024-10-01,track,32.41509433962264
b5540681352e06ac,2024-10-01 00:00:00,artist,54.22727272727273
b5540681352e06ac,2024-10-01 00:00:00,track,33.44
b5540681352e06ac,2024-11-01,artist,39.03448275862069
b5540681352e06ac,2024-11-01,track,29.616161616161616
b5540681352e06ac,2024-11-01 00:00:00,artist,47.5
b5540681352e06ac,2024-11-01 00:00:00,track,31.857142857142858
b5540681352e06ac,2024-12-01,artist,65.50943396226415
b5540681352e06ac,2024-12-01,track,41.10606060606061
b5540681352e06ac,2024-12-01 00:00:00,artist,65.26923076923077
b5540681352e06ac,2024-12-01 00:00:00,track,44.06060606060606
b5540681352e06ac,2025-01-01,artist,73.1304347826087
b5540681352e06ac,2025-01-01,track,70.17910447761194
b5540681352e06ac,2025-01-01 00:00:00,artist,78.6923076923077
b5540681352e06ac,2025-01-01 00:00:00,track,73.15384615384616
b5540681352e06ac,2025-02-01,artist,76.0
b5540681352e06ac,2025-02-01,track,45.166666666666664
b5540681352e06ac,2025-02-01 00:00:00,artist,79.11764705882354
b5540681352e06ac,2025-02-01 00:00:00,track,59.38235294117647
b5540681352e06ac,2025-03-01,artist,59.607142857142854
b5540681352e06ac,2025-03-01,track,42.59649122807018
b5540681352e06ac,2025-03-01 00:00:00,artist,59.65217391304348
b5540681352e06ac,2025-03-01 00:00:00,track,38.375
b5540681352e06ac,2025-04-01,artist,56.46153846153846
b5540681352e06ac,2025-04-01,track,40.981072555205046
b5540681352e06ac,2025-04-01 00:00:00,artist,57.844919786096256
b5540681352e06ac,2025-04-01 00:00:00,track,41.886792452830186
b5540681352e06ac,2025-05-01,artist,61.10382513661202
b5540681352e06ac,2025-05-01,track,49.63380281690141
b5540681352e06ac,2025-05-01 00:00:00,artist,60.52941176470589
b5540681352e06ac,2025-05-01 00:00:00,track,49.793103448275865
