artist_id,primary_genre,supergenre,artist_image,artist_name,artist_popularity
00OX175uYCsHJPLZOjNJqe,italo disco,Unlisted,https://i.scdn.co/image/ab6761610000e5eba05eb6e2d4a0a73ad4ca171e,Ken Laszlo,48
043WRXguGXwwwPHGnNz20i,native american music,Unlisted,https://i.scdn.co/image/ab67616d0000b273a6a0bfcd204eab89339d6469,Peter La Farge,11
04JBJKfnSMPBvnH5Va7knE,,Unlisted,,Milt Campbell,15
06sdJwlggq0PKOe4LPZWCg,cold wave,Unlisted,https://i.scdn.co/image/ab6761610000e5eb400d35deb3406d59ac6e94cd,HTRK,35
080dCBWq5ulciKGB7jIFp5,,Unlisted,https://i.scdn.co/image/ab67616d0000b273a2c446d816488774444f4207,The Derelicks,0
09C0xjtosNAIXP36wTnWxd,rock and roll,Unlisted,https://i.scdn.co/image/ab6761610000e5eb5305958de2ad389172f3cd78,Fats Domino,55
0AIim12jO78DuyyUYbHfAe,,Unlisted,https://i.scdn.co/image/ab6761610000e5ebf6d1ab4b9a993e2c7af41637,Shire T,32
0F37afIbeistheUTI3rf2X,,Unlisted,,Grupo Changüí de Guanta,1
0FVsUxcFSlxwIM7Qs31s6J,,Unlisted,https://i.scdn.co/image/ab6761610000e5eb2660d94f968e40fb64887f7d,Billy Eichner,47
0G16sYbfz4wwNzol28NPek,,Unlisted,https://i.scdn.co/image/ab67616d0000b2730eb4f7c743b6c554918a52fc,Chrome Dreams - Audio Series,2
0GgNchtU9Fst3uEshZ7mV9,,Unlisted,https://i.scdn.co/image/ab6761610000e5eb57ab81738829ec6aa0449d0f,Josh T. Pearson,17
0IwbrUdicuBw6t6hJmuRV7,,Unlisted,https://i.scdn.co/image/ab6761610000e5eb8d5468926755401af56f4929,Millape,2
0LseVZ9pSlpj7yNngxuBgS,,Unlisted,,PAPAchild,0
0MPCXpk3pfNCmUdzDlHX2f,,Unlisted,https://i.scdn.co/image/ab6761610000e5ebde51ad0ce9c9ce1a0155c158,Axile,21
0RqtSIYZmd4fiBKVFqyIqD,,Unlisted,https://i.scdn.co/image/ab6761610000e5eb5307a8a358283efe769d9c2a,Thirty Seconds To Mars,71
0W8ZVf53GqJkTOPRWQaaBq,,Unlisted,https://i.scdn.co/image/ab6761610000e5eb4e4e54a225a8db107337c3be,CHLOE (Thévenin),29
0YsLR3SQd5QTXAhGIGX7cl,,Unlisted,https://i.scdn.co/image/37ddb345143488175cef180b553253a467ec5362,Del The Funky Homosapien,70
0b45g7oDSlWJ6AeYKjJS0v,,Unlisted,https://i.scdn.co/image/ab67616d0000b273d453f4e9266ddf5b23e56d05,Stanislav Gallin,10
0bEvfTJsHHsTxqpqzWGXDw,chanson québécoise,Unlisted,https://i.scdn.co/image/ab6761610000e5eb8f62e8177c355622757a7285,Stéphanie Lapointe,23
0duEtz2yf9OQR5vbwqqMo7,música mexicana,Unlisted,https://i.scdn.co/image/ab67616d0000b273c03f49672e0624d40803e73e,Marimba de los Hermanos Paniagua,14
0emf9Ah5yNpbvhS49Bl3zt,,Unlisted,https://i.scdn.co/image/ab6761610000e5eb0e226952d5af85bce633f737,Christopher Bear,40
0fmyOOHjbZc5EJuHBhzYAF,,Unlisted,https://i.scdn.co/image/ab67616d0000b273aa087a1165c74f3aacf2399d,Power Druid,15
0g3j2imizKJ0OEaxwhF0xn,,Unlisted,https://i.scdn.co/image/ab67616d0000b273d162a0eff49574365c35456a,Blaire Reinhard,17
0iQTkXteVuQWznZ4WJuRLz,new orleans bounce,Unlisted,https://i.scdn.co/image/ab67616d0000b273fbb466c1ae2e535017e7c624,Lil' Rascals Brass Band,11
0k5KeG8St6LiePh5blOwwl,,Unlisted,https://i.scdn.co/image/ab6761610000e5ebadcc9033f2f9ce2326880a6d,Workout Music Tv,57
0lOCqoXWdPaVWhnryP66pC,,Unlisted,https://i.scdn.co/image/ab67616d0000b2730126eb9deca37ca8aa6fc482,Tainted Flavor,26
0mvTBNG2hAuAEzUVgTYpQ2,musicals,Unlisted,,Charmian Carr,55
0nIyPY7J7G68WgQEOLHn0x,musicals,Unlisted,https://i.scdn.co/image/09f4a0a499359540e40075f8e912d7c3e94bc4a6,Anne Hathaway,57
0oNXlOzdoVyXFp4etijOIn,,Unlisted,https://i.scdn.co/image/ab67616d0000b273909bdf93035013876e8ef60e,Reggie Bonds,1
0ow3Ac8tlahUoDVXbRuaRy,christian country,Unlisted,https://i.scdn.co/image/ab6772690000c46c6a62b3ed4a66784c09ee2e8d,Jimmie Davis,24
0rZ5F43lMX3mdce3O0uRmu,indie dance,Unlisted,https://i.scdn.co/image/ab6761610000e5ebaf21eae4655aef7a3b573754,DJ Evan,3
0tL1uCP0Xtvhpfi7w2sEup,,Unlisted,https://i.scdn.co/image/ab6761610000e5eb78e555b4c21c34b33530d1d5,JJ Sterry,8
0tRRrNLQY5rejEDVSjy4w3,cha cha cha,Unlisted,https://i.scdn.co/image/60340e8b4851a24102ded188e328f3a1db6758cf,Debelah Morgan,34
0vscEUhV9isTMclPcVz7zr,indie electronic,Unlisted,https://i.scdn.co/image/ab6761610000e5ebc3c2102a70bd026d087869bd,John FM,18
0w7HLMvZOHatWVbAKee1zF,native american music,Unlisted,https://i.scdn.co/image/ab6761610000e5ebeb9c771371e6e5d14588963d,Redbone,67
0xLbREzA0im1nSc86Fcmx4,,Unlisted,,"Perfume Genius, Sharon Van Etten & Friends",8
0xQu8dPPGy8LC2KVPa87CN,japanese indie,Unlisted,https://i.scdn.co/image/ab6761610000e5eb23f982831dfd1aba299c0142,Siamese Cats,27
0y0zq3ULRz7HsJTs4eF1G6,,Unlisted,,Zetta Bytes,16
10NEMYLJwVvYSvtvZn5Ipz,new orleans bounce,Unlisted,https://i.scdn.co/image/ab6761610000e5eb945fac6424e3ba3f8e992d76,The Soul Rebels,33
10exVja0key0uqUkk6LJRT,folk pop,Unlisted,https://i.scdn.co/image/ab6761610000e5eb4be87c6d504aa62024a87f48,Vance Joy,78
15uNxh8omvRvH71kcdIe2r,variété française,Unlisted,https://i.scdn.co/image/ab6761610000e5ebc2c9be6d4869a21ee46d0848,Renaud,60
1A2zTDBNQAtGRaHX9lISZ5,musicals,Unlisted,,Leah Greenhaus,37
1APkoiZBXf5B3YqPruHouT,,Unlisted,https://i.scdn.co/image/ab6761610000e5eb4bb043662d4ef0a0644be2fb,Terra Twin,27
1D86M7ewUQH1vS0QsXCmI9,ethiopian jazz,Unlisted,https://i.scdn.co/image/ab6761610000e5eb4a6f3766a23e91536d7ee6ed,Emahoy Tsege Mariam Gebru,51
1EVRw6us3YBBs2Z01y2LtU,,Unlisted,,Oompa Loompa Cast,33
1EVj0hmXLRcsy2IfaE0gkD,laïko,Unlisted,https://i.scdn.co/image/ab6761610000e5eb9711f3368608201d82b2a8a4,Vassilis Tsitsanis,34
1FmxE030Xe2H8Bn9bdv6Pd,variété française,Unlisted,https://i.scdn.co/image/ab6761610000e5eb0ed21d575f90079f2c7e4117,Vanessa Paradis,61
1HO6dUh3pea34OKnmsmjQx,musicals,Unlisted,https://i.scdn.co/image/dc284592d0b3e3de0aaefaee1a9648c2ecf83140,Charles Strouse,43
1HmcCckVaFw44DHhZKuKgN,musicals,Unlisted,https://i.scdn.co/image/ab67616d0000b2736cbde4fb9f89857ed8d00178,Irwin Kostal,44
1Hwi4HepkRbADl1q6nznXk,,Unlisted,https://i.scdn.co/image/ab67616d0000b273dc39b02ad3243108e40daf60,Faible Et Lente,48
1JikLOvnTL6LD0AUPSpqAI,,Unlisted,,Begi L,0
1JkekbWlrILJDEwzpAFYUW,,Unlisted,https://i.scdn.co/image/ab67616d0000b2737a37c57a9f2a672f0033f13a,MaxM,0
1K7vnfAoxgzS6ZFV9V1AQO,,Unlisted,https://i.scdn.co/image/ab6761610000e5ebbb2d5135b593d536bf4b939c,Indigo Lo,0
1KKpoCjkEc0b0vAuiMe2uT,latin afrobeats,Unlisted,https://i.scdn.co/image/ab6761610000e5eb82b1e5a12449c4d53987d65e,Alex Figueira,27
1L2vdW5MKTr5mHioN2Ywm8,,Unlisted,,Naomi Neville,17
1Ok9uJhfJ0cOQB3IPHeHYF,traditional music,Unlisted,https://i.scdn.co/image/ab67616d0000b27308536f11cc60480685b18138,Tarentule,0
1SUV6BR0W4CCRMRuKOmwkf,space music,Unlisted,https://i.scdn.co/image/ab67616d0000b2730526200451711a087950e385,舒眠频率,26
1TQAeD354zdHUoqayn8upT,,Unlisted,,Freddie L. Small,0
1TaKbrkFRAq5YJoMieIMPR,,Unlisted,https://i.scdn.co/image/ab67616d0000b2739d7753b33cf9523703788443,Lavia 6,55
1U0ooypQ59GyKyj1smbLz7,,Unlisted,https://i.scdn.co/image/ab6761610000e5ebbbc8f63960ec4f0f7cc3ff7a,Anima & Ennui,0
1UW5eP8ZIX1HKGGi5jXSB6,drumstep,Unlisted,https://i.scdn.co/image/ab6761610000e5eb0e1b5438be3228fc3dcb6fd4,Homemade Weapons,17
1aLfVgwt8eBrpvHcutWmqe,,Unlisted,https://i.scdn.co/image/ab6761610000e5eb8c4a9d4a5f8004ad4d0195aa,The Nor'easters,30
1bHYBM8vK4M1znRYvaXxDs,,Unlisted,,Sam M. Lewis,15
1baJfj5CCxPO9VEzlGSBLm,laïko,Unlisted,https://i.scdn.co/image/ab67616d0000b27318b865b213af4ddeef00d208,Grigoris Bithikotsis,44
1buRQJUaOGTgp36hBMda6y,melodic bass,Unlisted,https://i.scdn.co/image/ab6761610000e5ebb1609c1ba10c54b13b781785,KERO,32
1cKNtCaFs3dRO88WDOVTeg,classic blues,Unlisted,https://i.scdn.co/image/ab6761610000e5ebd7cf3eb30735b8224bb8e00d,Geeshie Wiley,17
1cfzKTd2Dvx7RPurzdyAeR,,Unlisted,,Milroy’s of Soho,0
1cwNKCIuq12wLqAAsC1Zyi,uk r&b,Unlisted,https://i.scdn.co/image/ab6761610000e5eb0cad90e0a21bb14c3ae94f36,Jevon,30
1lrPNYVtvuiB3lmOjbyJc9,musicals,Unlisted,https://i.scdn.co/image/ab67616d0000b273fafe91c0edcd01d96831dc31,Faith Prince,30
1m0gRTAeSxz164yajYCvri,,Unlisted,https://i.scdn.co/image/ab6761610000e5ebe4572adb4e1c91705b417df5,Michael P. Kramer,20
1r1k3lYgsOWmBVRYzofkvO,,Unlisted,https://i.scdn.co/image/ab67616d0000b2739593376c2cce35fa1b1c6e9f,Fart Fest,38
1u2RgFiCSd9phVG5OB51jr,,Unlisted,https://i.scdn.co/image/ab6761610000e5eb0e9274179b5a9a16bf0259b9,Spencer Cullum,30
1xCRJ0XrcQKEkjk50ILWbt,egyptian shaabi,Unlisted,https://i.scdn.co/image/ab6761610000e5eb4a64c616124866952c71dcd3,Hakim,54
1xSXnf7mFuxNF0CMyQmpX2,,Unlisted,,Sam Maghett,23
20RWPCGIIeOoQmHmoF8vZR,,Unlisted,,Gregg Nestor and Dominik Hauser,0
24CJU16EbtzMYQWicTXNDR,,Unlisted,,Zina Goldrich,15
24DQLSng7bKZD4GXLIaQbv,orchestral,Unlisted,https://i.scdn.co/image/ab6761610000e5eb79058cfc754be16c2f0070aa,Percy Faith & His Orchestra,53
28GtJHVA8ARidEYFWX0tiG,musicals,Unlisted,https://i.scdn.co/image/ab67616d0000b2738145f3afe703233d859d5e7f,Joe Carroll,16
28ljP12QBsgioe7MMMnq8g,,Unlisted,https://i.scdn.co/image/ab67616d0000b273cfbf5d54ae6d456b230f65e5,"Meicio Askanasy, José Prates, Ivan de Paula",15
29PgYEggDV3cDP9QYTogwv,,Unlisted,https://i.scdn.co/image/ab6761610000e5ebb8d59d02e63737b0dbaa43e7,Carolina Gaitán - La Gaita,57
2AFQojTf9JepkWGDWtWZjx,,Unlisted,,Deep Zen Pill,0
2DC2KJDKwTf5RGfuWCzAkc,,Unlisted,https://i.scdn.co/image/32e8bf1de80d92e0a5f7f8a67d0aec9d0fc20481,Azari & III,46
2GDXx20hz7WhCHcgrzfJ0S,drumstep,Unlisted,https://i.scdn.co/image/ab6761610000e5ebd21e94ba60bb12727d289312,Vromm,7
2HB65P72dFRiOKvbLLcil2,musicals,Unlisted,https://i.scdn.co/image/bed81fc6e2028fa4c7d01fa2066f4d600b511f03,Meryl Streep,68
2HiGvNEcu9p7m32iWUrR7j,,Unlisted,https://i.scdn.co/image/ab6761610000e5eb47fe2be501abb415119abb2e,Lizzyloo,13
2MOeRxQqwrvur6it4B3G3R,laïko,Unlisted,https://i.scdn.co/image/ab67616d0000b273be93231a78a8e43d33eb5b79,Markos Vamvakaris,37
2NVtDeFBzHMUFQlzDswS8a,,Unlisted,https://i.scdn.co/image/ab6761610000e5ebd36ca67007dbf8ce8d9bee54,Thom LaFond,15
2RWaZohsuqSJX9xWX3p95G,musicals,Unlisted,https://i.scdn.co/image/b73adcba423692245bd8a2f6040e42e2890cb2c8,Sutton Foster,46
2RcpMq2zbPhykuQaE5w2u2,drumstep,Unlisted,https://i.scdn.co/image/ab6761610000e5ebad2863488e7fd4e43704fc41,Woolymammoth,7
2Tz1DTzVJ5Gyh8ZwVr6ekU,,Unlisted,https://i.scdn.co/image/ab6761610000e5eb09ba7def3d7c5c14349fb905,STRFKR,58
2Z0z8NYUiPyUQxgy1BsOIJ,,Unlisted,,Bochum Welt_TEST,0
2Za6MJDy9CzxcP1NAQiJH9,,Unlisted,,Dr. Derelict,0
2c2X6dr1PHctH24BxNOjHi,drumstep,Unlisted,https://i.scdn.co/image/ab6761610000e5ebd363e6f40951c0fddd00ccbf,Eprom,38
2eUMWLKLpPyMWuTgoMgEG6,rock and roll,Unlisted,https://i.scdn.co/image/ab67616d0000b273e1800a65cc032aecfac6891f,Tommy Steele,29
2lHSlOOSjpb0qKUkrpXT6J,,Unlisted,https://i.scdn.co/image/ab6761610000e5eb62457b49f9bcb3c3f760a368,Bremer/McCoy,52
2mqC5o8LPha55XSqfVkT8r,musicals,Unlisted,https://i.scdn.co/image/ab67616d0000b27389425c11e34b033cf97875b5,Mindi Dickstein,37
2oQJQUIpJFFnfKvHJA0xBu,orchestral,Unlisted,https://i.scdn.co/image/ab6761610000e5eb8c6007c4950dd2361e50be9a,The City of Prague Philharmonic Orchestra,63
2ovLtXUsz5S36A6c05aZK7,,Unlisted,,Alicja Haney,0
2qyeeNPXHdRwjAnDhV4dhZ,,Unlisted,https://i.scdn.co/image/ab6761610000e5eb3398db45ab74437713e19e9b,Azajjin,0
2s6JabvZdqVQhfOsaxCSFX,orchestral,Unlisted,https://i.scdn.co/image/ab6761610000e5eb9d24fe39fd48d3207f901a86,Bert Kaempfert,53
2t9Wxo7ttElQgyoYZoe9iv,,Unlisted,https://i.scdn.co/image/ab6761610000e5ebea8f9bd16cdbe35d1223fa04,Not the King,27
2tXfeqzziff6xpdcZUVTll,,Unlisted,https://i.scdn.co/image/ab6761610000e5eb3462b9e68a5a8c0f1b618769,Estrellita Dónde Estás,55
2tcNYcZmhP367Zh0Cgg5YU,,Unlisted,https://i.scdn.co/image/ab6761610000e5ebba49b94afdf527a56542b125,Ernesto Villarreal,11
2uZiIZt94U6VvsxacxQwXz,norsk rock,Unlisted,https://i.scdn.co/image/ab6761610000e5eb82a9d44f17988622c0dedda4,Oberst,2
2uanrLTaDz0PMCuuO2X9qz,,Unlisted,https://i.scdn.co/image/ab6761610000e5eb7fff2629abaf89e8fb7be38f,90s allstars,14
2uxy7shOeojRrRr9EwD2t7,latin indie,Unlisted,https://i.scdn.co/image/ab6761610000e5eb070b9627e21a9b63d18242c9,Mi Amigo Invencible,44
2vAtuOqzB1knNn4FEZm0un,space music,Unlisted,https://i.scdn.co/image/537056b04cc34d4d60b69bc85b726d76c9a38ac9,Space Art,20
2wpskShaCrgkVcET4JzTAV,musicals,Unlisted,https://i.scdn.co/image/05adc7d24f0cb475402d4b92e8a22d1bb7b47ce8,Wilson Jermaine Heredia,37
2wqWxxwnJHTRMEst9OsREa,musicals,Unlisted,,Drew Gehling,42
2zDEnKW6qy7E4M9A2c2YAZ,latin r&b,Unlisted,https://i.scdn.co/image/ab6761610000e5ebfb960c78bb48bc529a38aa17,Lao,19
34D8Pqawm29XlTE8445ezO,,Unlisted,https://i.scdn.co/image/ab6761610000e5eb976884986f78f6b87710f577,Poopy Man,43
356DaKT7lQvmKRHIOIYQY3,,Unlisted,https://i.scdn.co/image/ab67616d0000b2738958e8515514f9bfce71f4ba,Benita Calrado,36
35nXw4E9MGWTmijZgX2h84,,Unlisted,,Lisa Carlyna Zumpano,7
35ovEjDArUFMwwr0hqb7Uh,,Unlisted,https://i.scdn.co/image/ab67616d0000b27366c489b1b4d977fdf9d81071,Gold Rush Studio Orchestra,20
3644jHpHInKPL22IQYcd9y,,Unlisted,,Eva Curzi,4
36rey1TxHa81Az8CqZpsJ4,italo disco,Unlisted,https://i.scdn.co/image/ab6761610000e5eb713ce11c03cde58bdb3c74bb,Lauer,37
3AWprtbEToKCq6Xzz0tTX4,ethiopian jazz,Unlisted,https://i.scdn.co/image/ab6761610000e5ebcf7267fa50d01a4a12d1e147,Mamman Sani,31
3C4Ma6ujXcpDtisnx6RASG,italo disco,Unlisted,https://i.scdn.co/image/ab6761610000e5eb212ce8a2b56564ad73e5bc49,P. Lion,44
3DgcBA7P0ji5co7Z1Gfp2Q,musicals,Unlisted,https://i.scdn.co/image/ab6761610000e5eb48124fc43f870ed4501093e5,Kristin Chenoweth,62
3GtvxALXnbuxfxFIo26vC4,musicals,Unlisted,,Evadne Baker,42
3IQ7smN25mo56K9Xm6YqKj,,Unlisted,,Dominic Harlan,19
3M2LPcqyD4PxbOFvtF05R7,newgrass,Unlisted,https://i.scdn.co/image/ab6761610000e5ebf97f962edb51bcb2166d57e3,Chatham County Line,32
3MKpIxwzJctX6ol1ieC56M,,Unlisted,https://i.scdn.co/image/ab6761610000e5ebd663871159d446a07a2493d8,Sassieon Dupris,3
3Mrt55eOXsIcW8U7kVK5oT,,Unlisted,,Gatronix,0
3Mu2l8569zdLBzvvGYLBxa,,Unlisted,,Duke Ellington & His Famous Orchestra;Adelaide Hall,0
3NLWTwNuFNPJaHEVEWxaqj,,Unlisted,https://i.scdn.co/image/ab67616d0000b2735768c9b6aa8f26edb60388a1,Matteo Manfredi,5
3Ozlk0QQs9GxlkSlfyIkVs,noise music,Unlisted,https://i.scdn.co/image/ab67616d0000b273d08dff3e31e3e150b2508ad8,Consumer Electronics,9
3Ps27dDfvubd75rh5A0wz9,uk r&b,Unlisted,https://i.scdn.co/image/ab67616d0000b273ec4365cf678c4bc429d03049,Honeyz,34
3TQZvGxO2ZyyW9zlbkgDJO,,Unlisted,,Mike Berry With The Outlaws,0
3TUYqYNCqgqeqkBZVyxEi6,christian country,Unlisted,https://i.scdn.co/image/1ef802e5684013c00ace96d983e56fa894e909c6,The Louvin Brothers,36
3UcqhHuevCjo9XHneXhoiD,,Unlisted,https://i.scdn.co/image/ab67616d0000b273d49c76ac6d8967b6eca6f7c7,Michael Olatunji,0
3a2kXRGfli8ijGwuMoGjzx,,Unlisted,https://i.scdn.co/image/ab67616d0000b273de1510df500d844afb62fad0,Dnd Back,43
3cYI92lguu78EDY6Gk98Bv,,Unlisted,,Margo Integer,0
3eyyNHkVEK4Hy9Qnw7i13W,,Unlisted,https://i.scdn.co/image/ab6761610000e5ebfda28e11bcf80c0f50b119c3,Cinzia & The Eclipse,25
3fkHK8NOb6RPNbD8WfrLkU,,Unlisted,https://i.scdn.co/image/ab6761610000e5eb345978e7b91873a6c02ad05c,Leaders of Technology,14
3fwPbUnAOAhzd60TyDfE8t,italo disco,Unlisted,https://i.scdn.co/image/ab6761610000e5eb43e4dc6e373b8fa8e13600ff,Piano Fantasia,47
3g7CYgIAN21cwqiY48BY50,,Unlisted,https://i.scdn.co/image/005a986996e4f31b0a07f8459b612fd30f5c36e7,MGUN,2
3hZYcnuncZYCJzqO9pwpAK,drumstep,Unlisted,https://i.scdn.co/image/ab6761610000e5eb44012660746ab8527779032a,Shades,32
3hfYldW3pHuFSCiZz8qgdm,,Unlisted,https://i.scdn.co/image/ab6761610000e5ebc0148769d1f3c500bc33e945,Acid Rezerver,0
3n085fYvqy1xgFEA0gjjFx,,Unlisted,https://i.scdn.co/image/ab6761610000e5eb62a09f26b257dd997e76a3c8,Redkattseven,50
3o1cwVQfiDWafhYA02k13C,italian trap,Unlisted,https://i.scdn.co/image/ab6761610000e5eb21e6c818fa5506891944a779,Crookers,60
3oBqUqRBY1Ish0n1fHxeu2,,Unlisted,https://i.scdn.co/image/ab6761610000e5eb51fa0b096d79ee790938451e,Lil Big Stack,47
3oYQrBzEQNpxnjWXP54B4n,musicals,Unlisted,https://i.scdn.co/image/ab67616d0000b27312db32f7e08a1bfb4ace303b,Brian D'Arcy James,50
3p2pMpzDerhMR4w2xZyHWg,dark r&b,Unlisted,https://i.scdn.co/image/ab6761610000e5eb268f79a38ef7bf37e0531f0a,Rosenfeld,54
3pBRcbWKXI0PmYQ42GxPCk,traditional music,Unlisted,https://i.scdn.co/image/ab67616d0000b273d4626a41ee23bdb49d89d56b,The Jewish Starlight Orchestra,39
3qFOpjNiYRuQNVl564TGgO,cold wave,Unlisted,https://i.scdn.co/image/83c9c0c7760102db046aa736b512c5d6212abf1d,Tropic of Cancer,21
3rIlgkqfgreQxyLrXR2Sln,,Unlisted,https://i.scdn.co/image/ab67616d0000b2738d5423997a392eac6d91aabd,S.O.L Collective,0
3t7V2omc5R2ODZswIwcmFJ,noise music,Unlisted,https://i.scdn.co/image/ab67616d0000b2736cbba6dd7c96ba54a3d1e0bf,Hysteresis,1
3xVI0gIpNppHLMNwe0Pq1b,,Unlisted,https://i.scdn.co/image/ab6761610000e5ebb8651c8b9128236e0fe50542,Moon Balloon,3
40HeNm05FEAxGx8gUOV4my,cold wave,Unlisted,https://i.scdn.co/image/ab6761610000e5eb70ba7ff772c3fd90f848450b,The Soft Moon,38
43qPWPlDL5noyuCJKPKm6N,drumstep,Unlisted,https://i.scdn.co/image/ab6761610000e5eb3f140d494bf31bc4659cc021,Deft,24
4457ZLpmT5sl16BBe21J6E,,Unlisted,,Esther Philips,0
45q77VMb6x9mgH5dAMLDJp,,Unlisted,https://i.scdn.co/image/ab67616d0000b273d73f6d46da36268a7577072b,Sainkho Namtchylak,34
4CSwaQor1zOIE81NFCWHTD,traditional music,Unlisted,https://i.scdn.co/image/ab67616d0000b27349f053f35bf54f37f59099ba,Boua Xou Mua,1
4D7jbXC2Jdd9DXG5uZYCCr,musicals,Unlisted,https://i.scdn.co/image/ab67616d0000b273355b62b411e70f697aea7e9c,Annalee,42
4EJP6Qhk6l18LumCcpEfLw,musicals,Unlisted,https://i.scdn.co/image/2f27b88be41ed8e21e7db0cf192385c14736f8a0,Eddie Redmayne,50
4GBe6ctpZMwMbaRb9KZrNU,musicals,Unlisted,https://i.scdn.co/image/ab67616d0000b273c7f57456a7c701d66cf457fe,Jerry Herman,41
4GGQ9sWnfMReWopmoSIJvy,,Unlisted,https://i.scdn.co/image/ab67616d0000b27313cd13724248af0e7ae906b0,AVID All Stars,10
4GNC7GD6oZMSxPGyXy4MNB,soft pop,Unlisted,https://i.scdn.co/image/ab6761610000e5ebdc9e707b0d0e591e08d3f549,Lewis Capaldi,83
4HYbhQ5pU0nd3LIQmCXfgy,,Unlisted,https://i.scdn.co/image/ab6761610000e5eb52dab6e726b031affb9a00f3,Toby Corton & His Band By Chance,0
4HjcH8bqJm9TIwHGhvRIC8,,Unlisted,https://i.scdn.co/image/ab67616d0000b273f44936412fdc328fae02b2f6,The Cockney Bar Singers,16
4L7TL4CnvDR3iZQuVy6ESm,musicals,Unlisted,https://i.scdn.co/image/ab67616d0000b273bd8ebafdbc2ea4e2461a5d29,John Tartaglia,40
4LLrhUqUv2Mi1NhHz0pjXd,french rap,Unlisted,https://i.scdn.co/image/ab6761610000e5ebe27b9b3b6f3838a470c08b92,Le Motel,43
4NZdYuSlqlg56KtQCeTb5W,,Unlisted,,Kid Ory's Sunshine Band,2
4PpmBoqphQusNFsxuVKb6j,,Unlisted,https://i.scdn.co/image/ab6761610000e5ebee0a8f7e1d62e21b3b61a066,Paula Abdul,56
4Pq4q4prafRtMOXeSImXJC,,Unlisted,,New Orleans Rhythm Kings as Friars Society Orchestra,0
4R073T3AVJKqAsbzLmLW9u,cold wave,Unlisted,https://i.scdn.co/image/ab6761610000e5ebd7afb37c9883b8ce16447779,John Maus,54
4SqRQprhiFuELVUXfe3Lct,,Unlisted,https://i.scdn.co/image/ab6761610000e5ebd6c6d613e9cb416e4f642fb2,Frisky & Mannish,0
4T795JhhCZMWM01DLcX98p,variété française,Unlisted,https://i.scdn.co/image/ab6761610000e5eb080aefa65a57d165c90923da,Michel Delpech,53
4To1Px6Ab8Q3z9C3L49dY5,,Unlisted,,Sleepcaster,0
4UZQ7BPQqC9Kg2iqvbH2x4,,Unlisted,,Stanley Kubrick — A Clockwork Orange,18
4YIP5hX9ZJdXyC1yD69MWD,,Unlisted,,N.Y House'n Authroity,7
4YeITwoqeIks45gELm488B,edm trap,Unlisted,https://i.scdn.co/image/ab6761610000e5eb79176580686fbef816dff21b,NOIXES,47
4ZVlnsWbTKXoTcP2CbGHZ6,laïko,Unlisted,https://i.scdn.co/image/ab67616d0000b273b6f3a96e6603a64ff61dc9e5,Litsa Diamanti,38
4Zf0pLGYwNB86Y97kisvkn,musicals,Unlisted,https://i.scdn.co/image/e9751ab643f1700814009306255b9df1b312284a,Debbie Reynolds,41
4cHdzQMvESi5fSYStocJQT,musicals,Unlisted,https://i.scdn.co/image/ab67616d0000b2731828473d593f22288c795e5c,Annaleigh Ashford,48
4dpARuHxo51G3z768sgnrY,soft pop,Unlisted,https://i.scdn.co/image/ab6761610000e5eb68f6e5892075d7f22615bd17,Adele,87
4fOmK4wC7JC2WxlXYEJEAb,,Unlisted,,Adam Mcfarlane,0
4hKkEHkaqCsyxNxXEsszVH,musicals,Unlisted,https://i.scdn.co/image/05b40ccc7a84868fe05d774aac684c24565cec7d,John Travolta,68
4iVvG04w9XBch3kxXWMuxb,laïko,Unlisted,https://i.scdn.co/image/ab6761610000e5eb766c8ac41ce531fb70d959c2,Bouzouki Kings,44
4jX0r7SundGTjmwVqnnWMh,,Unlisted,https://i.scdn.co/image/ab67616d0000b273b9c4a6eab9a7fe0e831d3cdf,Global Sound System,7
4jm59PnyzdzUkYGJ4bCyPQ,indie dance,Unlisted,https://i.scdn.co/image/ab6761610000e5eb50cf8182ee46ac15b792805c,Margot,12
4llklDtTTyMYMY2LfFOkTI,italian singer-songwriter,Unlisted,https://i.scdn.co/image/ab6761610000e5eb5ad2b161e1a68bc601e293ee,Domenico Modugno,53
4oqx9aQJ91bDVitBTieoTX,,Unlisted,,Christoph Schulz,0
4qczpAvtGm4OU2Jz2cXPWq,ethiopian jazz,Unlisted,https://i.scdn.co/image/ab67616d0000b2732808aaa3934b83d359a6bf22,Salah Ragab,24
4rzx4iwzF4sCJns8pelK55,,Unlisted,https://i.scdn.co/image/ab6761610000e5ebd55dd652de89dff86527908d,James Ellis Ford,5
4tMMHQ58Jn6IvUATulcNcw,,Unlisted,https://i.scdn.co/image/ab67616d0000b2730ece4c3f9bf2f6c1efdb8dc0,Lamonde,0
4vOWGtkwkFHPi4091LuTtk,,Unlisted,https://i.scdn.co/image/ab6761610000e5ebdae83a9b04afb30ded292487,Phenam,1
4xlJMRtnHXK4exbkB1eA10,,Unlisted,,Soulwax feat. Nancy Whang,0
4ypyToB94tFkw2BxF96ZlM,norsk rock,Unlisted,https://i.scdn.co/image/ab67616d0000b2736b7c1b835b8034b404cfeb3e,Folque,21
4zxH2Yu5AvPNRdEDBz120D,variété française,Unlisted,https://i.scdn.co/image/ab6761610000e5ebe801b633722698f9387da9be,Véronique Sanson,55
530BQdnWKWSFYjg8SKUGbN,,Unlisted,https://i.scdn.co/image/ab6761610000e5ebd6de2b336aa54b1b50beb0fe,Smoothe Sounds,54
54mELlas7xPj7gnCCvB1KQ,,Unlisted,https://i.scdn.co/image/ab67616d0000b27365c153d4137e3e7eb6ac82cf,Rachel Eddy & Kristian Herner,2
55DHRcQ9oxUu76VNuQz48P,musicals,Unlisted,https://i.scdn.co/image/60aaf344ed818bb4a670f1039bc9f57c57b1f55e,Chita Rivera,27
58QNei6HY9fAmKKUeTOneM,edm trap,Unlisted,https://i.scdn.co/image/ab6761610000e5eb08000357f3ed3be4ac10514e,Tenka,21
5AezOTggHnFTiQ5AiowFBf,indie dance,Unlisted,https://i.scdn.co/image/ab6761610000e5eb6fc1689b347cfd84a7b8d1e3,Musumeci,37
5BJ7GXyi2tVyoKMQM7cSpM,laïko,Unlisted,https://i.scdn.co/image/ab67616d0000b273f949bbb05b4d6752c00530d8,Stelios Kazantzidis,52
5DaXk2jDrc8Ohsj4oVXR4B,,Unlisted,https://i.scdn.co/image/ab6761610000e5eb8a0a85f89fb9cb777a755834,Soundiescape,50
5ESobCkc6JI4tIMxQttqeg,classic blues,Unlisted,https://i.scdn.co/image/5aaabae6a8e5d353ca8ac6b5cc6adfc91c2c5a5e,Bessie Smith,40
5F1aoppMtU3OMiltO8ymJ2,musicals,Unlisted,https://i.scdn.co/image/e8f69e48f7ae80c6247fda3bf03d6155ae0d7282,Hugh Jackman,70
5IitSBtyiWJjnk6U0jPxut,ethiopian jazz,Unlisted,https://i.scdn.co/image/ab6761610000e5eb5053dce29ce4bb5844da9522,Lloyd Miller,26
5MeE1hQUFjZwFUAwcaRHgu,,Unlisted,,Willis Proctor & the Georgia Sea Island Singers,0
5NU6tiaELL4UovbZipxzYt,,Unlisted,,Romy B,0
5PSWc8Y94zFsAtZlTe7ipI,christian country,Unlisted,https://i.scdn.co/image/cb80bd63d8d6d986cc66292affea75e8bc07cd2f,The Statler Brothers,51
5RZjpmuD14JKXvB8Ry1G1u,musicals,Unlisted,https://i.scdn.co/image/ab6761610000e5eb4b66865eed5805ea38b398b4,Amanda Seyfried,68
5Rdhduu4Zo7gs9FOt6YKbo,,Unlisted,https://i.scdn.co/image/ab67616d0000b2731c42b93f217c02977ae4c5d0,I'm Blue,32
5RdqZVi36tpDPYNPw8jJbO,musicals,Unlisted,https://i.scdn.co/image/8547161467c9a6761aa69c65700a23db8f88a946,Julie Andrews,60
5UCLo0DwCef9lexQS5bzhb,musicals,Unlisted,https://i.scdn.co/image/ab6761610000e5eba88259eeccace46f252b858b,Orfeh,39
5VCklB2cFK3ofZIMkkDhyW,,Unlisted,https://i.scdn.co/image/ab6761610000e5eb0c67ece7a873b3947461b6ed,Ailsa Tully,10
5VW8qxbvOtQ1PHJGRWAL5Z,,Unlisted,https://i.scdn.co/image/ab67616d0000b273c5b2a9ef8f6d0098f6d96685,Spark Rocket,33
5ZWo0P6lqFeoDeoN0okPEL,,Unlisted,https://i.scdn.co/image/ab67616d0000b2733a24bafd88e6da4b7fc33a43,James Laco,0
5a8Y06JGE6jIOgBwCs7RKo,,Unlisted,https://i.scdn.co/image/ab67616d0000b273df76f301ab93403e963f9260,RHYS BIBI,0
5bcg41eahXhsa30vaMvv0r,,Unlisted,https://i.scdn.co/image/ab6761610000e5eba8d2209a8862b739d258a630,Sex Week,31
5belphwHC49z9vB7pXjcux,chinese rock,Unlisted,https://i.scdn.co/image/0a349803338ccb2b3f5156a0b8bde1b79fcae6a9,Head Technician,2
5bnNgwp3nooah9yHAHsnR4,musicals,Unlisted,https://i.scdn.co/image/ab6761610000e5eb56122713b3043100a0cd2d6a,Jason Donovan,47
5exO2eW84QucBhrRhcK76x,native american music,Unlisted,https://i.scdn.co/image/ab6761610000e5eb76bf720220b09ebcf3004d80,Buffy Sainte-Marie,41
5fNpYM94eu7714oNfE7C0c,,Unlisted,,Kay Hak,0
5fu3Po5z59bTfUgbcaE0ay,christian country,Unlisted,https://i.scdn.co/image/ab6761610000e5ebce1ecaf8f294bc02b928c906,The Cox Family,39
5klp9VmF0Os0ytBwXBy8Tf,,Unlisted,,Lindiwe Mkhize,41
5l4nhyz8876RhgE2d18h65,italian singer-songwriter,Unlisted,https://i.scdn.co/image/ab6761610000e5eb6236b31052ab6d32689cd143,Vasco Rossi,69
5lCzzDFBEMShuche7yTo4H,,Unlisted,,Run by Electrodes,0
5m7wCUhYhBh7A3A3YMxrbt,musicals,Unlisted,https://i.scdn.co/image/ab6772690000c46c2e33b2585d62f51ab9df74e7,Queen Latifah,55
5maTHDye2JCsggBTXFnDB4,,Unlisted,,ferlin debrah,0
5r8m3GwWfD0PaqEIGwLUqm,,Unlisted,,Earsley Young,1
5rCZAG988apcbAcSyNhEKI,,Unlisted,,Mahna Mahna and The Two Snowths,35
5tbEjgs7Twqh89pq5Ef161,space music,Unlisted,https://i.scdn.co/image/ab6761610000e5ebd1839e6d4841fd63383aab19,Hakobune,31
5ydFZ5oZLBnFy6WLQ4QKA6,,Unlisted,https://i.scdn.co/image/ab6761610000e5eb4f8b03aafe4091da3c9e8e87,Superheart,27
5zaaSq5kBeam20iRoCahMj,,Unlisted,https://i.scdn.co/image/ab67616d0000b2738b854c715cb12734db2e496e,Grey Area 03,0
5zgSa1p65tKQvIEAKqwlPg,,Unlisted,https://i.scdn.co/image/ab67616d0000b2736f6b3250666915a7e7713be6,Sir Harry Lauder,14
61jFUXqoInk5vf2Hgh5cC6,,Unlisted,https://i.scdn.co/image/ab67616d0000b2735692a4581634c074f979fff0,Jubilee Years,0
628K1eY2Nq24SbQE5q92VY,orchestral,Unlisted,https://i.scdn.co/image/ab6761610000e5ebff2eae7fe220a4c4c2cc0ac3,Victor Silvester,35
63Ak1sAwkeayps8R3N3JJu,,Unlisted,https://i.scdn.co/image/ab67616d0000b273949f1e297569a6dd1d601eee,Italian Traditional bagpipe musicians,0
65WhCsfprtD04AHPxN7FO6,,Unlisted,,Teams vs. Star Slinger,0
66tdbpspqaHM1cPkBTC0WU,musicals,Unlisted,,25th Annual Putnam County Spelling Bee Original Cast,41
67Qz4pUaFSBwVrv9Ds8Dzj,,Unlisted,,Cathaysia,0
67znT4w9oHh5dpk4WAHVCM,,Unlisted,,The Dice Man,0
699OTQXzgjhIYAHMy9RyPD,rage rap,Unlisted,https://i.scdn.co/image/ab6761610000e5ebba50ca67ffc3097f6ea1710a,Playboi Carti,90
6CLayzfExGy0fSn5IT0aX4,uk r&b,Unlisted,https://i.scdn.co/image/ab6761610000e5eb1f618c021f274f1e2facac22,A2,40
6FhgYlYyt9GFpcnS13nA4C,edm trap,Unlisted,https://i.scdn.co/image/ab6761610000e5eb7cb3dd580df3e30db757e748,Sdms,37
6FlxhoUGATC40TALMesaFM,italian singer-songwriter,Unlisted,https://i.scdn.co/image/ab6761610000e5eb1618cd11a9515e175a83ea4e,Vinicio Capossela,49
6FyQbvzBZlMmCliciKIufF,musicals,Unlisted,,Christopher J. Hanke,14
6G39Gakqv1r26pZzijSWti,christian country,Unlisted,https://i.scdn.co/image/2b1c6d4461977f2bca2f51fce53cf1aab6708b1c,George Hamilton IV,35
6HVKYA2Sps9WekIhqnfKe4,,Unlisted,https://i.scdn.co/image/ab6761610000e5eb4143c727eb261d170698aba0,Marshall Chipped,0
6HxyfGirXSxH1uD6GiFiDn,cold wave,Unlisted,https://i.scdn.co/image/ab67616d0000b273cb7dad2c4153b33b44ab9f13,Elisa Waut,18
6IFtN53KWskqBgrW1Adf7X,cold wave,Unlisted,https://i.scdn.co/image/ab6761610000e5eb226f48f36aac50a72f526ff7,Blind Delon,27
6MmRTVIPIe35OsFqWgRKQJ,variété française,Unlisted,https://i.scdn.co/image/ab6761610000e5eb33df1c67b32ef77374d46621,Christophe,53
6MrXYlcl32SK12YxMWJWte,italo disco,Unlisted,https://i.scdn.co/image/ab67616d0000b2737154f1f4db22dfdd83996355,Magazine 60,39
6Nii4K84ZzBZS8X2MP8c9t,cold wave,Unlisted,https://i.scdn.co/image/ab6761610000e5eb8cdcb891fdaf8bf5cd6001c9,Black Marble,44
6R1EIgNzO0hKVOTOXJjjP2,space music,Unlisted,https://i.scdn.co/image/ab6761610000e5eb84a2468b6ed788500b04929d,High Skies,12
6Xfb61LiBt1zevrkP7TJlh,,Unlisted,,Arthel Lane Watson,17
6ZKaSJXezrWbhYulkvWz4r,,Unlisted,https://i.scdn.co/image/ab67616d0000b273d705756fb580024a02463b8c,Onyx Midnight,7
6e28WiPlKSu1ukkhHCZEnF,,Unlisted,,Jenifer Lewis,48
6eUKZXaKkcviH0Ku9w2n3V,soft pop,Unlisted,https://i.scdn.co/image/ab6761610000e5ebd55c95ad400aed87da52daec,Ed Sheeran,93
6eb2gxfoBSQhmDYkQKz93b,latin indie,Unlisted,https://i.scdn.co/image/ab6761610000e5eb1305598f4831be76a1ed2b9e,Y La Bamba,42
6jU2Tt13MmXYk0ZBv1KmfO,italo disco,Unlisted,https://i.scdn.co/image/ae53e43ad044fe30298ac986a606bef7db4617bb,Giorgio Moroder,58
6jfR9Na2d55xoFOK5mQT1I,,Unlisted,https://i.scdn.co/image/ab6761610000e5ebf751b529465fd91bd74b993e,Slaney Bay,9
6mlzYzLXQ7gQrMg3DydrAi,cold wave,Unlisted,https://i.scdn.co/image/ab6761610000e5eb1989e83e869603c7d34d50db,Reymour,38
6nKfpz5OosWfOp3CnY0kvy,musicals,Unlisted,,Michelle Pfeiffer,43
6pV4iyF5ocDdbIX3rXffmK,,Unlisted,,Dorothy La Bostrie,25
6r0FFG3YaRuPT2JvlOwA24,,Unlisted,,Songs: Ohia feat. Scout Niblett,0
6rATWMhuTXfhBqtB3IQRWd,cha cha cha,Unlisted,https://i.scdn.co/image/ab67616d0000b273beb07c7dc578d637077c436f,Señor Coconut,35
6sFGOHKAcDDDpGqiYnBmkb,,Unlisted,,Kouni Korio,0
6t35iFxXXHyidk9bp1laYK,,Unlisted,,Order Substance,3
6xq7g0E52yq4y8Op9X82Uo,stutter house,Unlisted,https://i.scdn.co/image/ab6761610000e5ebebe3ce4710bb18ec943e3a1e,TIBASKO,34
6ztZs0FOUv1FqwSxsj11R3,chanson québécoise,Unlisted,https://i.scdn.co/image/ab6761610000e5eb72930ae8f479f987fe0c24c0,Jean-Pierre Ferland,38
71wy5iisVKXLZgoPxdFi8A,musicals,Unlisted,https://i.scdn.co/image/ab67616d0000b273170e79548d280867ef12742b,Les Misérables Cast,51
72CKLon8DF1pjBs8PBJNdp,musicals,Unlisted,https://i.scdn.co/image/ab67616d0000b273dd002249a81838d4e483ca7f,Jeff Bowen,12
73Np75Wv2tju61Eo9Zw4IR,musicals,Unlisted,https://i.scdn.co/image/ab6761610000e5eb6e39cafa090a7f726177bbf7,Idina Menzel,72
75VKfyoBlkmrJFDqo1o2VY,afrobeats,Unlisted,https://i.scdn.co/image/ab6761610000e5ebf0da9bd951adbb3749b40904,Fireboy DML,74
76DfVm5okud2I5Az7YWvnV,latin folk,Unlisted,https://i.scdn.co/image/ab6761610000e5ebe234abfad6ad4ddf209bc66b,Brian Lopez,15
76JwlkXcpyVuS3H6hUKUYy,,Unlisted,https://i.scdn.co/image/ab6761610000e5ebda7a8638ae7119aab996623f,Grey Fields,0
76KY8JsK3XMQkjDiRZVprS,cha cha cha,Unlisted,https://i.scdn.co/image/ab6761610000e5ebb7f09acf72108b3f81822a99,Pete Rodriguez,50
76ox7koAGPytUmTZGU6zWn,new orleans bounce,Unlisted,https://i.scdn.co/image/ce39e01cd322252e738417ff2bd3619b030cbf27,Earl King,31
79ipwfkZpcwMYwHJdqtGsN,indie dance,Unlisted,https://i.scdn.co/image/ab6761610000e5ebd7ea8b480feb7ffea9e1356b,Terr,31
7C26wQyStqkNFW94iutvVD,indie dance,Unlisted,https://i.scdn.co/image/ab6761610000e5eb6cc805d95900831878010da3,Renato Cohen,33
7CCrWKLbAto1EXI2eoG9Vu,drumstep,Unlisted,https://i.scdn.co/image/ab6761610000e5eb54903feb5fd2d35db15e753e,Tsuruda,27
7CKkZZW3XtnPmqlwaElmoV,latin indie,Unlisted,https://i.scdn.co/image/ab6761610000e5ebbd422b843b20925973e0dc75,Juan Wauters,37
7ECGnAVeg7U3WRPMjpJa9n,italo disco,Unlisted,https://i.scdn.co/image/ab67616d0000b2731cc68e0cff52a48b337b89ec,Scotch,39
7EJDexRo4aTZHZv54cugss,,Unlisted,https://i.scdn.co/image/ab67616d0000b273038d568487a08f401d069c6b,Joyce Ackerson,0
7Fx0i1HlXqWt1aP8YvRf6E,,Unlisted,,Jack Cottrell,7
7FyspPUfiBhVrrbExpkxZ4,,Unlisted,https://i.scdn.co/image/ab67616d0000b273d0e671f7c6692a9739001326,Boi (OST),2
7HGFXtBhRq3g1Ma3nH4Rgv,ethiopian jazz,Unlisted,https://i.scdn.co/image/ab6761610000e5ebdc685b05724610239ffde90c,Mulatu Astatke,55
7IAOR9C0ax7e19MmW4Q8Zk,,Unlisted,https://i.scdn.co/image/ab6761610000e5eb39cfa1ba65680c7e0674e46c,Noah Cline,6
7JyIYQOPXnpgSxyz2aCcpu,,Unlisted,,SWA Allstars,0
7LfRnzGM0wRSyS5mmAwJbv,orchestral,Unlisted,https://i.scdn.co/image/ab6761610000e5eb79bf6d80fe0e16c1169dd361,Ray Conniff,60
7cT0q8ThkSyIzyFDahxxUU,,Unlisted,,DJ MAGIMBU,0
7d1xjDIoghWcgAkCANoCKe,,Unlisted,,Max Bygraves With Archie Andrews,1
7gRGh8w4G9zaFJSaIYp8HH,folk pop,Unlisted,https://i.scdn.co/image/ab6761610000e5eb7ac1c4db6901f98a6ba470e7,River Whyless,55
7hw73b5RrwBdFkqP5Yxvdc,,Unlisted,,Songs: Ohia feat. Lawrence Peters,0
7jrtCX0BKSn54uZA2bRYB0,indie dance,Unlisted,https://i.scdn.co/image/ab6761610000e5eb05e9dd628dc616c5e9c41a97,Optometry,23
7lyhSLlB5fWJmU5eB6k84L,,Unlisted,https://i.scdn.co/image/ab6761610000e5eb563784cfacaf184e0c4bef5e,Alla Pugacheva,53
7puhfzsXw2pi1SEclNHHlq,,Unlisted,https://i.scdn.co/image/ab67616d0000b27379c45e5adc7e4e31fc8c7c72,W. Jörg Henze,1
7qTQO5XvmJ13VGvxvjtMSr,,Unlisted,,Josh Wink Aka Winx,20
7rtLZcKWGV4eaZsBwSKimf,rock and roll,Unlisted,https://i.scdn.co/image/ab67616d0000b273c86bd1f140b5d5005544d790,Billy Fury,38
7sAXoFldVGlGtZ5LPVtAYD,,Unlisted,https://i.scdn.co/image/ab6761610000e5ebfe7c68aa2fd6ce27a0aa1202,Sean McVerry,25
7u3rioJ6JfINqENIQ67k6A,traditional music,Unlisted,https://i.scdn.co/image/ab67616d0000b2738e8fec5992aa9b37e08483f9,Munir Bashir,27
7u6FSuqT3SWE2kO8rNVjfp,christian country,Unlisted,https://i.scdn.co/image/4bd427bb9181914d0fa4482a3b01d3977638872a,Tennessee Ernie Ford,54
7w3PQ5symjpCqshjaLvFzA,raï,Unlisted,https://i.scdn.co/image/ab6761610000e5eb4a2d9b994c6e3a21591252ac,Alabina,46
7waa1nwpi9SqIkGmWZs3s5,traditional music,Unlisted,https://i.scdn.co/image/ab67616d0000b273a014c3256a9381d88cbb608f,United Sacred Harp Musical Association,16
7x5WcBs5DBzzNK0qKjxuLI,cold wave,Unlisted,https://i.scdn.co/image/ab6761610000e5eb1078758deb8f8f7b88fb087f,Uncanny Valley,1
7xT4QMaAhAsbnbkF4nr3eS,,Unlisted,,Maurice Joshua with Hot Hands Hula,0
7z7UoyBoUDLSbBD6hsCgNn,,Unlisted,,Five Revolutions,17
