album_id,album_name,artist_name,release_date,album_artwork
0R8Pl54TXSwXWtAEVaP7ew,A New Flame (Expanded Version),Simply Red,1989-01-01,https://i.scdn.co/image/ab67616d0000b2738f8dc242b396ddc31c01d36c
2cUNjYzEhwwmjtmHsDM54t,Men and Women (Expanded Version),Simply Red,1987-01-01,https://i.scdn.co/image/ab67616d0000b273b985f91136c4e8e5f3529938
0L1apAXxXqnl3vMpJMVO2b,Speedy Wunderground - Year 4,Various Artists,,https://i.scdn.co/image/ab67616d0000b273d32ed49b550cc4a3d89679d5
0PF97T9K2E95PV4AbICNjr,Hyaena (Remastered And Expanded),Siouxsie and the Banshees,,https://i.scdn.co/image/ab67616d0000b27398a9b4da7c5cdf6210c36258
6NlhdusTOZaLLDOBphgkNF,Focus On: Boysnoize Records,Various Artists,,https://i.scdn.co/image/ab67616d0000b273cba29cc530f0027e5a584f03
5sSQwZJt5XWyuKKNPIx8jj,Classic Sounds of New Orleans from Smithsonian Folkways,Various Artists,,https://i.scdn.co/image/ab67616d0000b273e6d7235deae9cbe2fb1a6106
0d2kYndpc9gJafJgyEVwYk,Gospel Train (Expanded Edition),Sister Rosetta Tharpe,,https://i.scdn.co/image/ab67616d0000b273335f00b1e40586a31fb24d33
4GSidaoqyGNwaG5mNKmuLT,We Are Family (1995 Remaster),Sister Sledge,1995-01-01,https://i.scdn.co/image/ab67616d0000b273f66d92378b233aa8253e71d2
30NMiy6rqW2CTUbhoTfBDH,Modeselektion Vol. 04,Modeselektor,,https://i.scdn.co/image/ab67616d0000b273f91ed9b55accfb30aa77887a
3h5a97Q165hNExBkutPTTp,Grime 2016,Various Artists,,https://i.scdn.co/image/ab67616d0000b27325d3f3a1e5f31e3a486b0131
1Dgwpc60kecGneKGqOHH2h,"Brownswood Bubblers Twelve, Pt. 2 (Gilles Peterson Presents)",Various Artists,,https://i.scdn.co/image/ab67616d0000b273e5d536e6407490e175eb883b
1nWIYpBIbSn759fhDYPvrx,Skream! (Expanded Edition),Skream,,https://i.scdn.co/image/ab67616d0000b2730a838d7838c01b5e59588d18
6HbNEBza64W10MQxUFq6QL,Scary Monsters and Nice Sprites (Deluxe Tour Edition),Skrillex,,https://i.scdn.co/image/ab67616d0000b2730d9a6a2a68b4010c5b21a38c
0oqVxcxkJVkTMoxBOaC7KS,Portals Summer II,Various Artists,,https://i.scdn.co/image/ab67616d0000b2732cd8e41f305319b307076a90
0WVfeoUiTa1UN2klPSp6vw,Herdersmat Part 1-7,Various Artists,,https://i.scdn.co/image/ab67616d0000b273f53843ff0523cd7826934b5d
7Kr6XmSl6MjFd83PJsVRYN,No Photos On The Dancefloor,Various Artists,,https://i.scdn.co/image/ab67616d0000b273c6404ca626e23700f491a249
4ZDBQSIDIZRUBOG2OHcN3T,Vol. 3: The Subliminal Verses (Special Edition),Slipknot,2004-01-01,https://i.scdn.co/image/ab67616d0000b2736b3463e7160d333ada4b175a
5Zs0mNCTs73CqPKbZPWFX9,Iowa (10th Anniversary Edition),Slipknot,2001-01-01,https://i.scdn.co/image/ab67616d0000b273a62eefef8ee83d5e09aa8331
0knBBVDDgpO6dWWvrb6bpd,Most Wanted,Ranking Dread,,https://i.scdn.co/image/ab67616d0000b273304b07f7352b3fb666ef9698
7hdJnEvvIJsydJCFF81SCs,Another Psyde Of The Moon,Various Artists,,https://i.scdn.co/image/ab67616d0000b27353a8b334fd8c646f0e8a8cb3
13IR53eb8vXSo1CWh50Xve,"Ice Cream Records Presents R.i.P Productions: The Players, Future and Past",R.I.P Productions,,https://i.scdn.co/image/ab67616d0000b273de75442c448d7dada051b6b9
15CGO9aEr69vJgxaiNU56Z,There Are But Four Small Faces (Expanded),Small Faces,,https://i.scdn.co/image/ab67616d0000b273212985bb314c5364ff1e8af2
1ZWPlqXXwBr6FWMqVtKixk,Ogdens' Nut Gone Flake (50th Anniversary Edition),Small Faces,,https://i.scdn.co/image/ab67616d0000b2730e7a68dae8aaa105df5a1f66
5x1nkchgXGSztREWo1aK4I,Small Faces (Deluxe Edition),Small Faces,,https://i.scdn.co/image/ab67616d0000b27375f29cd1e62f15cc81341db1
0EGFovrr9MRmTAqnTAaYMU,'70s Pop #1's,Various Artists,,https://i.scdn.co/image/ab67616d0000b2737638f11317bb778dac14f2df
1aQIqVAfm6CPGxWnugsiIN,Hvíld og ró: Gleðileg jól frá Galtarvita,Various Artists,,https://i.scdn.co/image/ab67616d0000b27354a5b05c5639f79873930965
5hOWckgm04L5su5HTINtQX,WE ARE DEADBEATS (Vol. 3),Various Artists,,https://i.scdn.co/image/ab67616d0000b2733a04250e03f43cf1e3e9d1b9
1ve9AXU2FPr7CZTRg3AboS,The Soft Machine (Remastered And Expanded),Soft Machine,1968-01-01,https://i.scdn.co/image/ab67616d0000b273d0dd45b91440063fcb38a977
41RHNc47RzqBt9FBmhb8YY,Magnolia Electric Co. (Deluxe Edition),Songs: Ohia,,https://i.scdn.co/image/ab67616d0000b27373866b80ce3b02d0ff4b0e04
1pcDNDsUKweDsbxF5aFLvM,Didn't It Rain (Deluxe Edition),Songs: Ohia,,https://i.scdn.co/image/ab67616d0000b2732a647dc327292dc96e82c72e
7MmHdJFLKPc9mLvoY0xxzw,Enigma,Relativ,,https://i.scdn.co/image/ab67616d0000b273076f5b6cdcf861b54fb31c94
2jzoM56c7kGgQKqFT7Ymu6,If I Were A Carpenter,Various Artists,,https://i.scdn.co/image/ab67616d0000b27358e762253dde898c519396bd
6pHT7eB00vF0nVxm1TDdUF,Music Documentaries,Various Artists,,https://i.scdn.co/image/ab67616d0000b27333cc690cd2a9bbaf4252ac80
0NXNgLIrutjgFuHTQe2Uhe,In Death's Dream Kingdom,Various Artists,,https://i.scdn.co/image/ab67616d0000b273fd582b63c4496006ad5774e3
0mKtPZ9E96U6gQX15cfHto,Seth Troxler - The Lab 03,Various Artists,,https://i.scdn.co/image/ab67616d0000b27384c52aac5863fc3e15250f26
00P3tI6puyH6NRmTaPIptz,Nite Versions,Soulwax,,https://i.scdn.co/image/ab67616d0000b273c9f21b6f624e55c3b426dcce
29sTacnS0qA9xri6YS8xLA,Superunknown (Deluxe Edition),Soundgarden,,https://i.scdn.co/image/ab67616d0000b273ae6d8e36136353d550b2587d
413ncPNW140PZlHrTQJctK,Ultramega OK (Expanded Reissue),Soundgarden,,https://i.scdn.co/image/ab67616d0000b27339d41babc6687a9ba4856279
2GWQ2m8KcvaC5vtxTUCsFu,Stonekiller / Web of Sin (2017 Remaster),Source Direct,,https://i.scdn.co/image/ab67616d0000b273c6a26af9afe747ccf8a3cfea
45rQnKRoVSTGg1mvd1ddGs,Vortex 135 (Mall Grab Remix),Special Request,,https://i.scdn.co/image/ab67616d0000b273a2ea208f9714a6cfd1722ce2
5gBwzfInkXIQS7WWe3wVrU,"Fireman Sam (1987) Main Theme [From ""Fireman Sam""] [Sped-Up Version]",Speed Geek,,https://i.scdn.co/image/ab67616d0000b273afebe3a9ded87ca703d27228
5OPPgzshSZ5rS40I5N3vqO,And Now Christmas,Various Artists,,https://i.scdn.co/image/ab67616d0000b273173ba4255629e7de59d155a1
6JcXasxsnajzwP5qjzqjec,60s Psychedelic Rock,Various Artists,,https://i.scdn.co/image/ab67616d0000b27392e7d987a6a0c33565aea3f8
7abtUREeDg9JhCKfY6B5wh,Dubstep Floor Fillers 2013 Vol.3,Various Artists,,https://i.scdn.co/image/ab67616d0000b273be278ba23c38de51dd77d187
7mgVRTYZImWwGlbfJYfIgf,Greensleeves Official Dancehall Mixtape Vol. 1 - Bobby Konders / Massive B,Bobby Konders,,https://i.scdn.co/image/ab67616d0000b273a7a4d1c38137ac635a377652
3RJcXXVLIQxLlppvvM6xLR,Feed Me Weird Things (Remastered),Squarepusher,1996-01-01,https://i.scdn.co/image/ab67616d0000b273ec3fb627f768991662b2870e
2llsDTPNUbOw46ruEeGThR,We Are Reasonable People,Various Artists,,https://i.scdn.co/image/ab67616d0000b2737ac03fd0acedacc192d01e22
0L1apAXxXqnl3vMpJMVO2b,Speedy Wunderground - Year 4,Various Artists,2019-12-06,https://i.scdn.co/image/ab67616d0000b273d32ed49b550cc4a3d89679d5
1LAGbpQJIl1vUhpGmmnSUd,Rudolph The Red-Nosed Reindeer,Burl Ives,1965-12-01,https://i.scdn.co/image/ab67616d0000b273edcc2355b480d00f8aad8422
2W6Hvrtg2Zpc9dW4aBDbdP,Getz/Gilberto (Expanded Edition),Stan Getz,1964-03-01,https://i.scdn.co/image/ab67616d0000b273417cc363d7286a88489dee3c
6QuUmeN2cZD9qICDOfetFN,A Merry Christmas (Expanded Edition),Stan Kenton,1961-10-16,https://i.scdn.co/image/ab67616d0000b273d8109c9c4e3aa52f81dce8b7
3LvxVE6rEZJgrEcq6xsZx1,Herdersmat part 23-29,Various Artists,2020-01-24,https://i.scdn.co/image/ab67616d0000b27349267d8a2e378e62a761eed0
3aRPpuWWcNUCYPEXoA7U4R,#FFF,Various Artists,2020-09-23,https://i.scdn.co/image/ab67616d0000b27376fb40ba6f1536caec60fa2b
4ptIoJvhXyOBhkrgdAvWL0,DJ-Kicks (Mount Kimbie) [DJ Mix],Mount Kimbie,2018-09-28,https://i.scdn.co/image/ab67616d0000b273e54606c577ded3b19cffdefa
1EsPxBNjniQmnvJE76Ojub,Stanley Kubrick : Music From His Greatest Movies,Various Artists,2011-06-15,https://i.scdn.co/image/ab67616d0000b27306fa792d1e7f736c6f8d717d
6aBXoj3Roczy0ALK661oZB,Stars (feat. Anneka),Starkey,2010-03-08,https://i.scdn.co/image/ab67616d0000b273fb3f8552dc53135b0a669de3
6J3VYjuaBXLFaaPSLU3UX5,Merry Xmas,Various Artists,2014-11-05,https://i.scdn.co/image/ab67616d0000b273142805cfe285e7401f255385
3L6yuuvIFVNQEOQ0F3rwn8,Music For Seventies,Various Artists,2007-01-01,https://i.scdn.co/image/ab67616d0000b273bec355c28a61688b0e8b3f01
7c6mpStYw1NX4itJX4LWgz,All Around My Hat (2009 Remaster),Steeleye Span,1975-10-25,https://i.scdn.co/image/ab67616d0000b2737826f8f71e3f06b8955e93ad
0BM1tLMCFHG9EbnSaRruGf,Below the Salt (2009 Remaster),Steeleye Span,1972-10-14,https://i.scdn.co/image/ab67616d0000b2736fae2b67c42f0f91343e75f7
3fY4lCONvraB0yZgJjhKOi,Parcel of Rogues (2009 Remaster),Steeleye Span,1973-04-28,https://i.scdn.co/image/ab67616d0000b2730f4f48122b73fdbfab4e05fe
72F9une5nhlvkkDO6YlNO0,Reelin' In The Years (Live),Steely Dan,2021-07-26,https://i.scdn.co/image/ab67616d0000b273cf3c2679b720a73f69e176ce
5St5kM6jlDLbvnCP48JIis,La polizia sta a guardare (Original Motion Picture Soundtrack),Stelvio Cipriani,,https://i.scdn.co/image/ab67616d0000b273f1f8b58c001e4adc76b5c91f
1xE81qOtroPlmxjohDV5cU,Crazy Heart (Deluxe),Various Artists,2015-10-01,https://i.scdn.co/image/ab67616d0000b27365730136bdbf011d9e45769d
1woCvthHJakakroP6dXNxs,Wicked (Original Broadway Cast Recording / Deluxe Edition),Stephen Schwartz,2013-01-01,https://i.scdn.co/image/ab67616d0000b273f3eaae22e1c6b26400073c05
30JKFhrKYOSsRgmpCuUpvL,World Service 2,Dave Clarke,,https://i.scdn.co/image/ab67616d0000b273adeb63c95c7ee64a1a2abb6c
5Xy8ZcLEvyUXTJ9sWhPlcT,Mars Audiac Quintet (Expanded Edition),Stereolab,,https://i.scdn.co/image/ab67616d0000b273fe7783e718b78f9b0f7ca486
7zdZNXoapFcOW663zgLdOE,The Jungle Book,Various Artists,1997-01-01,https://i.scdn.co/image/ab67616d0000b273d897c1143b832479966b407d
0XMXhVnnv6mMooaF4Nq5dU,Domo 10th Anniversary Collection,Various Artists,2005-02-08,https://i.scdn.co/image/ab67616d0000b273f90c545e8c3c069d6618aba3
1ruj5tLGElI9NSWoo8ifvH,fabric 96: DVS1 (DJ Mix),DVS1,2017-12-08,https://i.scdn.co/image/ab67616d0000b273bb3800bfbcdf10503f461002
20QIyPidVPXbZHmB9I8NZ3,Dust Filled Room,Bill Fay,2021-11-02,https://i.scdn.co/image/ab67616d0000b2736d14daa4ba511b4d0305b704
30KqtKSWR8OQe0mB4EdepA,Lone Survivor (Original Motion Picture Soundtrack),Explosions In The Sky,2013-12-17,https://i.scdn.co/image/ab67616d0000b2737720e9fee5d7be232e4fac2f
4i5WP3FLoYnYOab9ir7aSu,"Progress, Vol. 1",Various Artists,2011-01-17,https://i.scdn.co/image/ab67616d0000b2735e2bc1c41203dd10ef63db91
6dGk3psXIRbF9zvquHHIke,Speedy Wunderground: Year 1,Various Artists,2014-05-26,https://i.scdn.co/image/ab67616d0000b273b401a21d613a8a8c9ca1081c
5papKtsNWh9DVNbZwYg8l5,Work That,Robert Armani,2017-05-05,https://i.scdn.co/image/ab67616d0000b273df71025a915d7d2580474c12
6SKv2Rr9Ww3IRiBdnPXciz,I Love Techno 2008,Boys Noize,,https://i.scdn.co/image/ab67616d0000b273c24a59139d2be58bf104cf6a
4fWotoq0R0Tev0QYEm84Bx,The Big Apple Bites Back,Joey Beltram,1998-08-02,https://i.scdn.co/image/ab67616d0000b273cdc5290f2ab2dd975ba1ce1b
0Nyb4zQtQlzN5JIgy8geyn,Cellisten 2.5,Ulrik Lundström,2017-05-11,https://i.scdn.co/image/ab67616d0000b2733d78c033233a09c68a9e713a
4QPbmEVlqSd6PTMIeLR6OO,SubBerlin (The Story of Tresor),Various Artists,2012-05-07,https://i.scdn.co/image/ab67616d0000b2733f24603bf48250ff19b2c3ce
1IYQWckVYFQl1Vt2llnHa8,70s Punk Classics,Various Artists,2018-02-07,https://i.scdn.co/image/ab67616d0000b273368d79a0e341a9c04a8aed56
6REUYYy5tQ3Z1JlAQAjmjU,80s Punk Classics,Various Artists,2018-06-27,https://i.scdn.co/image/ab67616d0000b273037820d207dec44c79a3b4f9
2IKQbqaZhhEnTI6ha9udxP,DJ-Kicks (Maceo Plex) [DJ Mix],Maceo Plex,2013-04-29,https://i.scdn.co/image/ab67616d0000b273d88802f2e7e62188888040a3
6NlhdusTOZaLLDOBphgkNF,Focus On: Boysnoize Records,Various Artists,2009-04-19,https://i.scdn.co/image/ab67616d0000b273cba29cc530f0027e5a584f03
0wKU4153oTf5Ne3Wbbcykd,Suicide (2019 - Remaster),Suicide,1977-12-28,https://i.scdn.co/image/ab67616d0000b2736f3c21dcc76950daea2661b0
54NUwj7U1MOhA1ZGbnhiMz,Dil Se (Original Motion Picture Soundtrack),A.R. Rahman,1998-07-08,https://i.scdn.co/image/ab67616d0000b2734e2aa94e199e50bc8e10646f
2Z0yypS9AyYAbuxzeOAMhx,DJ-Kicks (Motor City Drum Ensemble) [DJ Mix],Motor City Drum Ensemble,2011-07-04,https://i.scdn.co/image/ab67616d0000b273612d3ad65f7518b8fcc2286a
2oXa4JIw5tKAv6PVhSrhnp,Where Did He Come From? (Radio Edit),Sunday,2019-07-08,https://i.scdn.co/image/ab67616d0000b27309faf9ef597a9dcd2c06039a
57a0NSiO1Kawn5BfvDTidC,Surgeon (2014 Remaster),Surgeon,2014-09-15,https://i.scdn.co/image/ab67616d0000b2733384c33f2a075f700e6db7d3
12qwOiddomUzLkGTTysLqX,LF RMX 019,Various Artists,2019-10-28,https://i.scdn.co/image/ab67616d0000b2737aef54c860f1937c575ef5da
3k8ERuKCVV62pWW6xrpsuA,Tresor Records 20th Anniversary Mix (Mixed By Mike Huckaby),Mike Huckaby,2011-11-28,https://i.scdn.co/image/ab67616d0000b273ccfbe13b51f7b27ca8963671
2pQu77RxRl4AkavYtkygxa,Rare Tracks 1995-1996 (2014 Remaster),Surgeon,2015-06-08,https://i.scdn.co/image/ab67616d0000b273af0d28b005a5f4169ba176d1
2W177bFTsW1KuiqHvtgcXp,Street Bangers Factory 09,Various Artists,2018-03-09,https://i.scdn.co/image/ab67616d0000b273475f0ea4fc03e35eec1f12d5
6yHBIYcEQaKzafljkBvJia,MODUS OPERANDI 005 (mixed by TRAXMAN),Moveltraxx Presents,2020-06-11,https://i.scdn.co/image/ab67616d0000b2739364cdda364e66d2d6cc288f
1wbY6VUchNsZLaDi22eD3J,Hercules (Original Motion Picture Soundtrack),Alan Menken,1997-01-01,https://i.scdn.co/image/ab67616d0000b273f6a713be4f418307ab7ffaf4
5VeD79fcAGrvxWTwiWSVfh,Shrek The Musical,Various Artists,2008-01-01,https://i.scdn.co/image/ab67616d0000b273cc0561d9d52d426161e808da
1F8Hmjm8xJC1OhSEMn7pDR,If You Knew Suzi… (2017 Remaster),Suzi Quatro,1978-08-12,https://i.scdn.co/image/ab67616d0000b273cc802c70869d97777ac42ed6
3tLe4xr0HkqxdaDmmLV9KS,Warp10+2 Classics 89-92,Various Artists,1999-10-11,https://i.scdn.co/image/ab67616d0000b2731589318ded0a6fe95bd9d148
5ypTZkhsQCgiSMdtrzq2P2,Keep Off,Adultnapper,2010-02-05,https://i.scdn.co/image/ab67616d0000b2736e099c904d6622ba060871eb
4I6yFjoETcbzCfIiaW4G1f,Remixes,Various Artists,2017-09-22,https://i.scdn.co/image/ab67616d0000b273913f22c7755d89785ae72494
4ptIoJvhXyOBhkrgdAvWL0,DJ-Kicks (Mount Kimbie) [DJ Mix],Mount Kimbie,2018-09-28,https://i.scdn.co/image/ab67616d0000b273e54606c577ded3b19cffdefa
5B4sJsb4dTCJ0JUcZTULfn,Scott Pilgrim vs. the World (Original Motion Picture Soundtrack),Various Artists,2010-01-01,https://i.scdn.co/image/ab67616d0000b273e179d5018401c59559b393ec
18VQTe0yVWhpEQ0OcF1J6B,2 Step UK Garage 1997-2000,TJ Cases,2011-09-15,https://i.scdn.co/image/ab67616d0000b273dec64a588601c8a495f8ee79
6dGk3psXIRbF9zvquHHIke,Speedy Wunderground: Year 1,Various Artists,2014-05-26,https://i.scdn.co/image/ab67616d0000b273b401a21d613a8a8c9ca1081c
1bSqWfq2fSJ9vcz0EsEa5l,Through Lines,Martyn,2024-05-10,https://i.scdn.co/image/ab67616d0000b273e593b989e794d50ee4e9181a
7B9xosBRjsy4gxo3cubzdB,Porsche Majeure (Original),TVAM,2015-10-16,https://i.scdn.co/image/ab67616d0000b2739fee96af65b0dea2c8e4a164
1v6Iy2iifmv0RrMQUOjdVf,Club Cult (Remixes),TWR72,2023-12-08,https://i.scdn.co/image/ab67616d0000b27333d6ad71c44ff6fd62b2af12
3zTHq5cj2KLev9c7eFJ7CI,The Complete Blue Note and Capitol Recordings,Fats Navarro,1995-01-01,https://i.scdn.co/image/ab67616d0000b2739cf313cdcbd485716097f35c
1etFABBfm75a4zNvHT7bKW,To You (Chill Mix),Taiki Nulight,2021-03-19,https://i.scdn.co/image/ab67616d0000b273b888af7651beec50a1a63128
5k20ca8UZitmotLLHEA249,Amazing 90's Party,Various Artists,2014-04-22,https://i.scdn.co/image/ab67616d0000b2730f14ae4b3348d57a598ad321
4MS5MLHPRAPhZYZ90Y5Pwc,Crystal Dream Erik Satie & Takashi Yoshimatsu Piano Works,Pascal Rogé,2010-08-18,https://i.scdn.co/image/ab67616d0000b273e4263f4d69aee66f13ff2525
1lMQ0Ljto10xttXoGGsPhY,Dirt in the Keyboard (Baby Rollén Remix),Talk Show,2022-11-11,https://i.scdn.co/image/ab67616d0000b2737ddc83edf41b0a3b21d3527b
4A3cOTzJ1bcoKgOnXE1TU4,Remixed (2003 Remaster),Talk Talk,,https://i.scdn.co/image/ab67616d0000b273f1490aba2a4a6530169d8557
3AQgdwMNCiN7awXch5fAaG,Remain in Light (Deluxe Version),Talking Heads,1980-10-08,https://i.scdn.co/image/ab67616d0000b273e56fa8c916dc6ce419dcf557
4sLCQxMRfn3gAHrBNZtbTH,Speaking in Tongues (Deluxe Version),Talking Heads,1983-05-31,https://i.scdn.co/image/ab67616d0000b273e35e2e2a4bfa8a30a78fc532
5dVZpNJraoqCo3BssinMoo,Fear of Music (Deluxe Version),Talking Heads,1979-08-03,https://i.scdn.co/image/ab67616d0000b2738365f74aa622b1b86962c8dd
5eqcF7pWzHgWpGdEmHgeSN,Talking Heads '77 (Deluxe Version),Talking Heads,1977-09-16,https://i.scdn.co/image/ab67616d0000b273e71708b667804f6241dd1a59
4FR8Z6TvIsC56NLyNomNRE,Stop Making Sense (Live),Talking Heads,,https://i.scdn.co/image/ab67616d0000b273689b2ab688caacbca226fcb8
01RJdKvXyz515O37itqMIJ,More Songs About Buildings and Food (Deluxe Version),Talking Heads,1978-07-14,https://i.scdn.co/image/ab67616d0000b273b7307213fae24e3fbcbe46aa
1IYQWckVYFQl1Vt2llnHa8,70s Punk Classics,Various Artists,2018-02-07,https://i.scdn.co/image/ab67616d0000b273368d79a0e341a9c04a8aed56
0WHUNPWKwUvnkSqoT8z6BU,Rock Da House (2006 Remixes),Tall Paul,2006-08-27,https://i.scdn.co/image/ab67616d0000b273ec243f3ea1a6fffe7a94ebd1
1nEIDdZVHM6WyeT0bSnlmu,Extraordinary Renditions,Various Artists,2016-05-27,https://i.scdn.co/image/ab67616d0000b27354b1fb310374d83be85b205c
2kXB6nu0ehsiILc2ngCjaF,The Dedication (To Ska-Lla Records),Tapes,2013-07-15,https://i.scdn.co/image/ab67616d0000b27351312161716021ec9417e32f
5pljHWlADyv8mbDvg5jg8a,Workshop 21,Various Artists,2015-03-13,https://i.scdn.co/image/ab67616d0000b27351d5b689299c069dd1d0cd09
1yGbNOtRIgdIiGHOEBaZWf,1989 (Deluxe),Taylor Swift,2014-01-01,https://i.scdn.co/image/ab67616d0000b27352b2a3824413eefe9e33817a
3mn4dhcG60BHDPxH8h7BPr,La gitane (Gypsy Jazz manouche),Tchan-Tchou Vidal,1953-10-04,https://i.scdn.co/image/ab67616d0000b273bced3d999944351fc7b4f812
06J93pgtDCUw6bsAQINhCs,Songs From The Big Chair (Deluxe),Tears For Fears,1985-02-25,https://i.scdn.co/image/ab67616d0000b27306b6bd6a604768e044abbd38
2xBh47tI3AfjM745138X7R,"House Definition, Vol. 4",Ricardo Guedes,2017-04-15,https://i.scdn.co/image/ab67616d0000b273ddd8ad8f71d06c2b4147b487
2Mv0RbUH7rfVzPoaIe5syu,Lockdown Gymtime: Go to Workout,Various Artists,2020-11-20,https://i.scdn.co/image/ab67616d0000b27306e9f492c67d4ffdab46dc78
2QrINaaKpAWNtQfjzNaP5y,The Wiz,Various Artists,1978-01-01,https://i.scdn.co/image/ab67616d0000b273cab9abcfe45386e21e8b8376
4910t2DpHO9RQd2XctS8wT,"Welcome To Zamrock! How Zambia's Liberation Led To a Rock Revolution, Vol. 1 (1972-1977)",Various Artists,2017-05-19,https://i.scdn.co/image/ab67616d0000b2738fab698552d62748f528a284
0guw5jv6bSxudPFTTcpi4p,From The Sony Vault: Silly Scary Songs,Various Artists,2012-10-23,https://i.scdn.co/image/ab67616d0000b273d8cc05c40d39ce449eb7c83a
1RsRcawTHLE4NRvPXHWu6d,Grand Prix (Remastered),Teenage Fanclub,1995-05-29,https://i.scdn.co/image/ab67616d0000b273009e277693241201a82ed486
2og4XMzSG198O8ibnQmsZZ,Speedy Wunderground: Year 2,Various Artists,2016-06-17,https://i.scdn.co/image/ab67616d0000b273e3fa7724802be545de0d5d99
4eHq4AKoPUNS0Wey3pxOik,Speedy Wunderground - Year 2,Various Artists,2016-06-17,https://i.scdn.co/image/ab67616d0000b273249b5dd21eb782784dc6c345
1mMy79IOzwQyoD6dg8568p,Temple Of The Dog (Deluxe Edition),Temple Of The Dog,2016-04-16,https://i.scdn.co/image/ab67616d0000b273f14d3a7f5da85d0679549f72
2dxoNtDnzAQDMkyipJceIl,Traditional Christmas Carols & Songs - The Essential Collection,Various Artists,2015-11-20,https://i.scdn.co/image/ab67616d0000b273137ff5fdbc5f2f98525d5148
3s2PCuMrBgJEzyic9pXQAY,10,Various Artists,2023-12-15,https://i.scdn.co/image/ab67616d0000b27366382cb31b4f04a32879798a
4dBwcPAUEHHTOMmyHNMp9J,The Lab 04 - Paul Woolford,Various Artists,2012-06-25,https://i.scdn.co/image/ab67616d0000b273fe5af7a8a51e8ce9c2a0d158
2cX2VDaXtAvTgZbSOZe2T7,The New Folk Sound Of Terry Callier (Deluxe Edition),Terry Callier,1968-01-01,https://i.scdn.co/image/ab67616d0000b273b998febae33992b01da631d5
59ATT6o8WWbHkElIwkqkVN,Soul Music,Special Request,2013-10-21,https://i.scdn.co/image/ab67616d0000b2737751e495abe8326867d3a07a
2imzqf0QVuJD7WfVl9G9Xo,The Sound Of Belgium Vol. 3,Various Artists,,https://i.scdn.co/image/ab67616d0000b273fa0c538032a10ff031184291
6TtGnBcJyvBfNGQDIUJg6j,仮面ライダー 平成ジェネレーションズ FINAL ビルド&エグゼイド with レジェンドライダー オリジナルサウンドトラック,Various Artists,2017-12-06,https://i.scdn.co/image/ab67616d0000b273eedf5eb1d57852f8d0e0c18a
12i6rxeB8sFG8jMIEZV2N8,From The Sony Vault: Christmas With The Big Bands,Various Artists,2012-12-18,https://i.scdn.co/image/ab67616d0000b27341b0ef536eae9ea06dd05ddf
4dXMLhUAgiASYrCg1h9vYJ,"Wave the Ocean, Wave the Sea: Alan Lomax's ""Southern Journey,"" 1959–1960",Various Artists,2010-12-14,https://i.scdn.co/image/ab67616d0000b2737884be64b32a6090206cd51e
4PMQjA2UuxRL5RMWKRpKZv,"I'll Be So Glad When the Sun Goes Down: Alan Lomax’s ""Southern Journey,"" 1959–1960",Various Artists,2011-01-18,https://i.scdn.co/image/ab67616d0000b27300f9e6475593aee167f5cba1
2equHwDjogZfYOFfqyu5cw,Bangs & Works Vol.1 (A Chicago Footwork Compilation),Various Artists,2010-12-06,https://i.scdn.co/image/ab67616d0000b27333d98ab5f685dcf4a302329b
6EShA1FkOyix9LWx3Qnupt,Bangs & Works Vol. 2 (The Best Of Chicago Footwork),Various Artists,2011-11-07,https://i.scdn.co/image/ab67616d0000b273baacc12df2c8be03b3a1085d
2zn5A07eHENpWATjtscdRL,The Ultimate Jazz Christmas,Various Artists,2006-01-01,https://i.scdn.co/image/ab67616d0000b2730eadfa4f17061eabf8e0260d
1vmmWV6zF5zyLaBzoT2Qel,Punk: Lost & Found,Various Artists,2013-08-13,https://i.scdn.co/image/ab67616d0000b273a5bfd224b7b1fd8c88e20216
0eAvWdERs2EKCcCnzfaCkq,Good Clean Fun,Various Artists,2011-09-26,https://i.scdn.co/image/ab67616d0000b2738ee049cde6d696ad07be4759
3wA44QioQNcq7ph5ZfBAco,Blueprint25,Various Artists,2021-10-29,https://i.scdn.co/image/ab67616d0000b273d25caeb42487cea21b259b05
4ptIoJvhXyOBhkrgdAvWL0,DJ-Kicks (Mount Kimbie) [DJ Mix],Mount Kimbie,2018-09-28,https://i.scdn.co/image/ab67616d0000b273e54606c577ded3b19cffdefa
4QPbmEVlqSd6PTMIeLR6OO,SubBerlin (The Story of Tresor),Various Artists,2012-05-07,https://i.scdn.co/image/ab67616d0000b2733f24603bf48250ff19b2c3ce
5fEIJ1DoLL692ykIx5TD6g,Off The Wall - Ten Years of Wall of Sound,Various Artists,2006-12-31,https://i.scdn.co/image/ab67616d0000b2734fb449977172100c4cae40b0
2C3IMyq4gHFQ51m2vIRv43,There'll Always Be a Christmas (Expanded Mono Edition),The Ames Brothers,1957-11-22,https://i.scdn.co/image/ab67616d0000b273e6eef9eb1a7c3f5efed6d8a0
0w8UpAutS4akZSqbvJH4fk,A Merry Christmas With Bing Crosby & The Andrews Sisters (Remastered),Bing Crosby,2000-02-01,https://i.scdn.co/image/ab67616d0000b2739df5bce21c38d0895e6edf72
14rDmnkbH2Ptrm4CemkMp7,White Christmas,The Andrews Sisters,2016-11-01,https://i.scdn.co/image/ab67616d0000b273f5effeacf21bb6fec8e1bb30
4NxR2vaX7nNyl68wphXgo0,Electronic 80s,Various Artists,2021-04-16,https://i.scdn.co/image/ab67616d0000b273d9ffbe20a6639f023b13efeb
0cm2Hh4rzchNp2n9iNyAHb,Submerge Vol.1:Detroit Techno,Submerge,2008-07-29,https://i.scdn.co/image/ab67616d0000b273f5cba0c1f4a38cee3b8a9fda
5W1Edymn770xzmcHUj63Hy,DJ Vibe Presents Global Grooves Vol.2,Various Artists,2002-01-17,https://i.scdn.co/image/ab67616d0000b2731f75655ac25cc8feb755984b
7678JUhsRqHs6GiSg5ojq6,Vamp Till Ready - Dame Edna's Warm-up Music,Various Artists,2003-01-01,https://i.scdn.co/image/ab67616d0000b273b20e3e0c9233e9e8c2a83f32
3ZOKU5P9LZ38FVCB9Yg6AF,Plebs Original Soundtrack,Various Artists,2014-10-20,https://i.scdn.co/image/ab67616d0000b273a0ca7b7648d6cdc71188c655
0ky5kdvfPxSmSpj03hpSAE,Music From Big Pink (Remastered),The Band,1968-07-01,https://i.scdn.co/image/ab67616d0000b27320bbceac6950d3fe13fa13c3
7uqVE9qWdqjtDeLpdHyMxP,The Last Waltz (Deluxe Version),The Band,2002-12-16,https://i.scdn.co/image/ab67616d0000b273415e5ff0f5a631e22af127a6
0nPrnmv6maJLLaPpy1cWGB,The Band (Expanded Edition),The Band,1969-09-22,https://i.scdn.co/image/ab67616d0000b273446be683f351a7f76474296d
6GphKx2QAPRoVGWE9D7ou8,Pet Sounds (Original Mono & Stereo Mix),The Beach Boys,1966-06-16,https://i.scdn.co/image/ab67616d0000b273bde8dfd1922129f3d9e3732f
37rNuexqEXWeSIOiJtn3A9,Smiley Smile (Remastered),The Beach Boys,1967-09-18,https://i.scdn.co/image/ab67616d0000b273fb9dac3244b8486758058a81
1AhsZr98dNCfhO1XC4Ht7C,Surfer Girl (Remastered),The Beach Boys,1963-09-16,https://i.scdn.co/image/ab67616d0000b2733149dcf7671f99b4b52f8b91
1klALx0u4AavZNEvC4LrTL,The Beatles (Remastered),The Beatles,1968-11-22,https://i.scdn.co/image/ab67616d0000b2734ce8b4e42588bf18182a1ad2
6QaVfG1pHYl1z15ZxkvVDW,Sgt. Pepper's Lonely Hearts Club Band (Remastered),The Beatles,1967-06-01,https://i.scdn.co/image/ab67616d0000b27334ef8f7d06cf2fc2146f420a
0ETFjACtuP2ADo6LFhL6HN,Abbey Road (Remastered),The Beatles,1969-09-26,https://i.scdn.co/image/ab67616d0000b273dc30583ba717007b00cceb25
3PRoXYsngSwjEQWR5PsHWR,Revolver (Remastered),The Beatles,1966-08-05,https://i.scdn.co/image/ab67616d0000b27328b8b9b46428896e6491e97a
50o7kf2wLwVmOTVYJOTplm,Rubber Soul (Remastered 2009),The Beatles,1965-12-03,https://i.scdn.co/image/ab67616d0000b273ed801e58a9ababdea6ac7ce4
2BtE7qm1qzM80p9vLSiXkj,Magical Mystery Tour (Remastered),The Beatles,1967-11-27,https://i.scdn.co/image/ab67616d0000b273692d9189b2bd75525893f0c1
3KzAvEXcqJKBF97HrXwlgf,Please Please Me (Remastered),The Beatles,1963-03-22,https://i.scdn.co/image/ab67616d0000b273dbeec63ad914c973e75c24df
1cTeNkeINtXiaMLlashAKs,The Beatles 1967 - 1970 (Remastered),The Beatles,1973-04-02,https://i.scdn.co/image/ab67616d0000b2736e3d3c964df32136fb1cd594
1gKZ5A1ndFqbcrWtW85cCy,Yellow Submarine (Remastered),The Beatles,1969-01-17,https://i.scdn.co/image/ab67616d0000b273d283808926ad3d2220e63c1c
1aYdiJk6XKeHWGO3FzHHTr,With The Beatles (Remastered),The Beatles,1963-11-22,https://i.scdn.co/image/ab67616d0000b273608a63ad5b18e99da94a3f73
1vANZV20H5B4Fk6yf7Ot9a,Beatles For Sale (Remastered),The Beatles,1964-12-04,https://i.scdn.co/image/ab67616d0000b27355612ece447bec5d62c68375
0jTGHV5xqHPvEcwL8f6YU5,Let It Be (Remastered),The Beatles,1970-05-08,https://i.scdn.co/image/ab67616d0000b27384243a01af3c77b56fe01ab1
0PT5m6hwPRrpBwIHVnvbFX,Help! (Remastered),The Beatles,1965-08-06,https://i.scdn.co/image/ab67616d0000b273e3e3b64cea45265469d4cafa
1ntNLgaYCFCkeW4flGYlY2,Sgt. Pepper's Lonely Hearts Club Band (Super Deluxe Edition),The Beatles,1967-05-26,https://i.scdn.co/image/ab67616d0000b273c92b57b8307e5999ec2fed69
7vEJAtP3KgKSpOHVgwm3Eh,1 (Remastered),The Beatles,2000-11-13,https://i.scdn.co/image/ab67616d0000b273582d56ce20fe0146ffa0e5cf
6wCttLq0ADzkPgtRnUihLV,A Hard Day's Night (Remastered),The Beatles,1964-07-10,https://i.scdn.co/image/ab67616d0000b273e230f303815e82a86713eedd
3GmCXW10kLxmZrEY0JpRlw,Past Masters (Vols. 1 & 2 / Remastered),The Beatles,1988-03-07,https://i.scdn.co/image/ab67616d0000b2738d23bdb7c0a6c420f4ffa644
1a0cztlyhMUAvzVkMpBP5Z,Off the Wall: Ten Years of Wall of Sound,Various Artists,2006-12-31,https://i.scdn.co/image/ab67616d0000b2731d348b7e0f6d3f10a2e578c6
3FjXJgcn9ura7t1HYczrQ5,50's Rock 'N' Roll Classics,Various Artists,2013-01-15,https://i.scdn.co/image/ab67616d0000b273514ee7f4c2ef76517d043d4b
47LtDToMAiWFznI0BROaj6,Wheedle's Groove - Seattle's Finest in Funk & Soul 1965-75,Various Artists,2008-12-22,https://i.scdn.co/image/ab67616d0000b273dcc7cdef6695c8beb8981de4
6ikuGDbXwhur7AmfxjAuXP,Warp 2.019 (feat. Steve Aoki) [Steve Aoki & Kayzo Remix],The Bloody Beetroots,2019-06-07,https://i.scdn.co/image/ab67616d0000b27398fbb4d76c44756de489163c
2RuYwEfFyI2KSvn5miJB0M,Swagger (Deluxe Version),The Blue Aeroplanes,1990-02-24,https://i.scdn.co/image/ab67616d0000b2738434644094997924eefb7278
2og4XMzSG198O8ibnQmsZZ,Speedy Wunderground: Year 2,Various Artists,2016-06-17,https://i.scdn.co/image/ab67616d0000b273e3fa7724802be545de0d5d99
1GrBdn4RaB9ZRHDK8UXour,4 To The Floor Presents Fourth Floor Records,Various Artists,2017-05-05,https://i.scdn.co/image/ab67616d0000b273421d872d18614022e03276b8
7DeXMePPzsB5ztt4CrZGAV,Daptone Records Singles Collection: Volume 5,Various Artists,2019-06-28,https://i.scdn.co/image/ab67616d0000b2735dd4aa83e609751356c9cfcf
3ndGZ1YjbT2kvlU0BMbbKM,The Tenors (Australian Version),The Canadian Tenors,2012-01-01,https://i.scdn.co/image/ab67616d0000b273c2eb17cd18c95ef0da24e134
7LPfdVDw4uXf9Bw5LQDESf,Heartbeat City (Expanded Edition),The Cars,,https://i.scdn.co/image/ab67616d0000b273f607580794ed5b352884fd47
7KpSpJbHn3SYZIMHKkdO6V,Shake It Up (Expanded Edition),The Cars,,https://i.scdn.co/image/ab67616d0000b273e08e57152a41c1bed7110d1b
1IYQWckVYFQl1Vt2llnHa8,70s Punk Classics,Various Artists,2018-02-07,https://i.scdn.co/image/ab67616d0000b273368d79a0e341a9c04a8aed56
3ZAFnRYQRAiBplISQFj7nC,Country Music - A Film by Ken Burns (The Soundtrack) [Deluxe],Various Artists,2019-09-06,https://i.scdn.co/image/ab67616d0000b273f435492c0c10abee29079b03
7jS6vy3t8T86wPcSoZuBZl,I Won't Have To Think About You: Compiled by Bayu and Moopie,Various Artists,2017-11-17,https://i.scdn.co/image/ab67616d0000b2731bbd4d548abe8e4a85d6be5f
5QDU0TEcdV2m1wRDgGK7rO,VE Day - A Celebration,Various Artists,2010-02-23,https://i.scdn.co/image/ab67616d0000b273166e9d3f8e06c6e3c018ea30
1kr5PKqCSq5walEVhxNa77,Save Yourself (NGHTMRE VIP REMIX),The Chainsmokers,2018-12-07,https://i.scdn.co/image/ab67616d0000b273c86540e5d192b1c1d5b3d6af
5yhNY3zM1Vx1oaL3GYTWIZ,Don't Let Me Down (Remixes),The Chainsmokers,2016-05-27,https://i.scdn.co/image/ab67616d0000b27317e91c66eac95d844e8595da
3FjXJgcn9ura7t1HYczrQ5,50's Rock 'N' Roll Classics,Various Artists,2013-01-15,https://i.scdn.co/image/ab67616d0000b273514ee7f4c2ef76517d043d4b
0w6rREgwb98ePeOqC8R0bG,Born In The Echoes (Deluxe Edition),The Chemical Brothers,2015-07-17,https://i.scdn.co/image/ab67616d0000b2734c48b90e29b6bf088e5cb7e7
1ONcBI5iXbqviURsZg8e9Q,Cylinders (25/9/96),The Chemical Brothers,2022-06-17,https://i.scdn.co/image/ab67616d0000b2731845b4ef84611c5f33da27ab
0koZYtM93uGBsPaD2uqa8A,Brotherhood (Deluxe),The Chemical Brothers,2008-01-01,https://i.scdn.co/image/ab67616d0000b27344f701af75fdefd84ece364a
1KOGL38USaflDwSSO1fpFT,Good Times Skank: Joey Jay (Good Times Sound System),Various Artists,2002-08-05,https://i.scdn.co/image/ab67616d0000b27393ad561488ff8b78b98a940b
4DuAYPs6J4YBSxxeFec6X8,Colour (Bonus Tracks Edition),The Christians,1990-01-01,https://i.scdn.co/image/ab67616d0000b2732f7e35c321bf72b746d86627
1679aVZpSJzjnB5HUmRvJa,The Christians (2012 Bonus Tracks Edition),The Christians,1987-01-01,https://i.scdn.co/image/ab67616d0000b273accc2ef38790382a4a1bf9be
6i4ReBswWlyNxR0zDRYJZY,100 Greatest Film Themes,Various Artists,2007-05-28,https://i.scdn.co/image/ab67616d0000b273d1e82dd407251e99d6834883
6zIKCZ5kl5yJs3vB7zgkR8,Irish Folk Collection - 40 Tracks for St Patrick's Day,The Clancy Brothers,2015-02-24,https://i.scdn.co/image/ab67616d0000b273dee56908746250f90e188326
7gZilZGYr8M7UwEeYvdAKZ,Greetings From Imrie House (U.S. Version),The Click Five,2005-08-08,https://i.scdn.co/image/ab67616d0000b2732a6a46f1e8a127da4dd8af27
2cQDvWsC7aO49ssI8EnMId,I Was Made for Lovin' You,Nostalgie Disco,2019-09-12,https://i.scdn.co/image/ab67616d0000b273e7309fba5ac89f8f813d9472
1qscQwJU4kbGvTnyx0Vo30,Total Reggae: Classic Roots,Various Artists,2008-06-24,https://i.scdn.co/image/ab67616d0000b2734ca5e0396be76dfe24283243
61tm5F4leYEEoPPcqkOblM,"O Brother, Where Art Thou? (Music From The Motion Picture / Deluxe Edition)",Various Artists,2000-12-05,https://i.scdn.co/image/ab67616d0000b273672340d87746d98ab5b0b3d1
5fEIJ1DoLL692ykIx5TD6g,Off The Wall - Ten Years of Wall of Sound,Various Artists,2006-12-31,https://i.scdn.co/image/ab67616d0000b2734fb449977172100c4cae40b0
2kzkwgOFAtRsDsas5Hi0Qu,A Christmas Gift For You From Phil Spector,Various Artists,,https://i.scdn.co/image/ab67616d0000b273adad4220d51bd720481d4be4
1keBgl5vblFhSc3nMZxPXG,The Head On The Door (Remastered),The Cure,1985-08-26,https://i.scdn.co/image/ab67616d0000b27326590dee77103a16e935eadc
1VuCANtzxz5NtmOD2x0y2e,Summer Jazz,Various Artists,2009-07-13,https://i.scdn.co/image/ab67616d0000b27301478940870065d0abc6bcdb
6v5uK6Y4PbR2jIIGwJrsuL,Glad All Over (2019 - Remaster),The Dave Clark Five,1964-07-06,https://i.scdn.co/image/ab67616d0000b27386b70e6e83cf70beb5521fbd
7Dd6h4I2N7eyugFXk0HsTO,Coast to Coast (2019 - Remaster),The Dave Clark Five,1965-06-07,https://i.scdn.co/image/ab67616d0000b273bb2755c650bfc376090e3b77
02pjVcQKk8Y9Stf33hLyjr,American Tour (2019 - Remaster),The Dave Clark Five,1964-08-03,https://i.scdn.co/image/ab67616d0000b27345eaa077341eb3a4d3a75b4e
6Yg6jkeEyfEncsXSrGSYzK,Pravda Records: The First 25 Years,Various Artists,2010-02-02,https://i.scdn.co/image/ab67616d0000b2739e5238e1f4e261b928376023
1xE81qOtroPlmxjohDV5cU,Crazy Heart (Deluxe),Various Artists,2015-10-01,https://i.scdn.co/image/ab67616d0000b27365730136bdbf011d9e45769d
34aK04FrYZGC4SMS3WEPIi,Artificial Intelligence,Various Artists,1992-07-06,https://i.scdn.co/image/ab67616d0000b273ac4286ac5648b4be7725b9cb
6REUYYy5tQ3Z1JlAQAjmjU,80s Punk Classics,Various Artists,2018-06-27,https://i.scdn.co/image/ab67616d0000b273037820d207dec44c79a3b4f9
6HukFdvHHvXI3EAhjvtnF3,The Rolling Stones Rock And Roll Circus (Expanded),The Rolling Stones,2019-06-07,https://i.scdn.co/image/ab67616d0000b273cf06d7fb4f5b592525e91b94
14CsJA81k3sxsf3cCRztV5,The Dubliners (Bonus Track Edition),The Dubliners,1964-01-01,https://i.scdn.co/image/ab67616d0000b2736b15436b6cf1e6cff408f36b
4FYmpiMNCwRoDx8tJnA5VK,Jingle Bell Jazz,Various Artists,1962-11-30,https://i.scdn.co/image/ab67616d0000b2732e836da2381f28247ff04299
7GpMfIQyZjHDIZVzYEL9vQ,"The Guv'nor, Vol. 4",Ashley Hutchings,1996-01-01,https://i.scdn.co/image/ab67616d0000b27367abbb31b8addb4110f49c0b
0XIRzFFCtal4kTZAyqRtyD,Let's Do Rocksteady: The Story Of Rocksteady 1966-68,Various Artists,,https://i.scdn.co/image/ab67616d0000b273e77a671e859f14fd2f222bac
1Mv5W0xVXErq07JDQRzB1Q,Riding the Roots Chariot,Various Artists,2013-03-26,https://i.scdn.co/image/ab67616d0000b273264078da78c8477d00d54f7e
6P6z0DqNsZkdZchfwVV2jJ,A Kaleidoscope Of Sounds: Psychedelic & Freakbeat Masterpieces,Various Artists,2018-08-10,https://i.scdn.co/image/ab67616d0000b27363dcde64f8380d4aef3c672c
375U3Kolt8TLiqKg3bUiKJ,Grotesque (After the Gramme) [Expanded Edition],The Fall,2004-03-15,https://i.scdn.co/image/ab67616d0000b273ee96174d9b60485029853d57
1AsnQDWormhfLMaaZ4o52p,Extricate (Expanded Edition),The Fall,,https://i.scdn.co/image/ab67616d0000b273e93a51f3065ad764ed20da78
48YFcvyjEfcLAOfTuBk3fZ,Modeselektion Vol. 03 Pt. 1,Modeselektor,2014-06-27,https://i.scdn.co/image/ab67616d0000b273eb4bccc7ca3b4c0359259934
0XK1y5q7jUfIB2wDPOyt36,Family Tree,Nick Drake,2007-01-01,https://i.scdn.co/image/ab67616d0000b273c4ba89ca876eea4ea26baacf
5Tv16yeXThT8NEJBkMQBpJ,VuuV Festival - 20th anniversary compilation,Various Artists,2011-09-13,https://i.scdn.co/image/ab67616d0000b2731c3e6be84c949a63f51b8f12
2ojtUV2jjDMtJE4WMN8s8R,Keep Hauling (Music From The Movie),The Fisherman’s Friends,2019-03-15,https://i.scdn.co/image/ab67616d0000b27361c12e8356e2276173f7b11a
2JXTRJkLRDhjmytwKQlbfs,Port Isaac's Fisherman's Friends (Special Edition),The Fisherman’s Friends,2011-01-01,https://i.scdn.co/image/ab67616d0000b2732dacea5dc5cb5e96b83d1102
6NA0ZMLO1yiXUbf5Xhf9op,One And All (Music From The Movie),The Fisherman’s Friends,2022-08-19,https://i.scdn.co/image/ab67616d0000b273c5a1844635903570462eed2a
67UoZsODIDU1g4gN1uJmSk,The Northern Soul Scene,Various Artists,1998-01-01,https://i.scdn.co/image/ab67616d0000b2734483765be442ea41e176b707
6A6ktPfg9TWvgNmk87FUmk,My God Has a Telephone,Aaron Frazer,2017-10-20,https://i.scdn.co/image/ab67616d0000b273922687b91900440fd1803d39
1bp8Ei7p9HT2lkvUIYQVlL,Foc'sle Songs and Shanties,Paul Clayton,1959-01-01,https://i.scdn.co/image/ab67616d0000b2736b2543733d70f6120a881e33
5Azmv0kfaNBXmiBsDpbEM7,Classic Maritime Music From Smithsonian Folkways,Various Artists,2004-05-25,https://i.scdn.co/image/ab67616d0000b273c4bc6bb55a15bae1d9f36a12
1PVkwPMmJcdTyHjOlc9PRU,Christmas Duos,Various Artists,2012-12-04,https://i.scdn.co/image/ab67616d0000b2732f24d1cb5b23ec562dbf9f34
0tvm3lygYS8TWU0x8nBKmc,From the Foundations (Expanded Edition),The Foundations,1967-01-01,https://i.scdn.co/image/ab67616d0000b2735f57bff1e4ec555cc2560e0d
6fKoDIuO2AWKl3Qu30eEqV,The Full English (Commentary Version),The Full English,,https://i.scdn.co/image/ab67616d0000b273745d4e1772d441ce238b07eb
2G9UuU6wxAa4FoIv1rwHBo,The Futureheads (new version),The Futureheads,2004-08-03,https://i.scdn.co/image/ab67616d0000b273bd1db49f8f19846824eb3738
5wmee3njVijVidBiUGyYZd,"Johnny Was Motion Picture Soundtrack, Vol. 2. (Reggae from the Film)",Various Artists,2007-03-20,https://i.scdn.co/image/ab67616d0000b273a3254396e5e40389abe344d9
5Aob76ooSb45t1VqRyVRpq,Here Comes the Duke,Various Artists,1968-01-01,https://i.scdn.co/image/ab67616d0000b27321f137a771f4b9fe3653095f
2jodAR4BsYntuyZn55ZrHB,16 Lovers Lane (Remastered),The Go-Betweens,2020-02-28,https://i.scdn.co/image/ab67616d0000b273087d11bf20f32a040095c555
7jfX9u3s0CDoeduV8nlmzH,Offworld,Special Request,2019-09-27,https://i.scdn.co/image/ab67616d0000b2739b2e7f5ed934f59e3ce0a382
2GETHtISD4qSeNAv57sLuq,Presents Music from Searching for The Wrong Eyed Jesus,Jim White,2005-01-01,https://i.scdn.co/image/ab67616d0000b2739cdf34a04873eac662a0dc57
37fVxdmMKreIb0FnffxjRI,Distant Light (Expanded Edition),The Hollies,1971-10-01,https://i.scdn.co/image/ab67616d0000b273bb7dfb2d46ee5158d505d7db
4lpBOnB2xPyZkkMVlppr0L,"Counterculture Country, Bluegrass and Folk",Various Artists,2020-04-17,https://i.scdn.co/image/ab67616d0000b2730426e55fec63706e552fb482
7sahQiB0677e0GRTau6PhL,60s: The Collection,Various Artists,2016-05-06,https://i.scdn.co/image/ab67616d0000b273eca5ab7b44bdfb2f3b7ac58f
0fwGgCBAMQ0ItsxR7yBE8O,"The Honeydrippers, Vol. 1 (Expanded)",The Honeydrippers,,https://i.scdn.co/image/ab67616d0000b2734275ec095a72b84743934fce
6iFHLnTdBmVUe5DaHQEjmr,The House Of Love (2012 Deluxe Version),The House of Love,2012-11-26,https://i.scdn.co/image/ab67616d0000b273a0be283d1d5796fd047a50c5
3g3Z2HbOvMoGlG9r3KxyBy,Warp Records Sampler 2010,Various Artists,2010-08-02,https://i.scdn.co/image/ab67616d0000b2733bc2badf57d9e4ad24d93276
5LfuUAzs0DljxBH9unjGW9,For Northern Soul Collectors: Volume 1,Various Artists,2012-07-30,https://i.scdn.co/image/ab67616d0000b2738ced094a1d5d34942e5a3742
1k7WkNHGPNPnri2tsowvtg,70s 100 Hits,Various Artists,2010-03-01,https://i.scdn.co/image/ab67616d0000b273871ab8561721e8967eda8269
0H8w0t8lsZiSTVA3yORSVP,The Definitive 80's (eighties),Various Artists,2007-12-10,https://i.scdn.co/image/ab67616d0000b2739db6bd28aa20593ae74af036
1zB3OwsKut94AnGBazJUlZ,All Mod Cons (1997 Remaster),The Jam,1978-11-03,https://i.scdn.co/image/ab67616d0000b2738b15591301a89f378944342b
3ZOKU5P9LZ38FVCB9Yg6AF,Plebs Original Soundtrack,Various Artists,2014-10-20,https://i.scdn.co/image/ab67616d0000b273a0ca7b7648d6cdc71188c655
6ufoOtpwsgx0wpbQBQOH7H,Stoned and Dethroned (Expanded Version),The Jesus and Mary Chain,1994-08-23,https://i.scdn.co/image/ab67616d0000b273756f4c523014a3068937e83a
5cFb5EJLTQ7u6YuGE922tu,Darklands (Expanded Version),The Jesus and Mary Chain,1987-08-31,https://i.scdn.co/image/ab67616d0000b2731704c9994c5a1d2b888f5477
3W4GA8mOLJpARbJCxWWqFm,Automatic (Expanded Version),The Jesus and Mary Chain,1989-10-09,https://i.scdn.co/image/ab67616d0000b2737a0914718d3b3013b491043d
2t1hVEwp82QebO7lq21Vto,Psychocandy (Expanded Version),The Jesus and Mary Chain,1985-11-18,https://i.scdn.co/image/ab67616d0000b2734b5f115b26a0236a4e502eb9
1HpYpMQDRXIQGUg4qWDhz0,Música Judia (Melodías y Canciones Judías),The Jewish Starlight Orchestra,,https://i.scdn.co/image/ab67616d0000b273d4626a41ee23bdb49d89d56b
4tY4fsLs0Uivh648SAEzZQ,Damage and Joy (Deluxe),The Jesus and Mary Chain,2022-01-19,https://i.scdn.co/image/ab67616d0000b2736f5aa30c62a36363513a86ee
393zSY3AcIiFZFEvBXaoum,Honey's Dead (Expanded Version),The Jesus and Mary Chain,1992-03-23,https://i.scdn.co/image/ab67616d0000b2731d6811cf345f3c57107c4086
1ftYiyRIhIGJsAG7mG4zfb,Sir J.J. Presents Fun Galore 1967 - 1968,Various Artists,2023-11-10,https://i.scdn.co/image/ab67616d0000b27303c56f775946f8b5cff935f0
6nkmtyFpZHm7piIFJgsxxa,Face to Face (Deluxe),The Kinks,1966-10-28,https://i.scdn.co/image/ab67616d0000b273c47df4caddf762b9d2e6e4fe
0YgkR96bK9JSHcj236W9ZK,The Kinks Are The Village Green Preservation Society (2018 Stereo Remaster),The Kinks,1968-11-22,https://i.scdn.co/image/ab67616d0000b27341ff47f1b90fc70068cc9f64
5ktMgVAJtsv4HagfFliWpR,Something Else (Deluxe),The Kinks,1967-09-15,https://i.scdn.co/image/ab67616d0000b2734eb2ec59c0f3292cb6b588d4
08G3mGQXuHItbbsFAz50gJ,Kinks (Deluxe),The Kinks,1964-10-02,https://i.scdn.co/image/ab67616d0000b273718bbc2828082b2f45c12dbe
7DeXMePPzsB5ztt4CrZGAV,Daptone Records Singles Collection: Volume 5,Various Artists,2019-06-28,https://i.scdn.co/image/ab67616d0000b2735dd4aa83e609751356c9cfcf
73anEcke1iGiFLxWhXnco8,Kinda Kinks (Deluxe),The Kinks,1965-03-05,https://i.scdn.co/image/ab67616d0000b273105c2dfd3ea84d2ee5c72e44
3FclmtRhoQObYdFMnrXu8C,Dumb Waiters (Expanded Edition),The Korgis,1980-01-01,https://i.scdn.co/image/ab67616d0000b2731f7b42aab85d41cc056f263a
14o0im4FWbQkngsDZeVCJL,Fuga II,Various Artists,2020-11-27,https://i.scdn.co/image/ab67616d0000b2734ee6934961ee4e447e27744a
6q1ZuWCnYTQb7KhXHZo947,Everything You've Come To Expect (Deluxe Edition),The Last Shadow Puppets,2016-12-02,https://i.scdn.co/image/ab67616d0000b27399845928b10d57ec9f95e953
6IEZVnQ1GS0oxEiIOMzJrX,Anthems For Doomed Youth (Deluxe),The Libertines,2015-09-11,https://i.scdn.co/image/ab67616d0000b273c027c7ae81c141c792e75421
5eVGVLpLcMEjuP1BNdlKWz,Day of the Dead,Various Artists,2016-05-20,https://i.scdn.co/image/ab67616d0000b273ef04f443fef136473a141b9b
1xE81qOtroPlmxjohDV5cU,Crazy Heart (Deluxe),Various Artists,2015-10-01,https://i.scdn.co/image/ab67616d0000b27365730136bdbf011d9e45769d
5GuuWoBcMTtfbIZ8Fudik6,The Northern Soul Story Vol.3: Blackpool Mecca,Various Artists,2007-07-30,https://i.scdn.co/image/ab67616d0000b273212a4109cd325806269a67ef
3Sy5T1Te55s9B8K4jeOFKK,Ska & Reggae Classics,Various Artists,2018-05-25,https://i.scdn.co/image/ab67616d0000b2736cdb0b2faf04851de4f4fe8f
7qKwepyW5I6dMmRTHDNLgd,Border Lands: The Best of Scottish Folk,Various Artists,2006-06-05,https://i.scdn.co/image/ab67616d0000b273b8666a6387dfb5c38a569d2d
7bUzQrQ10DHhDmhYu9VYoD,Jazz Night,Various Artists,2020-07-03,https://i.scdn.co/image/ab67616d0000b27356b742b73ad5d2742eb38e97
4v2byuh7XMZGBrYjH3XnBx,Merry Christmas,Various Artists,2005-09-27,https://i.scdn.co/image/ab67616d0000b273537438b4708c05070c780edf
2aZqQ4xF5qTlEhrXmyJtcu,The Marvelous Mrs. Maisel: Season 1 (Music From The Prime Original Series),Various Artists,2018-11-09,https://i.scdn.co/image/ab67616d0000b27359b1c434040aa41ba5a6179f
17tNiWooV2yYWVbxUBwwoi,Christmas Crooner Time,Various Artists,2023-11-10,https://i.scdn.co/image/ab67616d0000b2738d63ee2eb79624f2e20592d5
5BPCP7WSGBG4br2o4WRmd8,The Modern Lovers (Expanded Version),The Modern Lovers,1976-09-01,https://i.scdn.co/image/ab67616d0000b27309ded8fd464cf38a3bd010c3
50zHjIiTOZM232gnWvOydX,More of The Monkees (Deluxe Edition),The Monkees,1967-01-09,https://i.scdn.co/image/ab67616d0000b273360a1ae790aa71a0aac4983e
4UwFizSE0TB6EzTfkkxlbF,Good Times! (Deluxe Edition),The Monkees,2016-05-27,https://i.scdn.co/image/ab67616d0000b273f9a22792e0a707a36f8e187f
0YoVLoHDgFdeRfVxCJWjLq,The Monkees (Deluxe Edition),The Monkees,1966-10-10,https://i.scdn.co/image/ab67616d0000b273f24888a11753a1fa689a9bd9
0hYCs5ttzuQcu86VPCEsXF,"Pisces, Aquarius, Capricorn & Jones Ltd. (Deluxe Edition)",The Monkees,1967-11-06,https://i.scdn.co/image/ab67616d0000b273580a876766f21fc3a8235019
3kAqAMODlj5rjUiqtzlrIo,The Essential Bill Monroe,Bill Monroe,2013-06-04,https://i.scdn.co/image/ab67616d0000b273400d271ab7e618ede50a23e9
3JyYXOBRAuc3XFQxFxrEcM,Days Of Future Passed (Deluxe Version),The Moody Blues,1967-11-10,https://i.scdn.co/image/ab67616d0000b273ec351e05f8bcf97e7999ac64
2slNhQfVBM3ZTVhyoB0Rns,Shazam (2007 Remaster),The Move,2015-11-15,https://i.scdn.co/image/ab67616d0000b273077c1ccb62ebc6c3f8925b01
5bZzJnWwdgZHtiWLZRwzSE,Move (2007 Remaster),The Move,1968-03-01,https://i.scdn.co/image/ab67616d0000b2734c6c1198b62778601f3b8ffb
0mahHDhPnuYMbo3sXOEW50,The Muppets (Original Motion Picture Soundtrack),The Muppets,2011-11-21,https://i.scdn.co/image/ab67616d0000b27349975a26b5562064db3a552b
0yLszzEelH2VYtBIJd96yY,The New Lost City Ramblers with Cousin Emmy,The New Lost City Ramblers,1968-01-01,https://i.scdn.co/image/ab67616d0000b2732f2347a92ab9920bed143056
7dRdaGSxgcBdJnrOviQRuB,Life After Death (2014 Remastered Edition),The Notorious B.I.G.,1997-03-04,https://i.scdn.co/image/ab67616d0000b273fde79b88e2a659c394c5ae30
2lka9gSjkghBBSjktHnN6o,Whos The Man ? Soundtrack,Various Artists,1993-04-20,https://i.scdn.co/image/ab67616d0000b273248667da8d589ce025f1ba56
2HTbQ0RHwukKVXAlTmCZP2,Ready to Die (The Remaster),The Notorious B.I.G.,1994-09-13,https://i.scdn.co/image/ab67616d0000b2730f51e29700232d57fe8a0830
0PP5HnNpukKacBUFCZhcAQ,Paradox Presents: DrumFunk Vol. 1,Various Artists,2006-01-17,https://i.scdn.co/image/ab67616d0000b2733f1212bb238126c5d2ec4b16
2SI40MYTwtoKJt5oQTpCel,Paradox Presents Drumfunk Vol 1,Paradox Presents,2006-09-12,https://i.scdn.co/image/ab67616d0000b273b823b996fcd787139db02771
2Q3cf5aSlA9Da2269Ai8fD,Family Reunion (Expanded Edition),The O'Jays,1975-11-01,https://i.scdn.co/image/ab67616d0000b2738e6c680adf202206ff644ee7
3WRLDCKSLD9eDajX6m3xUU,Disco 100,Various Artists,2009-09-28,https://i.scdn.co/image/ab67616d0000b273c53015c7489678858d733efe
0WaJQ19J0GfyGfuVIE1SrK,Northern Soul: 20 Original Classics,Various Artists,2010-01-01,https://i.scdn.co/image/ab67616d0000b273c9961db84f417aeb2836548c
0TtkOVmwyPgORgk3DrMRJm,Sunday Night Live at the Laptop Cafe,Various Artists,2002-01-01,https://i.scdn.co/image/ab67616d0000b273360d67209cf093fc5fc2cbe3
2XfmRJBQBboBV0A7Fox7OI,The Treasure Isle Story,Various Artists,2017-07-28,https://i.scdn.co/image/ab67616d0000b273085500b6a8482aaa2a42eff1
5nqS0EZuvvhWDUGsNJ0MGn,To The Outside Of Everything: A Story Of UK Post Punk 1977-1981,Various Artists,2017-12-08,https://i.scdn.co/image/ab67616d0000b273b67a84b907dab9c92aac1c31
6xj8KDSoPvZCquyIHWo0PJ,Blues Brothers 2000,Various Artists,1998-01-01,https://i.scdn.co/image/ab67616d0000b2739202677af7dfbcbb348d4073
61tm5F4leYEEoPPcqkOblM,"O Brother, Where Art Thou? (Music From The Motion Picture / Deluxe Edition)",Various Artists,2000-12-05,https://i.scdn.co/image/ab67616d0000b273672340d87746d98ab5b0b3d1
7d5apAeM0tLwojl8yfNry5,The Sue Records Story: The Sound Of Soul,Various Artists,1994-01-01,https://i.scdn.co/image/ab67616d0000b273c8b498e03b93f35821df83f8
2wRH4pcI8TIQFCK1MeByWO,Rum Sodomy & The Lash (Expanded Edition),The Pogues,,https://i.scdn.co/image/ab67616d0000b2738dcbee93733dd5393e629653
4V92Puney9WxGPecKtLG4L,If I Should Fall from Grace with God (Expanded Edition),The Pogues,1988-09-05,https://i.scdn.co/image/ab67616d0000b273d0ccf94a2d981db731f5dab8
10ksWApLrJ7aDd2OXFIlid,Christmas: The Collection (50 of the Greatest Original Xmas Hits),Various Artists,2013-11-01,https://i.scdn.co/image/ab67616d0000b2730c638e546218c08437c1fbb1
34iDTYlDC64HeosvJQ3VhK,Red Roses for Me (Expanded Edition),The Pogues,,https://i.scdn.co/image/ab67616d0000b2737510b711c29e008858890bdf
23enz9nXJhH1BR1Rm5CzDJ,Zenyatta Mondatta (Remastered 2003),The Police,1980-10-03,https://i.scdn.co/image/ab67616d0000b273fb1bc65edf4717e75fbc70ab
3D9JqZG5Q1ptOJr8ZQ0j7I,Outlandos D'Amour (Remastered),The Police,1978-11-02,https://i.scdn.co/image/ab67616d0000b27301fc43293784fd3646ccb267
2EpuND32cO7CX0gXZl2NB6,Reggatta De Blanc (Remastered 2003),The Police,1979-10-02,https://i.scdn.co/image/ab67616d0000b2738ec81cc654b45ade8bdf1486
1pBBIxK5yURfbv8Xd5lta1,Anthology 1,The Beatles,1995-11-20,https://i.scdn.co/image/ab67616d0000b2730783cc5a58376729af0c9812
1FpzNqDbugk77xUj0qOrtQ,Kill Bill Vol. 1 Original Soundtrack (PA Version),Various Artists,2003-09-23,https://i.scdn.co/image/ab67616d0000b273fecfac11994325a39cd03dec
47arM25GJraK9aWEk4A1Ve,Tim (Expanded),The Replacements,,https://i.scdn.co/image/ab67616d0000b273b642af238927dd4cf465d8a4
4LwFCUyV4wM6SEg84PaLuL,Let It Be (Expanded),The Replacements,,https://i.scdn.co/image/ab67616d0000b273008cfa8fb96ef0befcbc615a
1IYQWckVYFQl1Vt2llnHa8,70s Punk Classics,Various Artists,2018-02-07,https://i.scdn.co/image/ab67616d0000b273368d79a0e341a9c04a8aed56
5eVGVLpLcMEjuP1BNdlKWz,Day of the Dead,Various Artists,2016-05-20,https://i.scdn.co/image/ab67616d0000b273ef04f443fef136473a141b9b
00frTINxcrVQHIRtT1Ml0x,"Exploration, Vol. 1 (Mixed)",The Rocketman,2021-01-29,https://i.scdn.co/image/ab67616d0000b27359fbc41cc3c5395499705fe6
5zqveAALqLpkXgPLyYItRV,A Bigger Bang (2009 Re-Mastered),The Rolling Stones,2005-09-05,https://i.scdn.co/image/ab67616d0000b27318170cbe68cd3e6d26be4a74
29m6DinzdaD0OPqWKGyMdz,Sticky Fingers (Remastered),The Rolling Stones,1971-04-23,https://i.scdn.co/image/ab67616d0000b273a1d9c9969f2a7ed27e449a3c
5U4dnRZsfW8NmwBBkELFPh,Exile On Main Street (2010 Re-Mastered),The Rolling Stones,1972-05-12,https://i.scdn.co/image/ab67616d0000b273ba42bfcfeed19018b1f8cab8
6OHri5qNxwCdVSdyCslspd,Beggars Banquet (50th Anniversary Edition),The Rolling Stones,1968-12-06,https://i.scdn.co/image/ab67616d0000b27344934a06d21864415376f5f2
6In2W0PN0sp3DjhjmbRuQ5,The Rolling Stones Singles Box Set (1971-2006) [Sampler],The Rolling Stones,2011-01-01,https://i.scdn.co/image/ab67616d0000b27353a87c62d13a6034fa8f7659
15XNBzVWARPMlu0sEbfBjJ,Tattoo You (2009 Re-Mastered),The Rolling Stones,1981-08-24,https://i.scdn.co/image/ab67616d0000b27308fc42e575043a753f60d675
5nKpMsduwp5xqCKq2IbSKv,The Rolling Stones In Mono (Remastered 2016),The Rolling Stones,1966-01-01,https://i.scdn.co/image/ab67616d0000b2738d1570a03b9354518f0b618b
2kzkwgOFAtRsDsas5Hi0Qu,A Christmas Gift For You From Phil Spector,Various Artists,,https://i.scdn.co/image/ab67616d0000b273adad4220d51bd720481d4be4
66wStchYv8JtHijDL3UlA4,East Virginia Blues (When The Sun Goes Down Series),Various Artists,2008-09-23,https://i.scdn.co/image/ab67616d0000b2734bc99fb3219c3856edffe849
1IYQWckVYFQl1Vt2llnHa8,70s Punk Classics,Various Artists,2018-02-07,https://i.scdn.co/image/ab67616d0000b273368d79a0e341a9c04a8aed56
5oaRhxwbicB0jaeEHYhq8q,Best Of The Sapphires,Who Do you love/BIG THING /THANK YOU FOR LOVING ME/Slow Fizz/ Evil One,1999-01-01,https://i.scdn.co/image/ab67616d0000b2731e572a78ebf7a029e40785d1
6Zd5nGmHAPgw1o1GsRE4zw,Ain't Nothin But A House Party,Virgil Henry,,https://i.scdn.co/image/ab67616d0000b2730bd41eb1c5742a36d8eb7c0f
3ZOKU5P9LZ38FVCB9Yg6AF,Plebs Original Soundtrack,Various Artists,2014-10-20,https://i.scdn.co/image/ab67616d0000b273a0ca7b7648d6cdc71188c655
13HCj2mbsNxLgJc6t2fOY0,Classic Reggae,Various Artists,2019-03-22,https://i.scdn.co/image/ab67616d0000b27307e63f18dcf6b3f25670bf03
4oxdKcC9epGo9viy1j8fN7,The Harder They Come (Original Motion Picture Soundtrack),Jimmy Cliff,1972-07-07,https://i.scdn.co/image/ab67616d0000b2736033eb0ca150f7d26d897581
6ppPT0aXOtsAlG1QQVB9E0,Cut (Deluxe Edition),The Slits,1979-09-07,https://i.scdn.co/image/ab67616d0000b2739ae7f031fd4906adc9bcedfe
55RhFRyQFihIyGf61MgcfV,Mellon Collie And The Infinite Sadness (Deluxe Edition),The Smashing Pumpkins,,https://i.scdn.co/image/ab67616d0000b273431ac6e6f393acf475730ec6
2Qs2SpclDToB087fLolhCN,Siamese Dream (2011 - Remaster),The Smashing Pumpkins,1993-07-27,https://i.scdn.co/image/ab67616d0000b273f00d9c29f0eb7691f908f23a
7gzX88qS3Vx2r87g5pbdfJ,"O Brother, Where Art Thou? (Original Motion Picture Soundtrack)",Various Artists,2000-12-05,https://i.scdn.co/image/ab67616d0000b273a7e90e0f6a18e36a594d39c2
1YGEwwutaOfXIEmzgrQqQ3,"New Orleans: Rebuild, Restore, Rejoice",Various Artists,2008-01-15,https://i.scdn.co/image/ab67616d0000b2730f87e5598a91aaba6cf94906
7kHtInr7Es2tPk5QJO6y6c,The Specials (2002 Remaster),The Specials,1979-11-01,https://i.scdn.co/image/ab67616d0000b273d91ec3edb2f08fe086b699d1
2KOfIie8uu79vP3KTPZaiy,More Specials (Deluxe Version),The Specials,1980-10-04,https://i.scdn.co/image/ab67616d0000b2738a24c8e4e2c62d1a6ffadc3f
15WGSWBIZeuuhHwL3jZRB1,Revolutions: The Very Best Of Steve Winwood (Deluxe),Steve Winwood,2010-01-01,https://i.scdn.co/image/ab67616d0000b273cbc49744792cca0644196615
5FWAviP7cXvH8iOVENSaNG,2nd Time Around (Expanded Edition),The Spinners,,https://i.scdn.co/image/ab67616d0000b2732fbc810be2d06bd2ddb0321c
61tm5F4leYEEoPPcqkOblM,"O Brother, Where Art Thou? (Music From The Motion Picture / Deluxe Edition)",Various Artists,2000-12-05,https://i.scdn.co/image/ab67616d0000b273672340d87746d98ab5b0b3d1
6mxbG8KrOTZIxlP4gzaliM,Raw Power (Iggy Mix - 2023 Remaster),The Stooges,1973-02-06,https://i.scdn.co/image/ab67616d0000b2734429b4094784314865fd09fd
6SKv2Rr9Ww3IRiBdnPXciz,I Love Techno 2008,Boys Noize,,https://i.scdn.co/image/ab67616d0000b273c24a59139d2be58bf104cf6a
7cu6saAwO9pgXZwFrk5Ev5,World Hits,Various Artists,2013-05-28,https://i.scdn.co/image/ab67616d0000b27395e47c63e11fcfd9ea689118
5fpOmAuZaVyEXPlQ4oOqJ6,The Supremes A' Go-Go (Expanded Edition),The Supremes,1966-08-25,https://i.scdn.co/image/ab67616d0000b273a16ea5e673cc4c6e8f91d5ca
5DBehOkzdmTBJ2m56Dk2sS,Have Yourself A Jazzy Little Christmas,Various Artists,1989-10-24,https://i.scdn.co/image/ab67616d0000b273e9d2813267e735ea7b8bb995
0gyfwNEYnQgVDxcXauq43o,Complete Recordings (Remastered),The Tammys,2020-05-08,https://i.scdn.co/image/ab67616d0000b2734273b09385688e08863a0ea5
0EGFovrr9MRmTAqnTAaYMU,'70s Pop #1's,Various Artists,2007-01-01,https://i.scdn.co/image/ab67616d0000b2737638f11317bb778dac14f2df
3RE8NUULcBzFvVtCmlI4lb,Gettin' Ready (Expanded Edition),The Temptations,,https://i.scdn.co/image/ab67616d0000b2739f06367f9a07d24fc9c641a9
3sog0wAw7RcnUh7oKQF6pb,A Far Out Disc (Bonus Tracks Edition),The Toy Dolls,1985-04-01,https://i.scdn.co/image/ab67616d0000b273c3277386e4d0f9cc0cff6134
30JKFhrKYOSsRgmpCuUpvL,World Service 2,Dave Clarke,,https://i.scdn.co/image/ab67616d0000b273adeb63c95c7ee64a1a2abb6c
0XIRzFFCtal4kTZAyqRtyD,Let's Do Rocksteady: The Story Of Rocksteady 1966-68,Various Artists,,https://i.scdn.co/image/ab67616d0000b273e77a671e859f14fd2f222bac
77fll3eaEH3Ktqk4mA3J7i,Enter The Vaselines (Deluxe Edition),The Vaselines,2009-05-05,https://i.scdn.co/image/ab67616d0000b27349d935a31db66cba4e9e81a0
4RMGrhJRnGiNqmKqhqpLlX,Loaded (2015 Remaster),The Velvet Underground,,https://i.scdn.co/image/ab67616d0000b27346ed71f4f0ab02c72179b15d
2HOf3Nb44Us8U9oEtKLSrX,The Velvet Underground (45th Anniversary),The Velvet Underground,,https://i.scdn.co/image/ab67616d0000b2739a2c40b6a1af4a92aac991c5
52AeC4gwbxDfFlLHgK1ByD,Urban Hymns (Remastered 2016),The Verve,1997-09-29,https://i.scdn.co/image/ab67616d0000b273707d13d3f87652e737e94d45
50IeXP8wliqpXVezlsDnCK,A Northern Soul (2016 Remastered / Deluxe),The Verve,1995-06-20,https://i.scdn.co/image/ab67616d0000b273119146cd0af7d7ffd22c2971
0MsGiQQDuyo5EuxCFsznmc,As Good as It Gets: Skiffle,Various Artists,2013-11-04,https://i.scdn.co/image/ab67616d0000b273c89462e65fc2a6286ab23147
60SnbV26B5AkCx2L5IqGLA,A Whole Lot Of Rainbows: Soft Pop Nuggets From The WEA Vaults,Various Artists,2005-10-31,https://i.scdn.co/image/ab67616d0000b27375941321c99a426700b6094f
1nEwCLR9V6SGOqMalt64Re,Celtic Love Songs,Various Artists,1998-02-17,https://i.scdn.co/image/ab67616d0000b273eba07b00a2841adc0b8f86df
4sGxqq47s8pfqMT13N5v86,Classic Celtic Tunes,Various Artists,2015-12-18,https://i.scdn.co/image/ab67616d0000b2730fc86b74309b571e48fb9254
0K14BWA9swhIRNUjAjhONj,Great Irish Rebel Songs,Various Artists,2015-12-18,https://i.scdn.co/image/ab67616d0000b27370c18b30c6f8796cd28dab88
25xAmVoePdaTLOfsprouqB,Irish Folk Ballads,Various Artists,2015-12-18,https://i.scdn.co/image/ab67616d0000b27349e40994d68e2f64e826c16f
3glfQszHlpLLN4GNMTAdLO,Ultra-Lounge/Space Capade,Various Artists,1996-01-01,https://i.scdn.co/image/ab67616d0000b2732fc91210ef83472c0cb65e99
5EZMcYc3xK0rlru83kHpUe,Burnin' (Deluxe Edition),Bob Marley & The Wailers,1973-10-19,https://i.scdn.co/image/ab67616d0000b2739e0e071bcaa827031dfad879
4jKeipwuUTjlx9USNYdhZn,Legend - The Best Of Bob Marley And The Wailers,Bob Marley & The Wailers,2002-01-01,https://i.scdn.co/image/ab67616d0000b273413a6c2c7b296d98171e5e21
4I6H7T69suG14owVPkflvE,Beverley's Records - The Collection,Various Artists,2009-01-16,https://i.scdn.co/image/ab67616d0000b27379dc8afb58f0d0a1b8163692
0I5gq6g5TdvPWVAqEECV2y,"NO HO HO: Alternative Indie Christmas Holiday Anthems, Vol. 1",Various Artists,2007-11-13,https://i.scdn.co/image/ab67616d0000b2730dd60fe90f49f0462edb6a59
4dDtQEWyfAdiwvV1FL8ftM,Images (Deluxe Edition),The Walker Brothers,1967-03-03,https://i.scdn.co/image/ab67616d0000b273b2c8e1fe61a131235a36ee92
19aZxgHJEtveuVPhDFTMMG,Day of the Dead,Various Artists,2016-05-20,https://i.scdn.co/image/ab67616d0000b2731df095837ba73ad5d6fa274d
7n5u9Q5G1j1LMHEzW4aZbg,This Is the Sea (Deluxe Version),The Waterboys,1985-09-16,https://i.scdn.co/image/ab67616d0000b273e6e127ff66aee167d67e794a
1Ks5Z4edOPLYGcxdzgwswR,Room to Roam (Deluxe Version),The Waterboys,1990-09-17,https://i.scdn.co/image/ab67616d0000b273c030614083e1c32b834383b4
2RPAKbcf8tLH3xVmKVMInb,Pure... '80s Soul Grooves,Various Artists,2013-08-02,https://i.scdn.co/image/ab67616d0000b273c62bb7ae582d048ef4a3f0b3
61tm5F4leYEEoPPcqkOblM,"O Brother, Where Art Thou? (Music From The Motion Picture / Deluxe Edition)",Various Artists,2000-12-05,https://i.scdn.co/image/ab67616d0000b273672340d87746d98ab5b0b3d1
6P6z0DqNsZkdZchfwVV2jJ,A Kaleidoscope Of Sounds: Psychedelic & Freakbeat Masterpieces,Various Artists,2018-08-10,https://i.scdn.co/image/ab67616d0000b27363dcde64f8380d4aef3c672c
0ooEHMMu3yiwnFwNYHcqwX,My Generation (50th Anniversary / Super Deluxe),The Who,1965-12-03,https://i.scdn.co/image/ab67616d0000b273c4bce589ca107c9ca77cd3d6
29Qv1bgwsrukJKDHU5MfY0,A Quick One (Mono Version),The Who,1966-12-09,https://i.scdn.co/image/ab67616d0000b27378ebcf1fc0aa3bfbe3490dee
5MqyhhHbT13zsloD3uHhlQ,Who's Next (Deluxe Edition),The Who,1971-08-14,https://i.scdn.co/image/ab67616d0000b273fe24dcd263c08c6dd84b6e8c
5fEIJ1DoLL692ykIx5TD6g,Off The Wall - Ten Years of Wall of Sound,Various Artists,2006-12-31,https://i.scdn.co/image/ab67616d0000b2734fb449977172100c4cae40b0
4ve8TbXdEBLPthEFkSXdrr,Is This Christmas? (2-track DMD),The Wombats,2008-12-12,https://i.scdn.co/image/ab67616d0000b273513ed927e259b4b000ec6fa7
3meFfjNEebexMTZOqT0Dx5,Shapes of Things (2015 Remaster),The Yardbirds,,https://i.scdn.co/image/ab67616d0000b27390341ae6d3632be0c0f11026
5aQE05ji4wayN65QCZkl0U,Groovin' (Mono),The Young Rascals,,https://i.scdn.co/image/ab67616d0000b273e93ad7c2b5032a9b07543c40
6Syv4FKh6Bl40iq1hHhn3W,Oberlin 1968 (Live),The Young Tradition,,https://i.scdn.co/image/ab67616d0000b2732400d1e1c5c8598036945590
0E0sR2suPdr0CwOYM7diap,Odessey & Oracle - 40th Anniversary Concert (Live),The Zombies,2008-06-30,https://i.scdn.co/image/ab67616d0000b273ba25439d7e06e1e79e41a2d7
3rdtnzccCDiymdgpMXYfrb,Archive From 1959 - The Billy Childish Story,Billy Childish,2009-07-06,https://i.scdn.co/image/ab67616d0000b27310baca7ebf8e31ef2e4d2ff7
3eIQU40ycSMPGlX9MAovY3,Don't Leave Me This Way 2009 (New Mixes),Thelma Houston,2010-01-01,https://i.scdn.co/image/ab67616d0000b2730b1c6ad4547f8eb5eb480d60
6DRjwkPa8kT9vifu7tH3PL,"Genius Of Modern Music (Vol.1, Expanded Edition)",Thelonious Monk,,https://i.scdn.co/image/ab67616d0000b273c4c99d6b212f741ba28c5a61
2tf5Ow3PRAplFPw7Uvuoud,The Complete Riverside Recordings,Thelonious Monk,1986-01-01,https://i.scdn.co/image/ab67616d0000b2735f592d28bc2d0e36daa10b64
39fCNLE7UNWqDiKPSZkMMw,Home with Donald Shirley,Donald Shirley,2001-12-08,https://i.scdn.co/image/ab67616d0000b27307bca44b63ec27f488c14f53
4Bxg4OFb2wA6IjoeuWilRF,Solo Monk (Expanded Edition),Thelonious Monk,,https://i.scdn.co/image/ab67616d0000b273bd7d4673627a7674f0103c1d
5WqkiRiXHyiML0QkLjqooy,Thelonious Monk with John Coltrane (OJC Remaster),Thelonious Monk,,https://i.scdn.co/image/ab67616d0000b273e95af957e661f22cff3f28ac
3YHE7w3WLUFyt1FGtvRP8t,Sounds From The Thievery Hi Fi (Remastered 2022),Thievery Corporation,1997-06-07,https://i.scdn.co/image/ab67616d0000b273961323814567625b073405ef
0DHKadXfnYCAXp28F3HI8U,Bad Reputation (Expanded Edition),Thin Lizzy,,https://i.scdn.co/image/ab67616d0000b2739d64200d0ce43d5e4826f08e
1wHBJPXwl19a4xNgPaCDq9,Blood (Remastered),This Mortal Coil,1991-04-22,https://i.scdn.co/image/ab67616d0000b273b0c0a6059fcf050460ab2443
6Cf545T4jkaiyvMnTRPOB2,Jailbreak (Deluxe Edition),Thin Lizzy,,https://i.scdn.co/image/ab67616d0000b273e8f69ab903901064b1f19249
6jXNB46aXlL2oWY03GtFHy,Shades Of A Blue Orphanage (Deluxe),Thin Lizzy,,https://i.scdn.co/image/ab67616d0000b2738f2c06109fdc10f73898765f
0nZg85VbGkPcr7zQ6EsJKa,Suspiria (Music for the Luca Guadagnino Film),Thom Yorke,2018-10-26,https://i.scdn.co/image/ab67616d0000b27324d34e800313040a1001e590
5gMiiXVgUFVUIHKXC57a0j,It'll End In Tears (Remastered),This Mortal Coil,1984-10-01,https://i.scdn.co/image/ab67616d0000b273201a9af6d3296d20a205adb5
1E1y8RXZzYoOPx0wEqD4no,Age (The Force Inc Years 1994-1998),Thomas P. Heckmann,,https://i.scdn.co/image/ab67616d0000b27393f08e2fb9ee2ebeafe750bd
7xxGJSqPoZvwTPFX3uPmxC,Oscuro (Diving Into the Darkness 2),Various Artists,2020-08-14,https://i.scdn.co/image/ab67616d0000b273278800c4294e1ef1899599ad
2NYbYHknU13GJttyMIa6B4,Purcell / Simpson / Adson / Holborne / Brade / Clarke: Old English Brass Music,The Prague Brass Soloists,1989-01-01,https://i.scdn.co/image/ab67616d0000b273f1a7143da54b8f708cb4c3cb
1kcmhqsBE2cLdOTavx0JkA,"Purcell, Morley & Tomkins: English Royal Funeral Music",Vox Luminis,2013-02-26,https://i.scdn.co/image/ab67616d0000b273bef0b2cf738565ab1ab067b8
5yj769ALl6uKp6ZIJO0BQM,D.O.A. the Third and Final Report of Throbbing Gristle (Remastered),Throbbing Gristle,1978-12-04,https://i.scdn.co/image/ab67616d0000b273b5bf108337b7d01b07f0da7d
4nWRJQJihecMgY8Mo8r9Xi,Idealog (AceMo Remix),Throwing Snow,2020-03-17,https://i.scdn.co/image/ab67616d0000b27305b74f1ea9481e60b9f964fc
0McWkQTsU9eYngOswvNs87,Hollywood Dream (Expanded Edition),Thunderclap Newman,1969-01-01,https://i.scdn.co/image/ab67616d0000b2732aa39070340f902ce294caec
38vmrpXGHVpUmQu2t56ijj,Country Christmas Favorites,Various Artists,2016-11-18,https://i.scdn.co/image/ab67616d0000b2733ad4fe8cbc08df549a700a31
13cUx8LoPoOcG4LEeRBv2q,How The Grinch Stole Christmas,Boris Karloff,1966-12-18,https://i.scdn.co/image/ab67616d0000b2733c7c2f36269debe54658e0f2
4afN6EpwkXIDkMNglMCINL,Wuppdeckmischmampflow,Robag Wruhme,2011-01-17,https://i.scdn.co/image/ab67616d0000b27311292ae0aaf4da819fe82397
4IV5VvubCVcUKaZ1Kgu3ka,Tim Hardin 2 (Expanded Edition),Tim Hardin,1967-01-01,https://i.scdn.co/image/ab67616d0000b2733d4322a5248eb6ff80c7d5df
6x6Ddc0xoLCkwdnKlpYhKz,Out Of Sight: More Sounds From The In Crowd,Various Artists,2006-01-01,https://i.scdn.co/image/ab67616d0000b273a2246f4b87824c1e496364d0
0yR4XOW5iw5HAsQMXXwjJE,Loud (Eastwest Release),Timo Maas,2002-03-04,https://i.scdn.co/image/ab67616d0000b2732d988e0d5b92facb4a1097db
2Yg5GTLnW9IxaJb4tC6Q3O,Forward To The Past 2 - The Acid Flashback,Various Artists,2011-11-28,https://i.scdn.co/image/ab67616d0000b273b7cd13d9fb99e7e47777d741
6B3ZiCj8iO85ObTBaNKH7m,Pure... Dancefloor,Various Artists,2014-04-11,https://i.scdn.co/image/ab67616d0000b273784f57cff935700b5a7bbee2
20sO2cgcMXtdnCDyMFvtuq,The Psychedelic Scene,Various Artists,1998-01-01,https://i.scdn.co/image/ab67616d0000b2738dca1b9e86213f147479d4ce
0L1apAXxXqnl3vMpJMVO2b,Speedy Wunderground - Year 4,Various Artists,2019-12-06,https://i.scdn.co/image/ab67616d0000b273d32ed49b550cc4a3d89679d5
5MSxvGG46g0ZvBNy7LKv1T,Candyfloss (Toasty Remix) / The Knowledge (Vex'd Remix),Search & Destroy featuring Toasty,2007-10-29,https://i.scdn.co/image/ab67616d0000b273e6ad384a53e4d398cacd58ab
4NONAXdztl5tL39YurSOj9,"House Tracks for the Dancefloor, Vol. One",Various Artists,2016-08-16,https://i.scdn.co/image/ab67616d0000b2736872e0f687ed8fa38845bd76
5Azmv0kfaNBXmiBsDpbEM7,Classic Maritime Music From Smithsonian Folkways,Various Artists,2004-05-25,https://i.scdn.co/image/ab67616d0000b273c4bc6bb55a15bae1d9f36a12
0gTTKfo3gzz6UnBfpjn5uz,The Problem of Leisure: A celebration of Andy Gill and Gang of Four,Gang Of Four,2021-06-04,https://i.scdn.co/image/ab67616d0000b273a54349c86757e633ce254e68
6C7puBTSEraB3IuboZKKOa,A Very Special Christmas 2,Various Artists,1992-01-01,https://i.scdn.co/image/ab67616d0000b2733187c352e837894b88ab91e1
3VJgGREhR9TeJ0dmX70FKJ,Christmas Songs,Various Artists,2020-11-27,https://i.scdn.co/image/ab67616d0000b2730281c0c1487b7b17cccba97d
1ocKlXTr7e20j6MiJUWdz0,Christmas Day 2020,Various Artists,2020-11-18,https://i.scdn.co/image/ab67616d0000b273657801c812f104671dc95fcb
1IYQWckVYFQl1Vt2llnHa8,70s Punk Classics,Various Artists,2018-02-07,https://i.scdn.co/image/ab67616d0000b273368d79a0e341a9c04a8aed56
2w9g6fpfrMWD8jsxM2I8h5,Country Classics: American Legends Tom T. Hall (Expanded Edition),Tom T. Hall,1995-09-01,https://i.scdn.co/image/ab67616d0000b2736a9d7f15172e5f553503edcc
25gjCT7fofEuAQRQcpIiSl,October (Lone Remix),Tom VR,2022-03-23,https://i.scdn.co/image/ab67616d0000b2730cfb85a69789414216c24be9
7lCEnPYYkUuvnkrCbA6RCa,Heartattack And Vine (Remastered),Tom Waits,1980-09-09,https://i.scdn.co/image/ab67616d0000b27362c6579558e64de02203d442
6F17MbloTeRoXs7JI3lTHy,Real Gone (Remastered),Tom Waits,2004-10-05,https://i.scdn.co/image/ab67616d0000b273c11e9584279b388fa9db4633
67F2ya9fonXH0jVVgLa7sb,Closing Time (Remastered),Tom Waits,1973-03-06,https://i.scdn.co/image/ab67616d0000b2739c853aae7a8aa1db84a52dd8
2fgQN85UzwZMRIBTs06FjX,Blue Valentine (Remastered),Tom Waits,1978-09-05,https://i.scdn.co/image/ab67616d0000b2739456e6961c9a705617b709ca
6GjMcck9c4i6cQo194xKl6,Small Change (Remastered),Tom Waits,1976-09-21,https://i.scdn.co/image/ab67616d0000b273a943ff962bc2b7f355e104be
2fnWxy7UoIazBiewjgchvm,The Heart Of Saturday Night (Remastered),Tom Waits,1974-10-15,https://i.scdn.co/image/ab67616d0000b273407b6b7388197b6dc1cbe10a
7cAcex6xw4fP67ltgn1gm3,Mule Variations (Remastered),Tom Waits,1999-04-27,https://i.scdn.co/image/ab67616d0000b273ddbc5baae5ad5f0b4de990b6
2pIHw0PImgl70xwCIDmODU,An Album To Benefit Preservation Hall & The Preservation Hall Music Outreach Program,Preservation Hall Jazz Band,2010-02-16,https://i.scdn.co/image/ab67616d0000b27340da22284a4aee3657c678b8
7D22RFqWGicOV7hpIiCdlq,Blood Money (Remastered),Tom Waits,2002-05-07,https://i.scdn.co/image/ab67616d0000b2735e2e3930ca7e6eb89be30656
3zeDrhkNv8872fC7CsOCpI,Alice (Remastered),Tom Waits,2002-05-07,https://i.scdn.co/image/ab67616d0000b27341f31d67822a5a08b8f8bace
5kngzyNwERbKiQDvVwsgMt,Bad As Me (Deluxe Edition Remastered),Tom Waits,2011-10-25,https://i.scdn.co/image/ab67616d0000b273343cdcc47cfcbc43a4c66ae5
3Z5nkL4z2Tsa3b79vv6LXb,Raising Sand,Robert Plant,2007-10-23,https://i.scdn.co/image/ab67616d0000b2730224cca4340d0e5f1f535129
7qLJ8bzny3tynTPW2U2Anv,Foreign Affairs (Remastered),Tom Waits,1977-09-13,https://i.scdn.co/image/ab67616d0000b273aee05708c765c76218547ab6
0DIgfN5Vmz6nJCSLYvwz2n,Swingin' Christmas Party,Various Artists,2002-10-01,https://i.scdn.co/image/ab67616d0000b2730f6fe178a24ea04dbaf2de4d
1BeXY0DhmbDutmrWeLPT7b,Legends Of Old-Time Music:Fifty Years Of County Records,Wade Ward,2015-11-06,https://i.scdn.co/image/ab67616d0000b273a8729c7e01b0849334ad65fd
3ZOKU5P9LZ38FVCB9Yg6AF,Plebs Original Soundtrack,Various Artists,2014-10-20,https://i.scdn.co/image/ab67616d0000b273a0ca7b7648d6cdc71188c655
0gkUILRS323Or4XhOPHMhn,Singin' in the Rain (Original Cast Recording),Various Artists,1984-12-31,https://i.scdn.co/image/ab67616d0000b2736f08365c9419e59d17aaddb6
0NXNgLIrutjgFuHTQe2Uhe,In Death's Dream Kingdom,Various Artists,2018-01-26,https://i.scdn.co/image/ab67616d0000b273fd582b63c4496006ad5774e3
5Ba4PlV3cHMhdZ2BAj0gUC,Tomorrow,Various Artists,1999-02-01,https://i.scdn.co/image/ab67616d0000b27337ccfab0c03298a2466645bc
6gmuS1rovdlLAVAvHrZOKY,Permanent Dream (2023 Remaster),Tomorrow,1968-02-01,https://i.scdn.co/image/ab67616d0000b2737c5490da903685b77ccc72b1
7FY8XzRjXn6Tmyrf6Vvhos,Paint Your Wagon (Original Broadway Cast Recording),The Original Broadway Cast Of Paint Your Wagon,1989-08-01,https://i.scdn.co/image/ab67616d0000b273ebaae6f87d27d2e866f9ece2
4oO2rv8QInfX4jVrCdLzlp,The Hunchback of Notre Dame Original Soundtrack (English Version),Various Artists,1996-01-01,https://i.scdn.co/image/ab67616d0000b273187040e153f2ebe03bb1a66b
1YDV7Ua1FYYF7mIHR1icib,Katana Tube,Various Artists,2016-01-12,https://i.scdn.co/image/ab67616d0000b2738d6c2d5dbf82bfe4a2732487
3wGJXvPmGmEigi9yhyoyzu,"Colors Of The Wind (From ""Pocahontas"")",Tori Kelly,2015-10-16,https://i.scdn.co/image/ab67616d0000b273547fdab3826d25fc05da8d5b
0ISqotWzYBnjmRhl8A7RS4,Winter Wonderland: Christmas Favourites from the 30s and 40s,Various Artists,2009-01-01,https://i.scdn.co/image/ab67616d0000b273899410433e7588f37b1796f5
15BBrIbwANZ2pgyOIQuTyo,Classic Christmas Carols,"Choir of King's College, Cambridge",2007-12-07,https://i.scdn.co/image/ab67616d0000b27391888f69e2b8e03215e86990
4hjLcbcLZVJN7twx4sMaYe,Christmas At King's,"Choir of King's College, Cambridge",2008-12-01,https://i.scdn.co/image/ab67616d0000b273e102654b7781f0c7d9747af0
2tnJQSB94GmQOWQSkFoBe1,City Waites: The English Tradition - 400 Years of Music and Song,The City Waites,2000-01-01,https://i.scdn.co/image/ab67616d0000b2737147da92c3c9cac3680c27ff
4O3UXqff7YseXhkne4KWjj,"LaRue, Custer: Ballads",Custer LaRue,2011-02-01,https://i.scdn.co/image/ab67616d0000b273ff1c10d09958cf9a67c10d4c
4Iaw4cIvhpAHq9l4VSrb9F,Spirit of the Glen,The Royal Scots Dragoon Guards,2007-01-01,https://i.scdn.co/image/ab67616d0000b273d8b5fe63a0c57e0fb01194c4
2aIQA8i1ajdEOdHKKiISp4,Christmas,VOCES8,2011-12-12,https://i.scdn.co/image/ab67616d0000b2734da7c9254974346be456d343
56nGBeXLwPGNxOHZtq0Bt8,"Fireman Sam Main Theme (From ""Fireman Sam"") [Trap Remix]",Trap Geek,2021-05-09,https://i.scdn.co/image/ab67616d0000b273a4b647cbc50b0ee3c419cda2
6McuSmQyJ7pbocWG1Vpeoe,Swing (Remastered 2021),Travis,2021-10-05,https://i.scdn.co/image/ab67616d0000b2734c00d4680f0fefba0651ae65
2equHwDjogZfYOFfqyu5cw,Bangs & Works Vol.1 (A Chicago Footwork Compilation),Various Artists,2010-12-06,https://i.scdn.co/image/ab67616d0000b27333d98ab5f685dcf4a302329b
6EShA1FkOyix9LWx3Qnupt,Bangs & Works Vol. 2 (The Best Of Chicago Footwork),Various Artists,2011-11-07,https://i.scdn.co/image/ab67616d0000b273baacc12df2c8be03b3a1085d
2b2lx1oqD2LTY5Nq2chcHF,Street Bangers Factory 13,Various Artists,2020-02-21,https://i.scdn.co/image/ab67616d0000b273ecd3bdde88733d403c309e9f
3oeMnB9MO3IIHj6zntk7P1,Modus Operandi: Naina,Moveltraxx Presents,2019-08-30,https://i.scdn.co/image/ab67616d0000b273d116ef6673fde13551db0db3
0L1apAXxXqnl3vMpJMVO2b,Speedy Wunderground - Year 4,Various Artists,2019-12-06,https://i.scdn.co/image/ab67616d0000b273d32ed49b550cc4a3d89679d5
28I7K0YRQTyl8rLeqRaG3Y,Klockworks 20,Various Artists,2017-09-25,https://i.scdn.co/image/ab67616d0000b273c5c7f6dcffdc8b2ce72915ec
3tLe4xr0HkqxdaDmmLV9KS,Warp10+2 Classics 89-92,Various Artists,1999-10-11,https://i.scdn.co/image/ab67616d0000b2731589318ded0a6fe95bd9d148
0q7SFUCQsE6sQ5zjj70681,Friends Will Carry You Home III - Pt. 1,Various Artists,2014-05-19,https://i.scdn.co/image/ab67616d0000b273bbbcc1019d58b865187f61f3
4sS5IjHR0YOJQdSTQ8whWz,Trip At Knight (Complete Edition),Trippie Redd,2021-08-21,https://i.scdn.co/image/ab67616d0000b273d01b8867ca76ba7a4c15a9a4
10hbkqALMjSsIZ8nEGVEHq,"Treme: Music From The HBO Original Series, Season 1",Various Artists,2010-09-28,https://i.scdn.co/image/ab67616d0000b27364b11ba58a5842db43df6d96
0MXtHFQIGDtW7AjLKbPh5C,Out of Your Mind (feat. Victoria Beckham) [Radio Edit],True Steppers,2000-06-01,https://i.scdn.co/image/ab67616d0000b273971cb417d1c2e0f214c86f6b
7f2XW93XLkYAmV7L8F2xtQ,Eight,Various Artists,2012-08-06,https://i.scdn.co/image/ab67616d0000b2738e93ad62af704f7a8543c64b
0gHyIkz4emM68ePY8HVtHP,DJ-Kicks (Robert Hood) [DJ Mix],Robert Hood,2018-11-16,https://i.scdn.co/image/ab67616d0000b2731dfca3eee8ae95b6d3306643
1ruj5tLGElI9NSWoo8ifvH,fabric 96: DVS1 (DJ Mix),DVS1,2017-12-08,https://i.scdn.co/image/ab67616d0000b273bb3800bfbcdf10503f461002
4NYZzIOKNhbrhDqcM0YexI,FIGURE 100,Various Artists,2018-09-17,https://i.scdn.co/image/ab67616d0000b27328459c543767791ab779476d
52no4NsLXPrnwQags80BX2,10 Years Be As One,Various Artists,2017-08-29,https://i.scdn.co/image/ab67616d0000b273457a1f5fab8a874f11848bd4
4xDzgWcCcyn4A3UokqlgFi,Halloween Heaters,Various Artists,2017-10-27,https://i.scdn.co/image/ab67616d0000b273fa1df4d59aff3c0e58f8e57d
14chsctrt7Rx38fQUbfqFz,Replicas (1998 Remaster),Tubeway Army,1979-04-06,https://i.scdn.co/image/ab67616d0000b273ee054e2ed150a33a2ad499a7
5tirk82aeWmRuzlZ49Bbgv,Wicked Wonderland (Remixes),Tungevaag,2014-01-01,https://i.scdn.co/image/ab67616d0000b2734d99a289ed840a22e5a39e3d
30JKFhrKYOSsRgmpCuUpvL,World Service 2,Dave Clarke,,https://i.scdn.co/image/ab67616d0000b273adeb63c95c7ee64a1a2abb6c
4TUZjqIO2ZaUf85D8VY8d3,New Orleans-Mississippi-Dixieland Festival,Various Artists,1998-10-05,https://i.scdn.co/image/ab67616d0000b273fbe5acb768f752c0959daef3
1sMD93TOAOcqfPtfaGil5K,I Thought I Was Over That,Lali Puna,2005-06-13,https://i.scdn.co/image/ab67616d0000b27352b29bc47b75b77178a5ada9
1z2kuRKc39zcQTD4SAopmT,"Be a Star (From ""Life-Size"")",Tyra Banks,2018-11-16,https://i.scdn.co/image/ab67616d0000b273b7da3093934ee07bb0138d99
6HTLFNdjeW75Am1fKMHGyZ,Natty Rebel (Extra Version),U-Roy,1991-01-01,https://i.scdn.co/image/ab67616d0000b2730c0ac5d2d13a34445ca2c684
0ta5VdkJcpdVnNrn7g4cZe,Achtung Baby (Deluxe Edition),U2,1991-11-18,https://i.scdn.co/image/ab67616d0000b27337cd18af5725b9cad0a5ab53
5lNwnHN8PftHsyjj9IXrGp,Das Boot (V2) [D72 Remix],U96,2023-02-03,https://i.scdn.co/image/ab67616d0000b273829fcf976968cbb6bccdf2e4
7JggdVIipgSShK1uk7N1hP,Reworked/Remixed,trentemøller,2011-11-07,https://i.scdn.co/image/ab67616d0000b273c3a34e1063fb963e0b5995b2
1Qmlt7Lujv1VgCP44rCKJT,The World Of Monnom Black II,Various Artists,2019-12-13,https://i.scdn.co/image/ab67616d0000b2732389ef3959e18c27a334e426
5Y7uhVhOPytsv5WxwzzUah,The World Of Monnom Black,Various Artists,2018-12-07,https://i.scdn.co/image/ab67616d0000b273899dfb394cfa9008bb8f74f1
3V4wRFzGT3rB8T6Qxt8K4c,Herdersmat Part 19-22,Various Artists,2018-12-14,https://i.scdn.co/image/ab67616d0000b273b50da79c0b43c1a1d1be7626
7n2x5krF45Ed1Hg6oIunxX,Idolum (Standard Edition),Ufomammut,2008-04-22,https://i.scdn.co/image/ab67616d0000b2736e7c5b8b3306fc0534de672e
6RiLKrJR1bnyP6NCN67yE8,Mental Madness pres. Electro House Selection Vol. 1,Various Artists,2008-08-22,https://i.scdn.co/image/ab67616d0000b2736967edbee0c6f33b37663729
4dOFj5aKOg68jIE7rZP5DZ,Vienna (Remastered Definitive Edition),Ultravox,1980-10-15,https://i.scdn.co/image/ab67616d0000b273a4f499f170b82bf0149d0598
0yrK3jKRexjtP4CRdYizjs,Kill Bill Vol. 2 Original Soundtrack,Various Artists,2004-04-13,https://i.scdn.co/image/ab67616d0000b2739adff911989f44527bdfb7ee
6cUU9a9esA8J1D5aLiVPkx,Border Country (The Remixes),Underworld,2019-11-15,https://i.scdn.co/image/ab67616d0000b273c0714c13475121275ef73970
3WQpmFc7GonmzN40EjbbKY,Dubnobasswithmyheadman (20th Anniversary Remaster),Underworld,1994-01-24,https://i.scdn.co/image/ab67616d0000b27364f0ae6040dc56a925cb67a9
4aDQW29Xvaa7jhyMGDS1Yj,Beaucoup Fish (Remastered / Super Deluxe),Underworld,1999-03-01,https://i.scdn.co/image/ab67616d0000b273cecee5e7eadad0efb6facbb3
4dXMLhUAgiASYrCg1h9vYJ,"Wave the Ocean, Wave the Sea: Alan Lomax's ""Southern Journey,"" 1959–1960",Various Artists,2010-12-14,https://i.scdn.co/image/ab67616d0000b2737884be64b32a6090206cd51e
3FApcoTb78nsAPWZYJBdD7,60's Triple set,Various Artists,2002-09-02,https://i.scdn.co/image/ab67616d0000b273d19b2f6e6f7b8558b5eea50a
4PMQjA2UuxRL5RMWKRpKZv,"I'll Be So Glad When the Sun Goes Down: Alan Lomax’s ""Southern Journey,"" 1959–1960",Various Artists,2011-01-18,https://i.scdn.co/image/ab67616d0000b27300f9e6475593aee167f5cba1
1uI1cEvIe7WJiQrfjoOtR5,Defected Presents House Masters - Jazz-N-Groove,Jazz N Groove,2017-05-12,https://i.scdn.co/image/ab67616d0000b27349b2a4af08bb5c138e7ac4d9
23avwUUQ0UQgd8Z1kV3QRz,Hessle Audio: 116 and Rising,Various Artists,2011-05-23,https://i.scdn.co/image/ab67616d0000b2731fb751c69f0e0bfa9446b8d4
7lNMiOgFRTT4DnG7TmrhzI,Air Texture VI Steffi + Martyn,Steffi,2018-10-09,https://i.scdn.co/image/ab67616d0000b273970d0a57b2dc20ce992d7935
2K48KEdEw8aP3qAEf88WAX,超越愛,t e l e p a t h テレパシー能力者,2015-10-03,https://i.scdn.co/image/ab67616d0000b273f6be8102ed091db89b307472
5L5BEZqNvsRrLei4emX7Fd,Federation of Rytm II,Various Artists,2023-03-03,https://i.scdn.co/image/ab67616d0000b273e8fcc3ccf5f1fb5e626c89a9
1i3Xmw34Wci4gO1ohTXBW9,Vaetxh - Mass,Various Artists,2011-10-12,https://i.scdn.co/image/ab67616d0000b2735d39463785660d46b2013a8f
61tm5F4leYEEoPPcqkOblM,"O Brother, Where Art Thou? (Music From The Motion Picture / Deluxe Edition)",Various Artists,2000-12-05,https://i.scdn.co/image/ab67616d0000b273672340d87746d98ab5b0b3d1
7diHYi0CglGJekoM3KaWBK,Moondance (Deluxe Edition),Van Morrison,,https://i.scdn.co/image/ab67616d0000b2732a1ffd75bb148e58ce2a6cac
2G0x71VHZ7XLJlm56LzVX2,Chariots Of Fire (Original Motion Picture Soundtrack / Remastered),Vangelis,1981-03-14,https://i.scdn.co/image/ab67616d0000b27321703c471960a82a147a6f82
2UA4S93B4hfoGdm9hEJFay,Sky City: A Weak Heart to Break (Spit),Varg²™,2019-06-03,https://i.scdn.co/image/ab67616d0000b27306746b1fa963e66eae602c59
0DzwKRLQX2x82lsHyvuA7K,Nessun Pericolo...Per Te (Remastered 2017),Vasco Rossi,1996-10-28,https://i.scdn.co/image/ab67616d0000b27330e34148673478797918c701
2UrKKPnpyU6eOiRGOlgGvW,Manbait,Regis,2015-09-18,https://i.scdn.co/image/ab67616d0000b273804855a3f5985928e4d40bfb
4dXMLhUAgiASYrCg1h9vYJ,"Wave the Ocean, Wave the Sea: Alan Lomax's ""Southern Journey,"" 1959–1960",Various Artists,2010-12-14,https://i.scdn.co/image/ab67616d0000b2737884be64b32a6090206cd51e
3RdgQIzLGn0mfpAfi9wPG4,Carte Blanche (David Gravell Remix),Veracocha,2014-10-13,https://i.scdn.co/image/ab67616d0000b2731779c6a3b35282031e64d5d7
5b0JwqVHAVEyT0aaNdHLav,Men's Health Playlist Workout Vol. 6 : 10K Stamina Mixed by Chicane,Chicane,2010-07-05,https://i.scdn.co/image/ab67616d0000b27362d182cf8e1e1f88e5f223e7
1hJwt04Rrdu022qS6S9KrS,For The Love Of Trance,Various Artists,2016-04-29,https://i.scdn.co/image/ab67616d0000b2738b3226f3d6a9441ed3e004fc
6RGMw584evg2M4OjYkpQKs,"50 Trance Tunes, Vol. 6",Various Artists,2007-03-27,https://i.scdn.co/image/ab67616d0000b27325205aaf898a8afcd0f19a4b
2oeCnMCkJKWKcD1Liauzm8,Type 1,Astrix,2012-10-01,https://i.scdn.co/image/ab67616d0000b27352d72497eceb5d8e14b0773c
5zOPhtXWCVaeV5os4xSscW,Lucky Number (Symbolic Remix),Vertical Mode,2016-02-08,https://i.scdn.co/image/ab67616d0000b273625df0389c72c49514cdf94a
0PP5HnNpukKacBUFCZhcAQ,Paradox Presents: DrumFunk Vol. 1,Various Artists,2006-01-17,https://i.scdn.co/image/ab67616d0000b2733f1212bb238126c5d2ec4b16
3dhxpEJaYVPWScSWEVneMK,Music Hall Greats (Vol 1),Various Artists,2007-01-07,https://i.scdn.co/image/ab67616d0000b27352c746866f14b4b195f5948e
4TUZjqIO2ZaUf85D8VY8d3,New Orleans-Mississippi-Dixieland Festival,Various Artists,1998-10-05,https://i.scdn.co/image/ab67616d0000b273fbe5acb768f752c0959daef3
4ptIoJvhXyOBhkrgdAvWL0,DJ-Kicks (Mount Kimbie) [DJ Mix],Mount Kimbie,2018-09-28,https://i.scdn.co/image/ab67616d0000b273e54606c577ded3b19cffdefa
1a7T6YmaViYpRGQ8jYkgmX,Ultra-Lounge Christmas Cocktails Vol. 4,Various Artists,2012-01-01,https://i.scdn.co/image/ab67616d0000b273c5230b3bb79f415065e6548b
7FSrraepVV8d4QGYr3QpSf,British Swing & Dance Of The 1930s,Various Artists,2011-01-01,https://i.scdn.co/image/ab67616d0000b273360b836179bca8e03bfbe439
30JKFhrKYOSsRgmpCuUpvL,World Service 2,Dave Clarke,,https://i.scdn.co/image/ab67616d0000b273adeb63c95c7ee64a1a2abb6c
77ECOoesygcTfXRhn4rteH,It Must Be Him (Bonus Track Edition),Vikki Carr,1967-09-01,https://i.scdn.co/image/ab67616d0000b27347c4a1822ca8f71010ea1629
7GRx3zDYxptperJC44CFpv,Klockworks 32,Cravo,2021-07-02,https://i.scdn.co/image/ab67616d0000b2731e37c158743eb37a1a10363c
6IUXo0MhtBOsRKaiDTZXm3,DJ-Kicks (Matthew Dear) [DJ Mix],Matthew Dear,2017-01-27,https://i.scdn.co/image/ab67616d0000b27329c7071d5f755cbe81d0ffb5
1QR6ML39zy3dKwIclFsmk8,A Charlie Brown Thanksgiving (50th Anniversary Edition),Vince Guaraldi Quintet,2023-10-20,https://i.scdn.co/image/ab67616d0000b273d31e0758f667f63ac85d42cb
1baiilYumHR9q71mfpjkFP,Charlie Brown's Holiday Hits (Remastered),Vince Guaraldi Trio,1998-01-01,https://i.scdn.co/image/ab67616d0000b273e5a73b198ca3a4eee403e4bd
5f8pMn2A5d5lKMDapYbCmp,Black Panther The Album Music From And Inspired By,Kendrick Lamar,2018-02-09,https://i.scdn.co/image/ab67616d0000b2736bf36d6497b0db242c514a91
5Vkw881x3xRqswGYLuRMge,La vie très privée de monsieur Sim (Bande originale du film),Vincent Delerm,2015-12-11,https://i.scdn.co/image/ab67616d0000b273adab9c7b4c9b98faad41f882
6baocbAwXAOngbR0E5FWBH,The Three Tenors Christmas,The Three Tenors,2000-09-01,https://i.scdn.co/image/ab67616d0000b2735d41a2635409ffec7eeb6793
5JHQelMVVaxcl0uCsgxF2X,MOTZ VA 01,HUREN,2019-02-14,https://i.scdn.co/image/ab67616d0000b273ce8e3c5b91d3d677a51423ff
059REKZPivhkzO4mNPjj2a,Multila (2020 Remaster),Vladislav Delay,2020-03-20,https://i.scdn.co/image/ab67616d0000b2731fc557ffbef95056e81dcda0
5iyuKfhe6G3KC6bjUU3bVO,Abstract Funk Theory (Mixed by Circulation),Various Artists,2001-01-01,https://i.scdn.co/image/ab67616d0000b27332d7d6f10264cbee9acfb30a
4UTTXsVobsmlvZkbS5gwHv,Far Field,HVL,2024-08-12,https://i.scdn.co/image/ab67616d0000b2738bae76e7f7d4122ec19c6822
18iyjo6GV6Bzxs4x8Z1NWG,Amoureuse (Edition Deluxe),Véronique Sanson,1972-03-20,https://i.scdn.co/image/ab67616d0000b27376b50321a0589a22726cb545
4MZdFFnHTU91NL3IuxJxlV,Anticon Label Sampler 1999 - 2004,Various Artists,2004-03-22,https://i.scdn.co/image/ab67616d0000b27391acd39b413ffa1f90de8f33
4910t2DpHO9RQd2XctS8wT,"Welcome To Zamrock! How Zambia's Liberation Led To a Rock Revolution, Vol. 1 (1972-1977)",Various Artists,2017-05-19,https://i.scdn.co/image/ab67616d0000b2738fab698552d62748f528a284
5qCXN6XfQEX0stubgQ64DY,Home. House. Hardcore.,Head High,2015-03-13,https://i.scdn.co/image/ab67616d0000b2738cb59a45084be54261fa0cdd
4PMQjA2UuxRL5RMWKRpKZv,"I'll Be So Glad When the Sun Goes Down: Alan Lomax’s ""Southern Journey,"" 1959–1960",Various Artists,2011-01-18,https://i.scdn.co/image/ab67616d0000b27300f9e6475593aee167f5cba1
23hTRQVUECDeCdPKDP1qHF,From Then Until Now,Crookers,2012-10-29,https://i.scdn.co/image/ab67616d0000b27301ca563b3d3001ca633c6038
7m074yf67YDB4HdHEWY2kn,DJ-KiCKS (James Holden),James Holden,2010-05-24,https://i.scdn.co/image/ab67616d0000b273cb4352e4a13e579e4d18ac82
14WeC9GQmhuenwDgRn8B8Y,"Disco Music History, Vol. 8",Various Artists,2012-08-07,https://i.scdn.co/image/ab67616d0000b2738a42d2670e8622f4855cba94
18D8AQSOf9CDkGwsCc3aj9,Tarot (Remastered),Walter Wegmuller,1973-12-16,https://i.scdn.co/image/ab67616d0000b2732c4f6b031a1938f089435fe1
3GGb4y5oeTnV4PilRq7go0,Speedy Wunderground - Year 3,Various Artists,2018-07-27,https://i.scdn.co/image/ab67616d0000b273a53463b6a41901904441b5e8
0fLsSioEYzCtXarm7ldRNJ,The Best Colourful Noise Set For Total Relax,White Noise for Babies,2020-10-16,https://i.scdn.co/image/ab67616d0000b2732fc484d7a52d14841d27457a
53lbB7LYjPft3wNHshbgon,"Lonesome, On'ry & Mean (Expanded Edition)",Waylon Jennings,1973-03-01,https://i.scdn.co/image/ab67616d0000b273b31e859d435c1ad306fccb0a
1xE81qOtroPlmxjohDV5cU,Crazy Heart (Deluxe),Various Artists,2015-10-01,https://i.scdn.co/image/ab67616d0000b27365730136bdbf011d9e45769d
7mgVRTYZImWwGlbfJYfIgf,Greensleeves Official Dancehall Mixtape Vol. 1 - Bobby Konders / Massive B,Bobby Konders,2003-12-08,https://i.scdn.co/image/ab67616d0000b273a7a4d1c38137ac635a377652
1lzXKC7YtD8taNdv84K54L,The Wes Montgomery Trio (Expanded Edition),Wes Montgomery Trio,1960-03-01,https://i.scdn.co/image/ab67616d0000b27316527ecf2808e6268f431422
6P1sBa0T1fRooA0UTAQfOu,Coast To Coast (Expanded Edition),Westlife,,https://i.scdn.co/image/ab67616d0000b27315f19e3b1fbfc5a2f164fb6a
3mfKaQqoDzM2LhQ7Df6uYh,Essential Beethoven,Various Artists,2009-07-31,https://i.scdn.co/image/ab67616d0000b2739e7041cac3022c7a3ed7e8e0
6GK7MOPqacKl84T0r6Rctc,,Various Artists,,
0nbfweKFPpGWmOgf3LHZb1,Popped In Souled Out (30th Anniversary Edition),Wet Wet Wet,1987-09-21,https://i.scdn.co/image/ab67616d0000b273ab727933b65e269664f1d879
5HaOXSCK1IlwzV4ve7CUKY,Twenty Five,George Michael,2006-11-11,https://i.scdn.co/image/ab67616d0000b2730387e54a214e3ed5ff795956
6Mtye5lhYh1JtHenUkIsH6,Christmas Hits,Various Artists,2013-09-20,https://i.scdn.co/image/ab67616d0000b273e60e808ea566aa265ff596f1
1LPOY1Px89zxivotwgIPTD,Methods (Deluxe Edition),White Belt Yellow Tag,2010-05-31,https://i.scdn.co/image/ab67616d0000b2738a560806120d711283b07702
2TOSExg0aFJVljpgE4FCV1,Spirit of Talk Talk,Various Artists,2012-09-03,https://i.scdn.co/image/ab67616d0000b273305800967f694f84a590bc9c
5XKACMtGG0kgAYaot5lRvx,"Lagniappe Sessions, Vol. 1",Various Artists,2016-11-25,https://i.scdn.co/image/ab67616d0000b273f7b9fe348d2d7d1c9ce51130
1WFozsJ1CQfkuGcd9GjYTX,Saints and Sinners (2013 Remaster),Whitesnake,1982-11-20,https://i.scdn.co/image/ab67616d0000b2735422fe1b3700fc6fa354dbc1
3hzG4AxkYVRhJ18PSVf5TN,Kapote Presents Mushroom House Vol. 1,Kapote,2020-11-20,https://i.scdn.co/image/ab67616d0000b273f20d2e660f92ec71f4441002
2SUjSPglsVlIv9pom5A9vq,Pure Garage Rewind,Various Artists,2019-04-12,https://i.scdn.co/image/ab67616d0000b273cb4be9a8ccb9fb1ba0ecfa4c
2TZmNJTlastKyy5ITBCwRN,Raumpatrouille,Various Artists,,https://i.scdn.co/image/ab67616d0000b2732c5e04acb4a4bfadff84b02f
7tBm2pRnvXb2PUoVYB3M8o,Speicher 19,Magnet,2004-07-26,https://i.scdn.co/image/ab67616d0000b273f7de423ef8817c5b25cbde8c
3G2pJ9kALCIZSSoYjF125I,In Search of Sunrise 4 Mixed by Tiësto (Latin America),Tiësto,2005-04-13,https://i.scdn.co/image/ab67616d0000b27389bbd0cc30fb7b698724025d
5J264dvVL07uv4WRy0s2Sc,Version Galore,U-Roy,1971-01-01,https://i.scdn.co/image/ab67616d0000b2733816c072fc4f62a0e34dfd3a
2erEpla5nkIFOaseTQrJx2,The Whole Love (Deluxe Edition),Wilco,,https://i.scdn.co/image/ab67616d0000b273a051923efff0fdd6fad30158
6tvhmvSirmJUmkcdMx9BTh,Present Tense (Special Edition),Wild Beasts,2014-10-13,https://i.scdn.co/image/ab67616d0000b2736df759f60ff670569dce01b0
0gduKWM0sGs2lN8bm8IwQo,John Otway Wild Willy Barrett + Deep & Meaningless,John Otway,,https://i.scdn.co/image/ab67616d0000b2732d47351d7503e3cd86d68597
1Dgwpc60kecGneKGqOHH2h,"Brownswood Bubblers Twelve, Pt. 2 (Gilles Peterson Presents)",Various Artists,2017-06-30,https://i.scdn.co/image/ab67616d0000b273e5d536e6407490e175eb883b
1jbWALQirYjOV5JJ0oz8sK,Triplet (Luke Abbott Remix),Will Samson,2020-01-28,https://i.scdn.co/image/ab67616d0000b273e44f30c0836ff6ab5aed5f50
5fmPy3XmYD0BJKEr86a3Cu,The Disintegration Loops (Remastered),William Basinski,2002-04-16,https://i.scdn.co/image/ab67616d0000b2730eaf5a436f066879ee27c1e4
3L9QnA4FnUb1kVeQF63mcx,"Music from The Comedy, A Film by Rick Alverson",Various Artists,2012-10-30,https://i.scdn.co/image/ab67616d0000b273cef92614787059e87abeed6c
4TUZjqIO2ZaUf85D8VY8d3,New Orleans-Mississippi-Dixieland Festival,Various Artists,1998-10-05,https://i.scdn.co/image/ab67616d0000b273fbe5acb768f752c0959daef3
6qqJGRcDQjmfiIxNcyvEsh,Fernwood Rhythm 'N' Blues From Memphis,Various Artists,2003-01-01,https://i.scdn.co/image/ab67616d0000b273179d539ac978f174a8e3f3fa
20uFRx6K8E7YtRsbiRJyen,"Native North America (Vol. 1) : Aboriginal Folk, Rock, And Country 1966-1985",Various Artists,2014-11-11,https://i.scdn.co/image/ab67616d0000b2739e43c63fdc900e6b70cb2e2e
5Oli3gQJrHdahY7FDEoofW,The Music of Red Dead Redemption 2 (Original Soundtrack),Various Artists,2019-07-12,https://i.scdn.co/image/ab67616d0000b273f337a21d945f44e802a1eb1d
0O9x5wiZgumW5WN9Iv2JWu,Traxbox Vol. 11 (Trax Records Remastered),Various Artists,2013-09-30,https://i.scdn.co/image/ab67616d0000b273fc837a68d65aa5ae2fa80d8d
4PMQjA2UuxRL5RMWKRpKZv,"I'll Be So Glad When the Sun Goes Down: Alan Lomax’s ""Southern Journey,"" 1959–1960",Various Artists,2011-01-18,https://i.scdn.co/image/ab67616d0000b27300f9e6475593aee167f5cba1
0QH3U1gyoxNrIM7M8amRpi,Rent (Original Broadway Cast),Various Artists,1996-01-01,https://i.scdn.co/image/ab67616d0000b2735160c7c9bb2f49448e1fe321
7pVXZRWm7SXnKmoU84NsxG,DJ-Kicks (Marcel Dettmann) [Mixed Tracks],Marcel Dettmann,2016-10-14,https://i.scdn.co/image/ab67616d0000b273a04421f3fd3c5a40a72dc4bf
3eN0kcFvDvdpjAvv1qZa4D,Wings At The Speed Of Sound (Archive Collection),Wings,1976-03-25,https://i.scdn.co/image/ab67616d0000b27305bdc7164b38b5bbadeb63a3
5ye0I2FTRyBCNSbxk5KsTk,London Town (Expanded Edition),Wings,1978-03-31,https://i.scdn.co/image/ab67616d0000b27303525be9ed702824b5d69ad6
5B1c0VlK24gvkbJx2g9Ft9,Venus And Mars (Archive Collection),Wings,1975-05-27,https://i.scdn.co/image/ab67616d0000b2738709fc6f85d6218690219e34
1RzrSgWinUzgsnw3oQDXOy,Red Rose Speedway (Archive Collection),Wings,1973-04-30,https://i.scdn.co/image/ab67616d0000b273395734c8512bd160c6ee3f56
37DFE46zvHveNgwANFs0SG,Best Of The Wipers And Greg Sage,The Wipers,2002-08-01,https://i.scdn.co/image/ab67616d0000b273e517b7327dcd09e8f20cfbda
4WXqZZ28geJSPtqLcCF56L,Pink Flag (2006 Remastered Version),Wire,1977-11-01,https://i.scdn.co/image/ab67616d0000b27321faee05f3c4d648d971f1b0
7tWxaE1as1wy12Yd1De41r,Chairs Missing (2006 Remastered Version),Wire,1978-08-07,https://i.scdn.co/image/ab67616d0000b273b099d03bb44b48861ac62594
2ajuLWJSuzHFeTceC1A4bW,154 (2006 Remastered Version),Wire,1979-09-01,https://i.scdn.co/image/ab67616d0000b2731b686012471336aa93fd0c7d
10ksWApLrJ7aDd2OXFIlid,Christmas: The Collection (50 of the Greatest Original Xmas Hits),Various Artists,2013-11-01,https://i.scdn.co/image/ab67616d0000b2730c638e546218c08437c1fbb1
76eqsZ0O2XerzI9GUurv55,Copenhagen Massive (Rmx),Obeah,2007-10-29,https://i.scdn.co/image/ab67616d0000b273381d91f6376282eea97beaf3
21UT0OWmK7c3MVVPHkfaPG,Requiem - Music To Die For,Various Artists,1999-04-26,https://i.scdn.co/image/ab67616d0000b2739f3afba678d78dc6ed799e20
6eQ7vSfXNxJWeLUFeqKt4A,80s Soul (International Version),Various Artists,2001-01-01,https://i.scdn.co/image/ab67616d0000b2735bd4875fea21e8f2819835d0
2jFN1fc4a0TPbroKWiUjPK,Teardrops (Sped Up),Womack & Womack,2023-11-03,https://i.scdn.co/image/ab67616d0000b273bd26310cbd00bb974d3fdbc1
4kmNp7BKdrMUXG3j1b5J9J,Distant Dialogues,Various Artists,2020-10-31,https://i.scdn.co/image/ab67616d0000b2738e33abe33105529b3d8929e9
0dhmi5ynbgtQ8pci0UxOkK,It's Cosy Inside (Remastered),Woo,2018-04-30,https://i.scdn.co/image/ab67616d0000b2738704042de08fd167e5ed8076
0V6u4pveYlufmU2qnige3y,Realm Of Consciousness Pt. IV,Various Artists,2019-06-21,https://i.scdn.co/image/ab67616d0000b273e569da8d8092a5f68a6a27ad
5Cw32z9ICOrrbS8Q5JcpDv,Portrait,Woody Herman,2014-04-18,https://i.scdn.co/image/ab67616d0000b2734a1a474b8d469495e615e248
6tmFbNRFhcn2iisqRxXmmG,White Rooms and People (Anthony Naples Remix),Working Men's Club,2020-02-28,https://i.scdn.co/image/ab67616d0000b273817d95600170b24170050ea4
0M2vvPOWOKOXctKTlHEDoJ,80s Workout Hits Session (60 Minutes Non-Stop Mixed Compilation for Fitness And Workout 135 Bpm - 32 Count),Workout Music Tv,2016-01-01,https://i.scdn.co/image/ab67616d0000b27373d4cead8e3ed18b88b701b7
0BpMVsdRcciheAvhZWuxFq,American Reunion (Original Motion Picture Soundtrack),Various Artists,2012-04-06,https://i.scdn.co/image/ab67616d0000b273555304397651d9a8aa5c7e4e
0mgUrEyxaymxq5hCKqNQ9B,Kelly Blue (Keepnews Collection),Wynton Kelly,,https://i.scdn.co/image/ab67616d0000b27399f4dd19ff152eb8a379afcc
4QPbmEVlqSd6PTMIeLR6OO,SubBerlin (The Story of Tresor),Various Artists,2012-05-07,https://i.scdn.co/image/ab67616d0000b2733f24603bf48250ff19b2c3ce
451e5h6dw72kPMmAGzhH7h,Cold Stones (James Holden Remix),XAM Duo,2022-09-02,https://i.scdn.co/image/ab67616d0000b2730bd5d6b7a0a058f4655f6553
3DHYBzDbkkkAt6NerC1WWj,V/A 2.0,Various Artists,2020-05-12,https://i.scdn.co/image/ab67616d0000b273355e556600875f5b9317e094
6hcmhm2SgaQpEJKfos7NU0,+8138,Various Artists,2019-12-13,https://i.scdn.co/image/ab67616d0000b273eaa9056dbffcba0b73450797
6ntyM9hFF1kQcIrKAIIYJz,6,Various Artists,2015-05-04,https://i.scdn.co/image/ab67616d0000b2737321a448f85547bd823b09c6
6cegaddEcEV7S8sSaECJ41,Who Pays The Ferryman? (Original Motion Picture Soundtrack / Remastered),Yannis Markopoulos,2013-09-17,https://i.scdn.co/image/ab67616d0000b273c704cb9b6920ef0d00f386c4
2Znvnlox1eJQRPA5Lctasn,Edit EP,"Yaz, Miko and Preach",2002-11-03,https://i.scdn.co/image/ab67616d0000b2739ac7dd965162d8a1ace59f61
5lD5OabiKy5ta9QRloKbFz,Future Bubblers 1.0,Various Artists,2017-09-22,https://i.scdn.co/image/ab67616d0000b2739c3c0a3892b91a0711d68168
6nNlTIiFd3J06W0rJiiwlz,90125 (Deluxe Version),Yes,1983-06-01,https://i.scdn.co/image/ab67616d0000b2739d9a49f795b4340538f43435
1Dgwpc60kecGneKGqOHH2h,"Brownswood Bubblers Twelve, Pt. 2 (Gilles Peterson Presents)",Various Artists,2017-06-30,https://i.scdn.co/image/ab67616d0000b273e5d536e6407490e175eb883b
1c7bzCuhyhYQxa9mhT9jvf,Small Hours 003,Various Artists,2020-04-03,https://i.scdn.co/image/ab67616d0000b2739f8b56ab18c4a1a8676276f2
3a6CNDNbGTUnHkeBskWpBM,Colossal Youth (40th Anniversary Edition),Young Marble Giants,,https://i.scdn.co/image/ab67616d0000b273a7086076d553ae2ea84f9bb3
6EShA1FkOyix9LWx3Qnupt,Bangs & Works Vol. 2 (The Best Of Chicago Footwork),Various Artists,2011-11-07,https://i.scdn.co/image/ab67616d0000b273baacc12df2c8be03b3a1085d
2RW837SNThuCHOLFwjoM6C,Tempa Allstars Vol. 8,Various Artists,2015-12-11,https://i.scdn.co/image/ab67616d0000b273fd60207a47598b4647d2bbaa
7nTMkLJl8EuQAdLyM4rSKn,How the East Was Won (1989 - 2009),Various Artists,2018-11-12,https://i.scdn.co/image/ab67616d0000b273754aa846ddb2900e063cb1e8
7Dd9kbH46vk4fIA9esp3rf,Eastern Sounds (Remastered 2023),Yusef Lateef,2024-02-02,https://i.scdn.co/image/ab67616d0000b273ff4a38917d1eb6c85752e9ff
44VxbAytHpVi3Rq8hRhild,Tea For The Tillerman (Remastered 2020),Yusuf / Cat Stevens,1970-11-23,https://i.scdn.co/image/ab67616d0000b273e7248738c2f7ce3b5584b15d
2XXF6pODroMYQ3qPmXeMB1,Mona Bone Jakon (Remastered 2020),Yusuf / Cat Stevens,1970-04-24,https://i.scdn.co/image/ab67616d0000b273dcc7d80ac24734a1d2cde062
2sPZKGxvg2RZF4d2ioEYjz,Wigan Casino 40th Anniversary Album,Various Artists,2013-01-01,https://i.scdn.co/image/ab67616d0000b27317af6a2bca7dada818d31373
04Xde0FJSo4LVQ1GE36t49,High School Musical 2 (Original Soundtrack),High School Musical Cast,2007-01-01,https://i.scdn.co/image/ab67616d0000b273342a94d40e41ecd14874be4c
5f8pMn2A5d5lKMDapYbCmp,Black Panther The Album Music From And Inspired By,Kendrick Lamar,2018-02-09,https://i.scdn.co/image/ab67616d0000b2736bf36d6497b0db242c514a91
6UKSDlLQzAGrd5CZ6XhKL3,La Double vie de Véronique (Original Film Soundtrack),Zbigniew Preisner,,https://i.scdn.co/image/ab67616d0000b27324385b2d534dd92bf4713c1d
6tRfYMgjxO3IRmXAAhFfeG,Kill Em (Remixes),Zeds Dead,2018-10-26,https://i.scdn.co/image/ab67616d0000b2736560b5f835a31a2f1093ac0f
5dcBbK62PiNQNKoY9Tl3Jd,Counting EP,Hamdi,2023-09-29,https://i.scdn.co/image/ab67616d0000b273f7791c3b5086500f516c903a
0YZZMp4VUC6389dVBf6fhx,Pixel Perfect (Original TV Movie Soundtrack),Various Artists,2006-09-22,https://i.scdn.co/image/ab67616d0000b273571b7670c8793a0775bae33a
392FjnGuy8paSvzz2PjwVH,As I Am,Kristin Chenoweth,2005-03-28,https://i.scdn.co/image/ab67616d0000b27333dccb76df9c8f90d594279a
5fEIJ1DoLL692ykIx5TD6g,Off The Wall - Ten Years of Wall of Sound,Various Artists,2006-12-31,https://i.scdn.co/image/ab67616d0000b2734fb449977172100c4cae40b0
3ebiXE1wKUYUB1pG4JS60N,The Revenant (Original Motion Picture Soundtrack),Ryuichi Sakamoto,2016-01-07,https://i.scdn.co/image/ab67616d0000b2738b0d2dbadeb33686288001f4
6BYPuIipUDbX3FKQOvpXZX,Groovecore United Vol. 1,Various Artists,2022-06-30,https://i.scdn.co/image/ab67616d0000b273867f2257f5b8f364817550d6
0L1apAXxXqnl3vMpJMVO2b,Speedy Wunderground - Year 4,Various Artists,2019-12-06,https://i.scdn.co/image/ab67616d0000b273d32ed49b550cc4a3d89679d5
1PzqHzo43PKW1ZfAYprQnY,Best of DanceMania JUKE,Various Artists,2004-08-02,https://i.scdn.co/image/ab67616d0000b2731de482aef5a5c1921e505655
3dhKhSOmKlyWmhmC6OAOxD,DJ-Kicks (Scuba) [DJ Mix],Scuba,2011-10-24,https://i.scdn.co/image/ab67616d0000b273428eba4d5b4dfeec80c8daf2
0ihW94wW119MsbW1qE0nRE,Tucan EP,Martyn,2009-11-16,https://i.scdn.co/image/ab67616d0000b273ab6dd0b4c1a6306e29423d8c
6fuKNIWbVUCHgXJxFLSzNU,Sundown (A Collection of Home Recordings),deathcrash,2019-07-12,https://i.scdn.co/image/ab67616d0000b2733c298cc31971c774c6dd5249
30JKFhrKYOSsRgmpCuUpvL,World Service 2,Dave Clarke,,https://i.scdn.co/image/ab67616d0000b273adeb63c95c7ee64a1a2abb6c
4ptIoJvhXyOBhkrgdAvWL0,DJ-Kicks (Mount Kimbie) [DJ Mix],Mount Kimbie,2018-09-28,https://i.scdn.co/image/ab67616d0000b273e54606c577ded3b19cffdefa
0WhOJJJZPWfefjJogtinkD,isaac gracie (extended edition),isaac gracie,2018-04-13,https://i.scdn.co/image/ab67616d0000b27313b7462235a959a990be5dec
0hRUGJfGyk1WgTfGxlR6si,29 Speedway: Channel Plus,Various Artists,2022-11-25,https://i.scdn.co/image/ab67616d0000b273df0a92993f587fd2efd9b1af
0a6NsOaOzlrubGl3htyVWG,Madagascar: Escape 2 Africa (Music From The Motion Picture),Various Artists,2008-11-04,https://i.scdn.co/image/ab67616d0000b2734fa16ce4d3cf85624dd4dd30
1QMmVNZc6MpssCZy62IuNI,Christmas Blues: Savoy Jazz Christmas Album,Various Artists,1994-01-01,https://i.scdn.co/image/ab67616d0000b2733814d739df75ed72b6f253bf
2rwQ71x5mXHX162ce5ypy7,華麗なるエレクトーン -ザ・ワード-,SHIGEO SEKITO,1975-01-25,https://i.scdn.co/image/ab67616d0000b273583e3a677882a4a4e7115234
0MSQMDr9PhDv8NUmItEErH,婴儿哄睡神曲：羊水声+白噪音嘘声｜让宝宝一秒入睡,舒眠频率,2022-09-25,https://i.scdn.co/image/ab67616d0000b2730526200451711a087950e385
