artist_id,artist_name,artist_popularity,artist_image,primary_genre,supergenre
3AWprtbEToKCq6Xzz0tTX4,Mamman Sani,31,https://i.scdn.co/image/ab6761610000e5ebcf7267fa50d01a4a12d1e147,ethiopian jazz,Unlisted
2uZiIZt94U6VvsxacxQwXz,Oberst,2,https://i.scdn.co/image/ab6761610000e5eb82a9d44f17988622c0dedda4,norsk rock,Unlisted
2zDEnKW6qy7E4M9A2c2YAZ,Lao,19,https://i.scdn.co/image/ab6761610000e5ebfb960c78bb48bc529a38aa17,latin r&b,Unlisted
67Qz4pUaFSBwVrv9Ds8Dzj,Cathaysia,0,,,Unlisted
4tMMHQ58Jn6IvUATulcNcw,Lamonde,0,https://i.scdn.co/image/ab67616d0000b2730ece4c3f9bf2f6c1efdb8dc0,,Unlisted
5ESobCkc6JI4tIMxQttqeg,Bessie Smith,40,https://i.scdn.co/image/5aaabae6a8e5d353ca8ac6b5cc6adfc91c2c5a5e,classic blues,Unlisted
5zaaSq5kBeam20iRoCahMj,Grey Area 03,0,https://i.scdn.co/image/ab67616d0000b2738b854c715cb12734db2e496e,,Unlisted
45q77VMb6x9mgH5dAMLDJp,Sainkho Namtchylak,34,https://i.scdn.co/image/ab67616d0000b273d73f6d46da36268a7577072b,,Unlisted
4jm59PnyzdzUkYGJ4bCyPQ,Margot,12,https://i.scdn.co/image/ab6761610000e5eb50cf8182ee46ac15b792805c,indie dance,Unlisted
5klp9VmF0Os0ytBwXBy8Tf,Lindiwe Mkhize,41,,,Unlisted
1D86M7ewUQH1vS0QsXCmI9,Emahoy Tsege Mariam Gebru,51,https://i.scdn.co/image/ab6761610000e5eb4a6f3766a23e91536d7ee6ed,ethiopian jazz,Unlisted
3NLWTwNuFNPJaHEVEWxaqj,Matteo Manfredi,5,https://i.scdn.co/image/ab67616d0000b2735768c9b6aa8f26edb60388a1,,Unlisted
0g3j2imizKJ0OEaxwhF0xn,Blaire Reinhard,17,https://i.scdn.co/image/ab67616d0000b273d162a0eff49574365c35456a,,Unlisted
4cHdzQMvESi5fSYStocJQT,Annaleigh Ashford,48,https://i.scdn.co/image/ab67616d0000b2731828473d593f22288c795e5c,musicals,Unlisted
1A2zTDBNQAtGRaHX9lISZ5,Leah Greenhaus,37,,musicals,Unlisted
4oqx9aQJ91bDVitBTieoTX,Christoph Schulz,0,,,Unlisted
1JikLOvnTL6LD0AUPSpqAI,Begi L,0,,,Unlisted
2NVtDeFBzHMUFQlzDswS8a,Thom LaFond,15,https://i.scdn.co/image/ab6761610000e5ebd36ca67007dbf8ce8d9bee54,,Unlisted
24DQLSng7bKZD4GXLIaQbv,Percy Faith & His Orchestra,53,https://i.scdn.co/image/ab6761610000e5eb79058cfc754be16c2f0070aa,orchestral,Unlisted
2qyeeNPXHdRwjAnDhV4dhZ,Azajjin,0,https://i.scdn.co/image/ab6761610000e5eb3398db45ab74437713e19e9b,,Unlisted
7CCrWKLbAto1EXI2eoG9Vu,Tsuruda,27,https://i.scdn.co/image/ab6761610000e5eb54903feb5fd2d35db15e753e,drumstep,Unlisted
7z7UoyBoUDLSbBD6hsCgNn,Five Revolutions,17,,,Unlisted
7puhfzsXw2pi1SEclNHHlq,W. Jörg Henze,1,https://i.scdn.co/image/ab67616d0000b27379c45e5adc7e4e31fc8c7c72,,Unlisted
1HmcCckVaFw44DHhZKuKgN,Irwin Kostal,44,https://i.scdn.co/image/ab67616d0000b2736cbde4fb9f89857ed8d00178,musicals,Unlisted
5a8Y06JGE6jIOgBwCs7RKo,RHYS BIBI,0,https://i.scdn.co/image/ab67616d0000b273df76f301ab93403e963f9260,,Unlisted
2lHSlOOSjpb0qKUkrpXT6J,Bremer/McCoy,52,https://i.scdn.co/image/ab6761610000e5eb62457b49f9bcb3c3f760a368,,Unlisted
76DfVm5okud2I5Az7YWvnV,Brian Lopez,15,https://i.scdn.co/image/ab6761610000e5ebe234abfad6ad4ddf209bc66b,latin folk,Unlisted
356DaKT7lQvmKRHIOIYQY3,Benita Calrado,36,https://i.scdn.co/image/ab67616d0000b2738958e8515514f9bfce71f4ba,,Unlisted
1TQAeD354zdHUoqayn8upT,Freddie L. Small,0,,,Unlisted
3M2LPcqyD4PxbOFvtF05R7,Chatham County Line,32,https://i.scdn.co/image/ab6761610000e5ebf97f962edb51bcb2166d57e3,newgrass,Unlisted
1K7vnfAoxgzS6ZFV9V1AQO,Indigo Lo,0,https://i.scdn.co/image/ab6761610000e5ebbb2d5135b593d536bf4b939c,,Unlisted
2DC2KJDKwTf5RGfuWCzAkc,Azari & III,46,https://i.scdn.co/image/32e8bf1de80d92e0a5f7f8a67d0aec9d0fc20481,,Unlisted
4PpmBoqphQusNFsxuVKb6j,Paula Abdul,56,https://i.scdn.co/image/ab6761610000e5ebee0a8f7e1d62e21b3b61a066,,Unlisted
0b45g7oDSlWJ6AeYKjJS0v,Stanislav Gallin,10,https://i.scdn.co/image/ab67616d0000b273d453f4e9266ddf5b23e56d05,,Unlisted
4ypyToB94tFkw2BxF96ZlM,Folque,21,https://i.scdn.co/image/ab67616d0000b2736b7c1b835b8034b404cfeb3e,norsk rock,Unlisted
1Ok9uJhfJ0cOQB3IPHeHYF,Tarentule,0,https://i.scdn.co/image/ab67616d0000b27308536f11cc60480685b18138,traditional music,Unlisted
0ow3Ac8tlahUoDVXbRuaRy,Jimmie Davis,24,https://i.scdn.co/image/ab6772690000c46c6a62b3ed4a66784c09ee2e8d,christian country,Unlisted
6G39Gakqv1r26pZzijSWti,George Hamilton IV,35,https://i.scdn.co/image/2b1c6d4461977f2bca2f51fce53cf1aab6708b1c,christian country,Unlisted
6ztZs0FOUv1FqwSxsj11R3,Jean-Pierre Ferland,38,https://i.scdn.co/image/ab6761610000e5eb72930ae8f479f987fe0c24c0,chanson québécoise,Unlisted
3hZYcnuncZYCJzqO9pwpAK,Shades,32,https://i.scdn.co/image/ab6761610000e5eb44012660746ab8527779032a,drumstep,Unlisted
0AIim12jO78DuyyUYbHfAe,Shire T,32,https://i.scdn.co/image/ab6761610000e5ebf6d1ab4b9a993e2c7af41637,,Unlisted
6xq7g0E52yq4y8Op9X82Uo,TIBASKO,34,https://i.scdn.co/image/ab6761610000e5ebebe3ce4710bb18ec943e3a1e,stutter house,Unlisted
5zgSa1p65tKQvIEAKqwlPg,Sir Harry Lauder,14,https://i.scdn.co/image/ab67616d0000b2736f6b3250666915a7e7713be6,,Unlisted
7d1xjDIoghWcgAkCANoCKe,Max Bygraves With Archie Andrews,1,,,Unlisted
7IAOR9C0ax7e19MmW4Q8Zk,Noah Cline,6,https://i.scdn.co/image/ab6761610000e5eb39cfa1ba65680c7e0674e46c,,Unlisted
1U0ooypQ59GyKyj1smbLz7,Anima & Ennui,0,https://i.scdn.co/image/ab6761610000e5ebbbc8f63960ec4f0f7cc3ff7a,,Unlisted
2HB65P72dFRiOKvbLLcil2,Meryl Streep,68,https://i.scdn.co/image/bed81fc6e2028fa4c7d01fa2066f4d600b511f03,musicals,Unlisted
6nKfpz5OosWfOp3CnY0kvy,Michelle Pfeiffer,43,,musicals,Unlisted
43qPWPlDL5noyuCJKPKm6N,Deft,24,https://i.scdn.co/image/ab6761610000e5eb3f140d494bf31bc4659cc021,drumstep,Unlisted
3Ps27dDfvubd75rh5A0wz9,Honeyz,34,https://i.scdn.co/image/ab67616d0000b273ec4365cf678c4bc429d03049,uk r&b,Unlisted
5PSWc8Y94zFsAtZlTe7ipI,The Statler Brothers,51,https://i.scdn.co/image/cb80bd63d8d6d986cc66292affea75e8bc07cd2f,christian country,Unlisted
7rtLZcKWGV4eaZsBwSKimf,Billy Fury,38,https://i.scdn.co/image/ab67616d0000b273c86bd1f140b5d5005544d790,rock and roll,Unlisted
28GtJHVA8ARidEYFWX0tiG,Joe Carroll,16,https://i.scdn.co/image/ab67616d0000b2738145f3afe703233d859d5e7f,musicals,Unlisted
24CJU16EbtzMYQWicTXNDR,Zina Goldrich,15,,,Unlisted
2oQJQUIpJFFnfKvHJA0xBu,The City of Prague Philharmonic Orchestra,63,https://i.scdn.co/image/ab6761610000e5eb8c6007c4950dd2361e50be9a,orchestral,Unlisted
71wy5iisVKXLZgoPxdFi8A,Les Misérables Cast,51,https://i.scdn.co/image/ab67616d0000b273170e79548d280867ef12742b,musicals,Unlisted
1lrPNYVtvuiB3lmOjbyJc9,Faith Prince,30,https://i.scdn.co/image/ab67616d0000b273fafe91c0edcd01d96831dc31,musicals,Unlisted
79ipwfkZpcwMYwHJdqtGsN,Terr,31,https://i.scdn.co/image/ab6761610000e5ebd7ea8b480feb7ffea9e1356b,indie dance,Unlisted
7JyIYQOPXnpgSxyz2aCcpu,SWA Allstars,0,,,Unlisted
76KY8JsK3XMQkjDiRZVprS,Pete Rodriguez,50,https://i.scdn.co/image/ab6761610000e5ebb7f09acf72108b3f81822a99,cha cha cha,Unlisted
3fwPbUnAOAhzd60TyDfE8t,Piano Fantasia,47,https://i.scdn.co/image/ab6761610000e5eb43e4dc6e373b8fa8e13600ff,italo disco,Unlisted
5bcg41eahXhsa30vaMvv0r,Sex Week,31,https://i.scdn.co/image/ab6761610000e5eba8d2209a8862b739d258a630,,Unlisted
1KKpoCjkEc0b0vAuiMe2uT,Alex Figueira,27,https://i.scdn.co/image/ab6761610000e5eb82b1e5a12449c4d53987d65e,latin afrobeats,Unlisted
4zxH2Yu5AvPNRdEDBz120D,Véronique Sanson,55,https://i.scdn.co/image/ab6761610000e5ebe801b633722698f9387da9be,variété française,Unlisted
0tRRrNLQY5rejEDVSjy4w3,Debelah Morgan,34,https://i.scdn.co/image/60340e8b4851a24102ded188e328f3a1db6758cf,cha cha cha,Unlisted
0bEvfTJsHHsTxqpqzWGXDw,Stéphanie Lapointe,23,https://i.scdn.co/image/ab6761610000e5eb8f62e8177c355622757a7285,chanson québécoise,Unlisted
3IQ7smN25mo56K9Xm6YqKj,Dominic Harlan,19,,,Unlisted
4Zf0pLGYwNB86Y97kisvkn,Debbie Reynolds,41,https://i.scdn.co/image/e9751ab643f1700814009306255b9df1b312284a,musicals,Unlisted
2uxy7shOeojRrRr9EwD2t7,Mi Amigo Invencible,44,https://i.scdn.co/image/ab6761610000e5eb070b9627e21a9b63d18242c9,latin indie,Unlisted
0nIyPY7J7G68WgQEOLHn0x,Anne Hathaway,57,https://i.scdn.co/image/09f4a0a499359540e40075f8e912d7c3e94bc4a6,musicals,Unlisted
6CLayzfExGy0fSn5IT0aX4,A2,40,https://i.scdn.co/image/ab6761610000e5eb1f618c021f274f1e2facac22,uk r&b,Unlisted
6Nii4K84ZzBZS8X2MP8c9t,Black Marble,44,https://i.scdn.co/image/ab6761610000e5eb8cdcb891fdaf8bf5cd6001c9,cold wave,Unlisted
3UcqhHuevCjo9XHneXhoiD,Michael Olatunji,0,https://i.scdn.co/image/ab67616d0000b273d49c76ac6d8967b6eca6f7c7,,Unlisted
3o1cwVQfiDWafhYA02k13C,Crookers,60,https://i.scdn.co/image/ab6761610000e5eb21e6c818fa5506891944a779,italian trap,Unlisted
3g7CYgIAN21cwqiY48BY50,MGUN,2,https://i.scdn.co/image/005a986996e4f31b0a07f8459b612fd30f5c36e7,,Unlisted
0W8ZVf53GqJkTOPRWQaaBq,CHLOE (Thévenin),29,https://i.scdn.co/image/ab6761610000e5eb4e4e54a225a8db107337c3be,,Unlisted
4SqRQprhiFuELVUXfe3Lct,Frisky & Mannish,0,https://i.scdn.co/image/ab6761610000e5ebd6c6d613e9cb416e4f642fb2,,Unlisted
6FyQbvzBZlMmCliciKIufF,Christopher J. Hanke,14,,musicals,Unlisted
5UCLo0DwCef9lexQS5bzhb,Orfeh,39,https://i.scdn.co/image/ab6761610000e5eba88259eeccace46f252b858b,musicals,Unlisted
3MKpIxwzJctX6ol1ieC56M,Sassieon Dupris,3,https://i.scdn.co/image/ab6761610000e5ebd663871159d446a07a2493d8,,Unlisted
4NZdYuSlqlg56KtQCeTb5W,Kid Ory's Sunshine Band,2,,,Unlisted
0oNXlOzdoVyXFp4etijOIn,Reggie Bonds,1,https://i.scdn.co/image/ab67616d0000b273909bdf93035013876e8ef60e,,Unlisted
3hfYldW3pHuFSCiZz8qgdm,Acid Rezerver,0,https://i.scdn.co/image/ab6761610000e5ebc0148769d1f3c500bc33e945,,Unlisted
5bnNgwp3nooah9yHAHsnR4,Jason Donovan,47,https://i.scdn.co/image/ab6761610000e5eb56122713b3043100a0cd2d6a,musicals,Unlisted
2vAtuOqzB1knNn4FEZm0un,Space Art,20,https://i.scdn.co/image/537056b04cc34d4d60b69bc85b726d76c9a38ac9,space music,Unlisted
29PgYEggDV3cDP9QYTogwv,Carolina Gaitán - La Gaita,57,https://i.scdn.co/image/ab6761610000e5ebb8d59d02e63737b0dbaa43e7,,Unlisted
1FmxE030Xe2H8Bn9bdv6Pd,Vanessa Paradis,61,https://i.scdn.co/image/ab6761610000e5eb0ed21d575f90079f2c7e4117,variété française,Unlisted
5maTHDye2JCsggBTXFnDB4,ferlin debrah,0,,,Unlisted
6IFtN53KWskqBgrW1Adf7X,Blind Delon,27,https://i.scdn.co/image/ab6761610000e5eb226f48f36aac50a72f526ff7,cold wave,Unlisted
54mELlas7xPj7gnCCvB1KQ,Rachel Eddy & Kristian Herner,2,https://i.scdn.co/image/ab67616d0000b27365c153d4137e3e7eb6ac82cf,,Unlisted
5VCklB2cFK3ofZIMkkDhyW,Ailsa Tully,10,https://i.scdn.co/image/ab6761610000e5eb0c67ece7a873b3947461b6ed,,Unlisted
04JBJKfnSMPBvnH5Va7knE,Milt Campbell,15,,,Unlisted
2t9Wxo7ttElQgyoYZoe9iv,Not the King,27,https://i.scdn.co/image/ab6761610000e5ebea8f9bd16cdbe35d1223fa04,,Unlisted
1cwNKCIuq12wLqAAsC1Zyi,Jevon,30,https://i.scdn.co/image/ab6761610000e5eb0cad90e0a21bb14c3ae94f36,uk r&b,Unlisted
6HVKYA2Sps9WekIhqnfKe4,Marshall Chipped,0,https://i.scdn.co/image/ab6761610000e5eb4143c727eb261d170698aba0,,Unlisted
63Ak1sAwkeayps8R3N3JJu,Italian Traditional bagpipe musicians,0,https://i.scdn.co/image/ab67616d0000b273949f1e297569a6dd1d601eee,,Unlisted
1cfzKTd2Dvx7RPurzdyAeR,Milroy’s of Soho,0,,,Unlisted
4YeITwoqeIks45gELm488B,NOIXES,47,https://i.scdn.co/image/ab6761610000e5eb79176580686fbef816dff21b,edm trap,Unlisted
2wqWxxwnJHTRMEst9OsREa,Drew Gehling,42,,musicals,Unlisted
3t7V2omc5R2ODZswIwcmFJ,Hysteresis,1,https://i.scdn.co/image/ab67616d0000b2736cbba6dd7c96ba54a3d1e0bf,noise music,Unlisted
58QNei6HY9fAmKKUeTOneM,Tenka,21,https://i.scdn.co/image/ab6761610000e5eb08000357f3ed3be4ac10514e,edm trap,Unlisted
2AFQojTf9JepkWGDWtWZjx,Deep Zen Pill,0,,,Unlisted
2mqC5o8LPha55XSqfVkT8r,Mindi Dickstein,37,https://i.scdn.co/image/ab67616d0000b27389425c11e34b033cf97875b5,musicals,Unlisted
3DgcBA7P0ji5co7Z1Gfp2Q,Kristin Chenoweth,62,https://i.scdn.co/image/ab6761610000e5eb48124fc43f870ed4501093e5,musicals,Unlisted
72CKLon8DF1pjBs8PBJNdp,Jeff Bowen,12,https://i.scdn.co/image/ab67616d0000b273dd002249a81838d4e483ca7f,musicals,Unlisted
1xCRJ0XrcQKEkjk50ILWbt,Hakim,54,https://i.scdn.co/image/ab6761610000e5eb4a64c616124866952c71dcd3,egyptian shaabi,Unlisted
66tdbpspqaHM1cPkBTC0WU,25th Annual Putnam County Spelling Bee Original Cast,41,,musicals,Unlisted
4vOWGtkwkFHPi4091LuTtk,Phenam,1,https://i.scdn.co/image/ab6761610000e5ebdae83a9b04afb30ded292487,,Unlisted
4EJP6Qhk6l18LumCcpEfLw,Eddie Redmayne,50,https://i.scdn.co/image/2f27b88be41ed8e21e7db0cf192385c14736f8a0,musicals,Unlisted
5fNpYM94eu7714oNfE7C0c,Kay Hak,0,,,Unlisted
628K1eY2Nq24SbQE5q92VY,Victor Silvester,35,https://i.scdn.co/image/ab6761610000e5ebff2eae7fe220a4c4c2cc0ac3,orchestral,Unlisted
4T795JhhCZMWM01DLcX98p,Michel Delpech,53,https://i.scdn.co/image/ab6761610000e5eb080aefa65a57d165c90923da,variété française,Unlisted
1SUV6BR0W4CCRMRuKOmwkf,舒眠频率,26,https://i.scdn.co/image/ab67616d0000b2730526200451711a087950e385,space music,Unlisted
6Xfb61LiBt1zevrkP7TJlh,Arthel Lane Watson,17,,,Unlisted
7C26wQyStqkNFW94iutvVD,Renato Cohen,33,https://i.scdn.co/image/ab6761610000e5eb6cc805d95900831878010da3,indie dance,Unlisted
5BJ7GXyi2tVyoKMQM7cSpM,Stelios Kazantzidis,52,https://i.scdn.co/image/ab67616d0000b273f949bbb05b4d6752c00530d8,laïko,Unlisted
4llklDtTTyMYMY2LfFOkTI,Domenico Modugno,53,https://i.scdn.co/image/ab6761610000e5eb5ad2b161e1a68bc601e293ee,italian singer-songwriter,Unlisted
35ovEjDArUFMwwr0hqb7Uh,Gold Rush Studio Orchestra,20,https://i.scdn.co/image/ab67616d0000b27366c489b1b4d977fdf9d81071,,Unlisted
4YIP5hX9ZJdXyC1yD69MWD,N.Y House'n Authroity,7,,,Unlisted
0MPCXpk3pfNCmUdzDlHX2f,Axile,21,https://i.scdn.co/image/ab6761610000e5ebde51ad0ce9c9ce1a0155c158,,Unlisted
10exVja0key0uqUkk6LJRT,Vance Joy,78,https://i.scdn.co/image/ab6761610000e5eb4be87c6d504aa62024a87f48,folk pop,Unlisted
3cYI92lguu78EDY6Gk98Bv,Margo Integer,0,,,Unlisted
6FhgYlYyt9GFpcnS13nA4C,Sdms,37,https://i.scdn.co/image/ab6761610000e5eb7cb3dd580df3e30db757e748,edm trap,Unlisted
4Pq4q4prafRtMOXeSImXJC,New Orleans Rhythm Kings as Friars Society Orchestra,0,,,Unlisted
1HO6dUh3pea34OKnmsmjQx,Charles Strouse,43,https://i.scdn.co/image/dc284592d0b3e3de0aaefaee1a9648c2ecf83140,musicals,Unlisted
3Mu2l8569zdLBzvvGYLBxa,Duke Ellington & His Famous Orchestra;Adelaide Hall,0,,,Unlisted
2wpskShaCrgkVcET4JzTAV,Wilson Jermaine Heredia,37,https://i.scdn.co/image/05adc7d24f0cb475402d4b92e8a22d1bb7b47ce8,musicals,Unlisted
3oYQrBzEQNpxnjWXP54B4n,Brian D'Arcy James,50,https://i.scdn.co/image/ab67616d0000b27312db32f7e08a1bfb4ace303b,musicals,Unlisted
55DHRcQ9oxUu76VNuQz48P,Chita Rivera,27,https://i.scdn.co/image/60aaf344ed818bb4a670f1039bc9f57c57b1f55e,musicals,Unlisted
5r8m3GwWfD0PaqEIGwLUqm,Earsley Young,1,,,Unlisted
2eUMWLKLpPyMWuTgoMgEG6,Tommy Steele,29,https://i.scdn.co/image/ab67616d0000b273e1800a65cc032aecfac6891f,rock and roll,Unlisted
1TaKbrkFRAq5YJoMieIMPR,Lavia 6,55,https://i.scdn.co/image/ab67616d0000b2739d7753b33cf9523703788443,,Unlisted
0w7HLMvZOHatWVbAKee1zF,Redbone,67,https://i.scdn.co/image/ab6761610000e5ebeb9c771371e6e5d14588963d,native american music,Unlisted
3p2pMpzDerhMR4w2xZyHWg,Rosenfeld,54,https://i.scdn.co/image/ab6761610000e5eb268f79a38ef7bf37e0531f0a,dark r&b,Unlisted
4LLrhUqUv2Mi1NhHz0pjXd,Le Motel,43,https://i.scdn.co/image/ab6761610000e5ebe27b9b3b6f3838a470c08b92,french rap,Unlisted
4To1Px6Ab8Q3z9C3L49dY5,Sleepcaster,0,,,Unlisted
0emf9Ah5yNpbvhS49Bl3zt,Christopher Bear,40,https://i.scdn.co/image/ab6761610000e5eb0e226952d5af85bce633f737,,Unlisted
4GNC7GD6oZMSxPGyXy4MNB,Lewis Capaldi,83,https://i.scdn.co/image/ab6761610000e5ebdc9e707b0d0e591e08d3f549,soft pop,Unlisted
2ovLtXUsz5S36A6c05aZK7,Alicja Haney,0,,,Unlisted
4fOmK4wC7JC2WxlXYEJEAb,Adam Mcfarlane,0,,,Unlisted
1aLfVgwt8eBrpvHcutWmqe,The Nor'easters,30,https://i.scdn.co/image/ab6761610000e5eb8c4a9d4a5f8004ad4d0195aa,,Unlisted
1baJfj5CCxPO9VEzlGSBLm,Grigoris Bithikotsis,44,https://i.scdn.co/image/ab67616d0000b27318b865b213af4ddeef00d208,laïko,Unlisted
3pBRcbWKXI0PmYQ42GxPCk,The Jewish Starlight Orchestra,39,https://i.scdn.co/image/ab67616d0000b273d4626a41ee23bdb49d89d56b,traditional music,Unlisted
5ydFZ5oZLBnFy6WLQ4QKA6,Superheart,27,https://i.scdn.co/image/ab6761610000e5eb4f8b03aafe4091da3c9e8e87,,Unlisted
4jX0r7SundGTjmwVqnnWMh,Global Sound System,7,https://i.scdn.co/image/ab67616d0000b273b9c4a6eab9a7fe0e831d3cdf,,Unlisted
3TQZvGxO2ZyyW9zlbkgDJO,Mike Berry With The Outlaws,0,,,Unlisted
7w3PQ5symjpCqshjaLvFzA,Alabina,46,https://i.scdn.co/image/ab6761610000e5eb4a2d9b994c6e3a21591252ac,raï,Unlisted
1bHYBM8vK4M1znRYvaXxDs,Sam M. Lewis,15,,,Unlisted
5F1aoppMtU3OMiltO8ymJ2,Hugh Jackman,70,https://i.scdn.co/image/e8f69e48f7ae80c6247fda3bf03d6155ae0d7282,musicals,Unlisted
7x5WcBs5DBzzNK0qKjxuLI,Uncanny Valley,1,https://i.scdn.co/image/ab6761610000e5eb1078758deb8f8f7b88fb087f,cold wave,Unlisted
5Rdhduu4Zo7gs9FOt6YKbo,I'm Blue,32,https://i.scdn.co/image/ab67616d0000b2731c42b93f217c02977ae4c5d0,,Unlisted
1Hwi4HepkRbADl1q6nznXk,Faible Et Lente,48,https://i.scdn.co/image/ab67616d0000b273dc39b02ad3243108e40daf60,,Unlisted
6HxyfGirXSxH1uD6GiFiDn,Elisa Waut,18,https://i.scdn.co/image/ab67616d0000b273cb7dad2c4153b33b44ab9f13,cold wave,Unlisted
1cKNtCaFs3dRO88WDOVTeg,Geeshie Wiley,17,https://i.scdn.co/image/ab6761610000e5ebd7cf3eb30735b8224bb8e00d,classic blues,Unlisted
5DaXk2jDrc8Ohsj4oVXR4B,Soundiescape,50,https://i.scdn.co/image/ab6761610000e5eb8a0a85f89fb9cb777a755834,,Unlisted
0FVsUxcFSlxwIM7Qs31s6J,Billy Eichner,47,https://i.scdn.co/image/ab6761610000e5eb2660d94f968e40fb64887f7d,,Unlisted
6e28WiPlKSu1ukkhHCZEnF,Jenifer Lewis,48,,,Unlisted
0LseVZ9pSlpj7yNngxuBgS,PAPAchild,0,,,Unlisted
15uNxh8omvRvH71kcdIe2r,Renaud,60,https://i.scdn.co/image/ab6761610000e5ebc2c9be6d4869a21ee46d0848,variété française,Unlisted
75VKfyoBlkmrJFDqo1o2VY,Fireboy DML,74,https://i.scdn.co/image/ab6761610000e5ebf0da9bd951adbb3749b40904,afrobeats,Unlisted
4ZVlnsWbTKXoTcP2CbGHZ6,Litsa Diamanti,38,https://i.scdn.co/image/ab67616d0000b273b6f3a96e6603a64ff61dc9e5,laïko,Unlisted
2MOeRxQqwrvur6it4B3G3R,Markos Vamvakaris,37,https://i.scdn.co/image/ab67616d0000b273be93231a78a8e43d33eb5b79,laïko,Unlisted
0tL1uCP0Xtvhpfi7w2sEup,JJ Sterry,8,https://i.scdn.co/image/ab6761610000e5eb78e555b4c21c34b33530d1d5,,Unlisted
2tcNYcZmhP367Zh0Cgg5YU,Ernesto Villarreal,11,https://i.scdn.co/image/ab6761610000e5ebba49b94afdf527a56542b125,,Unlisted
7lyhSLlB5fWJmU5eB6k84L,Alla Pugacheva,53,https://i.scdn.co/image/ab6761610000e5eb563784cfacaf184e0c4bef5e,,Unlisted
1EVj0hmXLRcsy2IfaE0gkD,Vassilis Tsitsanis,34,https://i.scdn.co/image/ab6761610000e5eb9711f3368608201d82b2a8a4,laïko,Unlisted
65WhCsfprtD04AHPxN7FO6,Teams vs. Star Slinger,0,,,Unlisted
3eyyNHkVEK4Hy9Qnw7i13W,Cinzia & The Eclipse,25,https://i.scdn.co/image/ab6761610000e5ebfda28e11bcf80c0f50b119c3,,Unlisted
1m0gRTAeSxz164yajYCvri,Michael P. Kramer,20,https://i.scdn.co/image/ab6761610000e5ebe4572adb4e1c91705b417df5,,Unlisted
0k5KeG8St6LiePh5blOwwl,Workout Music Tv,57,https://i.scdn.co/image/ab6761610000e5ebadcc9033f2f9ce2326880a6d,,Unlisted
6t35iFxXXHyidk9bp1laYK,Order Substance,3,,,Unlisted
2Za6MJDy9CzxcP1NAQiJH9,Dr. Derelict,0,,,Unlisted
0lOCqoXWdPaVWhnryP66pC,Tainted Flavor,26,https://i.scdn.co/image/ab67616d0000b2730126eb9deca37ca8aa6fc482,,Unlisted
35nXw4E9MGWTmijZgX2h84,Lisa Carlyna Zumpano,7,,,Unlisted
7EJDexRo4aTZHZv54cugss,Joyce Ackerson,0,https://i.scdn.co/image/ab67616d0000b273038d568487a08f401d069c6b,,Unlisted
2Z0z8NYUiPyUQxgy1BsOIJ,Bochum Welt_TEST,0,,,Unlisted
4L7TL4CnvDR3iZQuVy6ESm,John Tartaglia,40,https://i.scdn.co/image/ab67616d0000b273bd8ebafdbc2ea4e2461a5d29,musicals,Unlisted
20RWPCGIIeOoQmHmoF8vZR,Gregg Nestor and Dominik Hauser,0,,,Unlisted
