track_id,track_name,track_popularity,explicit,artist_name,album_name,release_date,user_id
4sEfIPclfKKM1KOXlhytoD,Soosan Khanoom,36,False,Gamno,Soosan Khanoom,2009-02-01,1e2e44dad56e626f
3tS55qdfVFF7VkQTyWunnG,All of Human Knowledge Made Us Dumb,57,False,SOFIA ISELLA,All of Human Knowledge Made Us Dumb,2022-10-07,1e2e44dad56e626f
3ACMpjnR7ee9PObp6KRZSP,7 Years (feat. Lukas Graham) - Sped Up Version,55,False,sped up nightcore,7 Years (feat. Lukas Graham) [Sped Up Version],2015,1e2e44dad56e626f
4mnoPyJHlmMYPJsib5tfn0,All I Have,57,False,NF,Mansion,2015-03-31,1e2e44dad56e626f
2RkZ5LkEzeHGRsmDqKwmaJ,Ordinary,92,False,Alex Warren,"You'll Be Alright, Kid (Chapter 1)",2024-09-26,1e2e44dad56e626f
42h7Oe7WrVn6QWrDt5zmD2,MAGPIE,36,False,Khushi,MAGPIE,2025-02-07,1e2e44dad56e626f
0pNj0uRTx5mhi7kID26oiH,The Hardest Part,55,False,Olivia Dean,The Hardest Part,2020-08-07,1e2e44dad56e626f
2QhLQFuxOlBkooR2TvXiPP,in this room alone,38,False,GRAHAM,in this room alone,2025-03-28,1e2e44dad56e626f
5lMoRPtT8AmqckNyzOQ2xl,Maiden's Night,46,False,Lilith Max,Maiden's Night,2025-04-04,1e2e44dad56e626f
5bjB0xPlN7fR1roEedzQvg,Felt Good About You,59,False,Gracie Abrams,The Secret of Us (Deluxe),2024-10-18,1e2e44dad56e626f
6KJUSJHXRrTjSMpi9PzjEy,Risk,60,False,Gracie Abrams,The Secret of Us (Deluxe),2024-10-18,1e2e44dad56e626f
3lIgiul24q1uwE8l928s0w,Hold Them Down,70,False,Jorge Rivera-Herrans,EPIC: The Ithaca Saga (Official Concept Album),2024-12-25,1e2e44dad56e626f
2VGQ342iuqj6aSaYbyBQVJ,Prayer Of The Refugee,72,False,Rise Against,The Sufferer & The Witness,2006-01-01,1e2e44dad56e626f
7zVDbw7EEqN1FMTQOfLS2p,"I Knew It, I Know You",58,False,Gracie Abrams,The Secret of Us (Deluxe),2024-10-18,1e2e44dad56e626f
5bgwqaRSS3M8WHWruHgSL5,8TEEN,73,False,Khalid,American Teen,2017-04-27,1e2e44dad56e626f
4oyUjJauYl4zVrozOYk3il,Wolves,57,False,Sam Tinnesz,Babel,2017-08-25,1e2e44dad56e626f
2E3PoRj0d2ImpNX99ydkXw,Champion,60,False,Neoni,Champion,2020-12-18,1e2e44dad56e626f
3EceQWWGeemNKtzaMiUod6,The Museum,25,False,Alex Apolline,The Museum,2025-02-07,1e2e44dad56e626f
3RbFuYEDU8lvDZccrMUsrt,MAYHEM,42,False,Neoni,MAYHEM,2021-12-17,1e2e44dad56e626f
0eLg8wn57PFLF26n6P5xpw,OUTLAW,50,False,Neoni,Wars In A Wonderland,2021-08-20,1e2e44dad56e626f
1TnUURhehaoMWKAqQtirm6,Colors,72,False,Halsey,BADLANDS,2015-08-28,1e2e44dad56e626f
2zXOJFjet33shlzfIY51D1,I Wanna Get to Heaven,46,False,David Kushner,20 Years From Now,2025-02-14,1e2e44dad56e626f
5jAIouBES8LWMiriuNq170,State Of Grace (Acoustic Version) (Taylor's Version),61,False,Taylor Swift,Red (Taylor's Version),2021-11-12,1e2e44dad56e626f
2zq2RH1pLIAWj9p4J8J8kr,Beautiful Things Don't Ask For Attention,46,False,David Kushner,20 Years From Now,2025-02-14,1e2e44dad56e626f
1XsQAAtee8WdMibpMH1xLt,Sacrifice,46,False,Lilith Max,Storybook,2022-11-04,1e2e44dad56e626f
0DuylJNqsvjRN9hhWUdeJZ,NASTY,55,True,Russ,NASTY,2023-03-17,1e2e44dad56e626f
1auxYwYrFRqZP7t3s7w4um,Ni**as In Paris,81,True,JAY-Z,Watch The Throne,2011-08-08,1e2e44dad56e626f
1B7xiLBhKRBpD5KlnEWtrR,Medusa,75,False,Cameron Whitcomb,Medusa,2024-11-08,1e2e44dad56e626f
3kpabquXgngB1KnvDFI2VP,Fada Saret,37,False,Wantons,Fada Saret,2015-03-21,1e2e44dad56e626f
7BYWyzFJdtfVil3iv4a5HP,Bitab,42,False,Mehrad Hidden,"Bozorg, Vol. 2",2015-02-27,1e2e44dad56e626f
6Fykkl73ztdAKdAz7YNND5,I Like Mondays,0,False,Taylor Bickett,I Like Mondays,2024-03-01,1e2e44dad56e626f
59HXxEz3BO3TuGfBtep4TS,Holy Ghost,0,False,Tom Walker,I AM,2024-09-20,1e2e44dad56e626f
6PpryYK6MtdDWoeGs67f39,There Are Other Ways,69,False,Jorge Rivera-Herrans,EPIC: The Circe Saga (Official Concept Album),2024-02-14,1e2e44dad56e626f
02jCzgsSElP69X2i4Jv1ix,The Hardest Love,50,False,Dean Lewis,The Hardest Love,2022-11-04,1e2e44dad56e626f
4qQJIuWmMXbtMAy3pnBpso,break my heart,55,False,Matt Hansen,break my heart,2022-09-02,1e2e44dad56e626f
6hharu1T9edz8DckvJlf1C,QUARTER LIFE CRISIS,53,True,Taylor Bickett,QUARTER LIFE CRISIS,2022-10-14,1e2e44dad56e626f
3MfTo3Q0ZCrhCsQJZ8u6iZ,Done For,69,False,Jorge Rivera-Herrans,EPIC: The Circe Saga (Official Concept Album),2024-02-14,1e2e44dad56e626f
2ahuiKjqhHMuXyJC9NTwgX,Boome Naghashi,38,False,Wantons,Boome Naghashi,2018-11-14,1e2e44dad56e626f
3Qp9ukHoBD1AMPvARjHPHQ,What If,32,False,Tadhg Daly,What If,2024-05-10,1e2e44dad56e626f
0MpQPb1hrwk4dPiyWEGmer,She Calls Me Back (with Kacey Musgraves),69,True,Noah Kahan,Stick Season (Forever),2024-02-09,1e2e44dad56e626f
726SEjbF3ToEbYbn43gnxl,Nice To Meet You,76,False,Myles Smith,A Minute...,2024-11-08,1e2e44dad56e626f
3WnjtYCqeN2x91Djj4IQSZ,CHAOS,31,False,BLÜ EYES,CHAOS,2024-07-12,1e2e44dad56e626f
4eIomBCLTXbjrkrSHnqlgK,Left Right,48,False,Ali Sethi,Left Right,2023-04-28,1e2e44dad56e626f
03p1bgcOw398mneQ9H8891,as good a reason,60,False,Paris Paloma,Cacophony,2024-08-30,1e2e44dad56e626f
5n4ZzdO7KtpxsDpoDTa3D6,Destiny,52,False,NF,Perception,2017-10-06,1e2e44dad56e626f
6HgWWaMu31KdOpEG5l28BG,All My Life (feat. J. Cole),69,True,Lil Durk,All My Life (feat. J. Cole),2023-05-12,1e2e44dad56e626f
41VVamZ33DPHpMKv7CoJM8,7ABBA (BONUS),22,False,HADY MOAMER,ZEKRAYAT ELMOSTABAL,2023-09-08,1e2e44dad56e626f
45OxZRZmfCHaBAbGCwPy1o,Yabn El Eh,48,False,Elyanna,WOLEDTO,2024-04-12,1e2e44dad56e626f
6e56CkYWD3JO6ovFZBA8po,Intro III,58,False,NF,Perception,2017-10-06,1e2e44dad56e626f
1WHNqqRWhJVZIdCScFKtl5,Washington on Your Side,67,True,Leslie Odom Jr.,Hamilton (Original Broadway Cast Recording),2015-09-25,1e2e44dad56e626f
0we7ShV1o6cPTFjxOADPbC,Outcast,54,False,NF,Perception,2017-10-06,1e2e44dad56e626f
2DTpP3caqX3QdJIEoS83mD,Your Heart,60,True,Joyner Lucas,Your Heart,2021-09-24,1e2e44dad56e626f
5FVd6KXrgO9B3JPmC8OPst,Do I Wanna Know?,86,False,Arctic Monkeys,AM,2013-09-09,1e2e44dad56e626f
0Iys022UwQ8xBfxE1g4nWZ,One Last Time,67,False,Christopher Jackson,Hamilton (Original Broadway Cast Recording),2015-09-25,1e2e44dad56e626f
3ebfDw8WEbf0DxGh47R2lo,I Miss The Days,62,False,NF,The Search,2019-07-26,1e2e44dad56e626f
0cHAXbQfTlBIJrzIOW8kUv,Trauma,58,False,NF,The Search,2019-07-26,1e2e44dad56e626f
54iSfkh69fxhnSNrgvTEBp,Worst of You,53,False,Maisie Peters,Worst of You,2018-05-11,1e2e44dad56e626f
4I8OefmjRwiB55ARcX6wq1,Mesh Haseebek,46,False,Bayou,Mesh Haseebek,2024-09-26,1e2e44dad56e626f
5A7uVk7orEzrR9NA8ppFus,Wife You,44,False,Hasan Raheem,"Maybe, It's Love",2023-09-02,1e2e44dad56e626f
02MxQbsvjcBglrAzUurgPr,All I Ever Wanted,60,False,Dean Lewis,The Epilogue,2024-10-18,1e2e44dad56e626f
5AHy3YuMTxqUh5Xf9onY8e,life's been boring,54,False,ryman leon,life's been boring,2023-01-20,1e2e44dad56e626f
67aPP9byCyftyBUVYVnzgU,Deal With It,30,False,Maria,Deal With It,2024-08-30,1e2e44dad56e626f
30D9x5LFgL2o9xidjX2wtE,Casanova,67,False,Soolking,Casanova,2023-07-06,1e2e44dad56e626f
5bLhNabASl9hm4gIcrDp69,Rest (with Sasha Alex Sloan),53,False,Dean Lewis,The Epilogue,2024-10-18,1e2e44dad56e626f
531V0Wo4QY6i9pNeyvZPaX,Enty Jameela - Flipperachi,27,False,Flipperachi,Enty Jameela,2019-03-08,1e2e44dad56e626f
04dVr3qVTuIU9PiPzXB3px,I Still Do,48,False,Dean Lewis,The Epilogue,2024-10-18,1e2e44dad56e626f
7jK1u0cB8KMCFQEkLqPjnu,GRAVITY,64,False,Matt Hansen,GRAVITY,2024-03-01,1e2e44dad56e626f
7fvEYq4YuLOmijzd38CPlV,Empire,59,False,Dean Lewis,The Epilogue,2024-10-18,1e2e44dad56e626f
6KE2Oe4ezI1CeYCOFfdbx7,Trust Me Mate,52,True,Dean Lewis,The Epilogue,2024-10-18,1e2e44dad56e626f
3C29msNvApwxpOxhuqD2rX,Sweet Moment,56,False,Mackenzy Mackay,Sweet Moment,2023-11-17,1e2e44dad56e626f
063zL0vR7PPcFfrlsSdh0v,Memories,65,False,Dean Lewis,The Epilogue,2024-10-18,1e2e44dad56e626f
7uH88hqUq0zh1Khx4xXMxq,Callin' U (Tamally Maak),68,False,Elyanna,WOLEDTO,2024-04-12,1e2e44dad56e626f
2nxNsJ9Lve8edydwY8oL5b,Atoul,40,False,zeyne,Atoul,2022-03-04,1e2e44dad56e626f
06H9v0BvJbuFycso6boduK,Cold,52,False,Dean Lewis,The Epilogue,2024-10-18,1e2e44dad56e626f
7gxQXemQ5MBeK9PUrKRtfV,Burning Down,63,False,Alex Warren,Burning Down,2024-09-20,1e2e44dad56e626f
4gEYooYobqQWokcdP4aKPr,The Band And I,41,False,Maisie Peters,The Good Witch,2023-06-23,1e2e44dad56e626f
3dj4wgM3cPeuLwMNHDuBon,The Door,86,False,Teddy Swims,I've Tried Everything But Therapy (Part 1),2023-09-15,1e2e44dad56e626f
7cqlE9HPKAPpszcj5qlsqc,There It Goes,57,False,Maisie Peters,The Good Witch,2023-06-23,1e2e44dad56e626f
1QxxBUAx42J8pIFYJJR880,Pretty Slowly,78,False,Benson Boone,Pretty Slowly,2024-08-15,1e2e44dad56e626f
1EQ3XbVzPZfKxMjvx9UjBH,School Nights,58,False,Chappell Roan,School Nights,2018-03-16,1e2e44dad56e626f
4xQ6weGXjibzUUGs8BR0dh,The Good Witch,45,False,Maisie Peters,The Good Witch,2023-06-23,1e2e44dad56e626f
6mlht8uraBsyvWMLMVaU2G,Run,40,False,Maisie Peters,The Good Witch,2023-06-23,1e2e44dad56e626f
7DpUoxGSdlDHfqCYj0otzU,BITTERSUITE,75,False,Billie Eilish,HIT ME HARD AND SOFT,2024-05-17,1e2e44dad56e626f
4bBDkw2KBMX0tcgAaXC83Q,Labyrinth,62,False,Taylor Swift,Midnights (The Til Dawn Edition),2023-05-26,1e2e44dad56e626f
3FAJ6O0NOHQV8Mc5Ri6ENp,Heartbreak Anniversary,77,False,GIVĒON,TAKE TIME,2020-03-27,1e2e44dad56e626f
6DdBrebXDXdTkN0Zb64O6p,Coming Of Age,44,False,Maisie Peters,The Good Witch,2023-06-23,1e2e44dad56e626f
4ZGC3yb7ObpkN2rj3t7l9N,Want You Back,40,False,Maisie Peters,The Good Witch,2023-06-23,1e2e44dad56e626f
5ySwG6qpWecFFeIRSHD0Zl,Watch,40,True,Maisie Peters,The Good Witch,2023-06-23,1e2e44dad56e626f
22DH8NChecsgPxDjA4pqer,Tough,71,False,Quavo,Tough,2024-07-03,1e2e44dad56e626f
2rtP16t5jw1pn4ZqR3fH76,Baaraan Toee,32,False,Chaartaar,Baaraan Toee,2014-02-18,1e2e44dad56e626f
6q0xuMnc64pDLSE67pQy7e,Body Better,49,False,Maisie Peters,The Good Witch,2023-06-23,1e2e44dad56e626f
0pHrAAe6sSVDeUeNe5IesY,MOTTO,62,False,NF,HOPE,2023-04-07,1e2e44dad56e626f
3uHawOMwckCryhmGf87Wp1,Noise,37,True,ODIE,Analogue,2018-04-06,1e2e44dad56e626f
5zjS49hh8KF7mnbvgUtiJa,Heatstroke,57,False,Khalid,Sincere,2024-08-02,1e2e44dad56e626f
3SemJVQCsUo0K3QGN7pIXu,Used to the Darkness,59,False,Des Rocs,Let the Vultures In,2018-11-02,1e2e44dad56e626f
3IN4z3on6fvxu7M53Q6OKV,Feathers,38,False,A Perfect Circle,Eat The Elephant,2018-04-20,1e2e44dad56e626f
7FET9gtiECWn7llt0sfvtU,CAREFUL,64,False,NF,HOPE,2023-04-07,1e2e44dad56e626f
2x5osUmUOewLQ8glHMQ8F3,Owe To You,43,False,Khalid,Sincere,2024-08-02,1e2e44dad56e626f
1AVXlRneLp7r3ZxnUiMcYr,Harf Bezan - Remix,31,False,Milad Derakhshani,Harf Bezan (Remix),2017-06-23,1e2e44dad56e626f
424GDxARRXRaZ7Mla9EDI2,The Mystic,58,False,Adam Jensen,The Mystic,2016-11-04,1e2e44dad56e626f
63bAGRSSX2V1hhPSP2NpBC,North Face,59,True,ODIE,Analogue,2018-04-06,1e2e44dad56e626f
2QfznFotJNZmnIEYFdzE5T,Heartbreak Anniversary,69,False,GIVĒON,Heartbreak Anniversary,2020-02-21,1e2e44dad56e626f
0M41C3GMEtyLDzNCE4dfjV,Broken,42,False,Khalid,Sincere,2024-08-02,1e2e44dad56e626f
4J0nbmKBPnIYCWndE4EZId,Dose,43,False,Khalid,Sincere,2024-08-02,1e2e44dad56e626f
1PvhuffRIPgvOYsa6tPEkr,MAMA,56,False,NF,HOPE,2023-04-07,1e2e44dad56e626f
3pXF1nA74528Edde4of9CC,Don't,83,True,Bryson Tiller,T R A P S O U L,2015-10-02,1e2e44dad56e626f
5tjzsEFaTg3lcoH6AjpSaj,It's All Good,48,True,Khalid,Sincere,2024-08-02,1e2e44dad56e626f
7mFhyM0k5ZKG8jxcwmPVYl,Let It Happen,70,True,Gracie Abrams,The Secret of Us,2024-06-21,1e2e44dad56e626f
56xb5xXdUopdjiknbFmC4W,Fictional,62,False,Khloe Rose,The In Between,2023-08-18,1e2e44dad56e626f
7GtOjSSp5Qyi3gNbNDZgja,Dream Girl Evil,61,False,Florence + The Machine,Dance Fever,2022-05-13,1e2e44dad56e626f
36t6frENUtCYKuZus6aYDO,Who’s Afraid of Little Old Me?,71,False,Taylor Swift,THE TORTURED POETS DEPARTMENT,2024-04-18,1e2e44dad56e626f
7Eg4LsQTM6QOqeCS8EihZI,Blowing Smoke,63,False,Gracie Abrams,The Secret of Us,2024-06-21,1e2e44dad56e626f
3LH03hNxNUceSZCUXdgfRm,Humankind,0,False,David Kushner,Humankind,2024-06-21,1e2e44dad56e626f
1CivPhVrRCMZixFOQe3NKx,Rise and Shine,52,True,J. Cole,Cole World: The Sideline Story,2011-09-27,1e2e44dad56e626f
1Dp7JGFNjvg8Nk0CtMCcnr,Hard Feelings/Loveless,59,True,Lorde,Melodrama,2017-06-16,1e2e44dad56e626f
0gZGUAO42F1HmzZWHNPGAu,Risk,65,False,Gracie Abrams,The Secret of Us,2024-06-21,1e2e44dad56e626f
3PsHulD1zewglcTPcEPnlk,To Love Someone,70,False,Benson Boone,To Love Someone,2023-11-10,1e2e44dad56e626f
1t2MQpMDtJT5VL2tAPHrGN,Cowboys Cry Too (with Noah Kahan),58,True,Kelsea Ballerini,Cowboys Cry Too (with Noah Kahan),2024-06-28,1e2e44dad56e626f
6ie2Bw3xLj2JcGowOlcMhb,Green Light,76,False,Lorde,Melodrama,2017-06-16,1e2e44dad56e626f
69HzZ3ti9DLwb0GdWCGYSo,Moral of the Story,72,True,Ashe,Ashlyn,2021-05-07,1e2e44dad56e626f
60jI0JgMLLj1VggHJVhtRs,Glory And Gore,63,False,Lorde,Pure Heroine,2013-09-27,1e2e44dad56e626f
73c7iqH4lCVqu4tm66i0tY,Risk,2,False,Gracie Abrams,Risk,2024-05-01,1e2e44dad56e626f
4NctNkFaMwv4cvgtB7l1JX,Middle Of The Night (Violin),62,False,Joel Sunny,Middle Of The Night (Violin),2022-02-24,1e2e44dad56e626f
3H9au5DxP2ryR2ozNngGM3,Running Up That Hill (Violin),51,False,Dramatic Violin,Running Up That Hill (Violin),2022-06-22,1e2e44dad56e626f
51RaJOy09JMFHyPaDgXxBO,The Secret Recipe,50,True,Lil Yachty,The Secret Recipe,2023-09-29,1e2e44dad56e626f
4IrWyseKFBykjoTm67NnNU,Sweater Weather (Violin),56,False,Dramatic Violin,Sweater Weather (Violin),2021-01-03,1e2e44dad56e626f
7w7730l95ILuLE6Zd8g0CT,Passport Bros (with J. Cole),40,True,Bas,We Only Talk About Real Shit When We're Fucked Up,2023-12-15,1e2e44dad56e626f
2FQrifJ1N335Ljm3TjTVVf,A Bar Song (Tipsy),83,True,Shaboozey,A Bar Song (Tipsy),2024-04-12,1e2e44dad56e626f
52oy0ug2tUPaJHEhbubZ5P,Love Story (Violin),54,False,Dramatic Violin,Love Story (Violin),2022-09-07,1e2e44dad56e626f
2pcqjh978FXjLnRcv22x2h,Dandelions (Violin),53,False,Dramatic Violin,Dandelions (Violin),2022-05-25,1e2e44dad56e626f
1YFA2vnDRM6NtZlh0U3kRq,Fairytale (Violin),57,False,Dramatic Violin,Fairytale (Violin),2021-10-31,1e2e44dad56e626f
2e3Ea0o24lReQFR4FA7yXH,Love Yourz,75,True,J. Cole,2014 Forest Hills Drive,2014-12-09,1e2e44dad56e626f
4jQrcgRSai0nopl4e6Uxjc,War Of Hearts (Violin),55,False,Dramatic Violin,War Of Hearts (Violin),2023-02-10,1e2e44dad56e626f
2vXSHAPCNpWZ7DNFDkEDMz,Meet you at the Graveyard,73,True,Cleffy,"Clean Sheets, dirty walls",2023-10-06,1e2e44dad56e626f
4iKQHYDFlFsX28FeViuwSK,Leih Beydary Keda,56,False,Ruby,Eba Abelny,2005-09-01,1e2e44dad56e626f
4llA61EgdMcEeW2oEM9V19,Alef Mabrook- الف مبروك,40,False,Husam Al Rassam,Gol Ma Ahebak- كول ما احبك,2013-10-15,1e2e44dad56e626f
1AofrI6TYzXGIrvKk3tjWe,Ettala Fia,54,False,Carole Samaha,Helm,2003-06-10,1e2e44dad56e626f
0JXXNGljqupsJaZsgSbMZV,Sure Thing,84,False,Miguel,All I Want Is You,2010-11-26,1e2e44dad56e626f
6DdXM6uwl9XuGIVwP7bXOx,Malek El Fabraka,49,False,Abu,Malek El Fabraka,2021-08-02,1e2e44dad56e626f
5EyxR5yEN3mohQ5EycOpII,Son of a Bitch,54,True,Jessie Murph,Son of a Bitch,2024-02-23,1e2e44dad56e626f
5nspOXY1J4WLcqUJ1q9fwO,Inta habibi,48,False,Nej,SOS (Chapitre 3),2022-11-25,1e2e44dad56e626f
6yVGUtmHwDsqqXs1Lak423,Khaleny Fe Hodnak,64,False,Tamer Ashour,Tegy Ntrahn,2022-01-20,1e2e44dad56e626f
3vL0Y0ixJVfLR9NWCtdzV4,Monaya,47,False,Moustafa Amar,Monaya,2001-12-31,1e2e44dad56e626f
0MtfUEHee9p6RsqAwW8gyF,My Home,0,False,Myles Smith,My Home,2023-10-13,1e2e44dad56e626f
7x0ANcdsSuGM9UkXG1PNtA,Home - Acoustic,36,False,Micky,Home,2023-07-14,1e2e44dad56e626f
2fkdhQW8R8QqE93iRFPYsl,oooWooo,0,False,David Kushner,Footprints I Found,2022-09-16,1e2e44dad56e626f
35IcAVSMsU9qzHfpPbvC8A,Feels Like,73,False,Gracie Abrams,This Is What It Feels Like,2021-11-12,1e2e44dad56e626f
5uu2OCGGrTRS1sIvlMgKwe,i am not who i was,68,False,Chance Peña,i am not who i was,2023-09-21,1e2e44dad56e626f
6q4c1vPRZREh7nw3wG7Ixz,That Home,64,False,The Cinematic Orchestra,Ma Fleur,2007-05-07,1e2e44dad56e626f
4r4yF6BGAm4oy4MnOYjSjI,Cigarettes,2,False,David Kushner,Footprints I Found,2022-09-16,1e2e44dad56e626f
7aZDcmt34eouhqw29aMR91,Skin and Bones,5,False,David Kushner,Skin and Bones,2024-01-19,1e2e44dad56e626f
2Au6JsEgl0wG07OthJoyXS,Worries - 2021,45,False,Tom Rosenthal,Worries (2021),2021-01-15,1e2e44dad56e626f
46Q0bzrsZyD2dzZCuLq5R2,Min Awel Dekika,59,False,Elissa,Min Awel Dekika,2022-05-04,1e2e44dad56e626f
2LT201aq632QgRQqLWFN5O,A Girl Within My Soul,61,False,Abdulrahman Mohammed,A Girl Within My Soul,2014-03-11,1e2e44dad56e626f
0CYAqKC8CkyAu1bsXQ5lS4,Sweater Weather,0,False,Myles Smith,Sweater Weather,2023-02-10,1e2e44dad56e626f
0kAsY8KaG5sM6uwAEt3qyg,Flight Risk,0,False,Tommy Lefroy,Flight Risk EP,2021-11-17,1e2e44dad56e626f
3CWq0pAKKTWb0K4yiglDc4,You’re Losing Me (From The Vault),77,False,Taylor Swift,You're Losing Me (From The Vault),2023-11-29,1e2e44dad56e626f
2VuqMjgoKaOHNM8HpxtXKx,The Great War,62,False,Taylor Swift,Midnights (The Til Dawn Edition),2023-05-26,1e2e44dad56e626f
0Qt7orAgmwOphj2rLpz3wh,running.,28,False,Alan Fiore,my myopia,2023-09-01,1e2e44dad56e626f
46nXKRBeHUxVFvyxkcGPWF,my fault,46,False,Zeph,crush (demos),2022-04-18,1e2e44dad56e626f
3g62EjDXLltUvmgEFDn9eN,j's lullaby (darlin' i'd wait for you),0,False,Delaney Bailey,(i would have followed you),2022-12-16,1e2e44dad56e626f
6cLrGfKIIRHYQw7S0mCDhA,All That Really Matters,76,False,ILLENIUM,ILLENIUM,2023-04-28,1e2e44dad56e626f
2Ggr9IfS70wYQacW8nZKPG,labour,71,True,Paris Paloma,labour,2023-03-23,1e2e44dad56e626f
0GEiukfKUNUNpj3EURjR7G,Holm,0,False,Emel,Holm/The Man Who Sold The World,2020-09-09,1e2e44dad56e626f
4OSRNTDInE9bDHBBJ77tMw,Mr. Nice Watch,46,True,J. Cole,Cole World: The Sideline Story,2011-09-27,1e2e44dad56e626f
7GA86Uo2jYbj8vIXe2nyWd,Snow On The Beach (feat. Lana Del Rey),61,True,Taylor Swift,Midnights (The Til Dawn Edition),2023-05-26,1e2e44dad56e626f
5mc6EyF1OIEOhAkD0Gg9Lc,Closer,76,True,Nine Inch Nails,The Downward Spiral (Deluxe Edition),1994-03-08,1e2e44dad56e626f
0GKDhq6ZbmSbRHd3eyGlB7,Vigilante Shit,62,True,Taylor Swift,Midnights (The Til Dawn Edition),2023-05-26,1e2e44dad56e626f
6M9ppdfFjR1AbpUl3Y8DcV,Suburban Legends (Taylor's Version) (From The Vault),60,False,Taylor Swift,1989 (Taylor's Version) [Deluxe],2023-10-27,1e2e44dad56e626f
0ufi8kgd0XW0e4qrpwz9CE,Taghe Soraya,17,False,Mohsen Chavoshi,Taghe Soraya,2022-04-12,1e2e44dad56e626f
3BqvSMpXIXHuLUFQgXL4K5,Northern Attitude (with Hozier),52,False,Noah Kahan,Northern Attitude (with Hozier),2023-11-10,1e2e44dad56e626f
5QUIK7ZtziW8kGWo8RqopF,Now That We Don't Talk (Taylor's Version) (From The Vault),63,False,Taylor Swift,1989 (Taylor's Version) [Deluxe],2023-10-27,1e2e44dad56e626f
40dfo65kBJa1UgzkD652Gl,Burn,7,False,David Kushner,Footprints I Found,2022-09-16,1e2e44dad56e626f
5lAnYvAIkSDNXqfo7DyFUm,Ain't Shit,76,True,Doja Cat,Planet Her,2021-06-25,1e2e44dad56e626f
0GLKC3ieDZFiR9URpN4D4m,she goes,51,False,zeck,she goes,2022-09-02,1e2e44dad56e626f
1fDFHXcykq4iw8Gg7s5hG9,About You,86,False,The 1975,Being Funny In A Foreign Language,2022-10-14,1e2e44dad56e626f
16njnc6I37mlmuLYFdxrsq,Highly Emotional People,41,False,MARINA,Ancient Dreams In A Modern Land,2021-06-11,1e2e44dad56e626f
0NiWSr6RZQQKWH2yG7fnrC,De Selby (Part 2),58,False,Hozier,Unreal Unearth,2023-08-18,1e2e44dad56e626f
5aIVCx5tnk0ntmdiinnYvw,Water,83,False,Tyla,Water,2023-07-28,1e2e44dad56e626f
6PDWMQJ55ZYrGrSx3EZzl4,The Exit,70,False,Conan Gray,Superache,2022-06-24,1e2e44dad56e626f
0c8K5IUrmVlieC0Fc0d8tV,Mr. Forgettable,9,False,David Kushner,Footprints I Found,2022-09-16,1e2e44dad56e626f
3XjAgiBvWBKu1tHSLTgffX,Keep Your Head Up Princess,53,False,Anson Seabra,Feeling For My Life,2021-10-15,1e2e44dad56e626f
7pT6WSg4PCt4mr5ZFyUfsF,If We Have Each Other,75,False,Alec Benjamin,Narrated For You,2018-11-16,1e2e44dad56e626f
1KQc37jezhunxnOPhvdwSG,Numb Little Bug,68,False,Em Beihold,Egg in the Backseat,2022-07-22,1e2e44dad56e626f
48ttcT2WyxUXvik4pBtFOD,drunk on myself,50,False,anees,drunk on myself,2021-07-21,1e2e44dad56e626f
7FKkswFflI5Txc3Y4gH0IB,see you later (ten years),64,False,Jenna Raine,see you later (ten years),2021-09-24,1e2e44dad56e626f
7r2DoJ1tzl12CJ3fbsmoUT,anatomy,58,False,kenzie,anatomy,2023-07-21,1e2e44dad56e626f
3Nl5OkkmS5DaBZvuYofpAt,the grudge,75,True,Olivia Rodrigo,GUTS,2023-09-08,1e2e44dad56e626f
7dA3NRsBnVKtQZgjR5Lzf8,sunny day,52,False,anees,summer camp,2023-05-19,1e2e44dad56e626f
2OZNEa3tW5HKAaAQqnJope,can you hear me?,57,False,Munn,can you hear me?,2021-04-08,1e2e44dad56e626f
2A1FGotEDhN5UjBiLsUwnk,Sleep Deprivation,67,False,Chance Peña,Sleep Deprivation,2022-04-01,1e2e44dad56e626f
21xzFXSL2XkZ2mIzDDAqTK,God Must Hate Me,55,False,Catie Turner,God Must Hate Me,2021-11-23,1e2e44dad56e626f
4mz7WAJCJz7QbXsFA2WoXK,Burned,51,False,Grace VanderWaal,Just The Beginning,2017-11-03,1e2e44dad56e626f
7oH2oEIEwwcKfLvDcCWlQ7,The Prophet,0,False,Gary Moore,Back to the Blues,2001-03-12,1e2e44dad56e626f
1mKuKTxekhyhbW1axz6lb2,Pomegranate Lips,0,True,Derivakat,Pomegranate Lips,2022-05-06,1e2e44dad56e626f
3NxWJWftvkstyxvb1pZlFo,Teeth,80,False,5 Seconds of Summer,CALM,2020-03-27,1e2e44dad56e626f
5auMzVHFr5Zfw6IbKarZ56,Breathe (2 AM),64,False,Anna Nalick,Wreck of the Day,2005,1e2e44dad56e626f
7CKRTXTnDfo0Go8AgXp1tW,Warriors (She-Ra and the Princesses of Power Theme Song),41,False,Aaliyah Rose,Warriors (She-Ra and the Princesses of Power Theme Song),2019-04-26,1e2e44dad56e626f
0L7QCEXQBDAtEyK1x72Sw0,Where Does the Good Go,57,False,Tegan and Sara,So Jealous,2004-09-14,1e2e44dad56e626f
0qo1JukfClmpHnUOJxpFXi,killer queen,1,True,Mad Tsai,killer queen,2021-10-29,1e2e44dad56e626f
1kF9FK8ZuhbTlC7HZtekzD,interlude IV (Showtime),51,False,Zach Callison,A Picture Perfect Hollywood Heartbreak,2018-08-03,1e2e44dad56e626f
71TpZr9DjZqTMNMMSBYh8d,Fictional Men,52,False,PEGGY,Fictional Men,2021-04-30,1e2e44dad56e626f
4a1RWaG4BTkifgMSx3rpf3,Blue,49,False,Madison Beer,Life Support,2021-02-26,1e2e44dad56e626f
06pQZG3BrfGCVvB9xmia1f,All-American Prophet,48,False,Andrew Rannells,The Book Of Mormon (Original Broadway Cast Recording),2011-05-17,1e2e44dad56e626f
3T7qQEncNHkrBGFbKe2XeG,Everything Happens For A Reason,47,False,Madison Beer,Life Support,2021-02-26,1e2e44dad56e626f
7eB1V5LvAdxCc7brfGhRRo,watch,79,False,Billie Eilish,dont smile at me,2017-12-22,1e2e44dad56e626f
6fE3wA5brWaKWadgaGJWMw,Too Precious,51,False,Em Beihold,Egg in the Backseat,2022-07-22,1e2e44dad56e626f
0V8FYVlBFuXXTIvRnMbZyS,The Climb,68,False,Miley Cyrus,Hannah Montana The Movie,2009-01-01,1e2e44dad56e626f
0vH52Icuf6LzOFrkHE8mZG,Minefields,69,False,Faouzia,CITIZENS,2022-05-19,1e2e44dad56e626f
2BUg1o4UWMheSBtdosfoKA,Letting Go,36,False,Dotan,Satellites,2021-05-28,1e2e44dad56e626f
6pQUQdaZacg722q6sg6fPR,Blame,51,False,Grace Carter,Blame,2020-07-17,1e2e44dad56e626f
0NDx2QYoEdgH9HTn5yfXeA,Come Here and Leave Me Alone,36,False,Alexander 23,"Oh No, Not Again! - EP",2021-02-19,1e2e44dad56e626f
666yeZ1GZ4tkVK2qhPSzCL,Remember To Remember Me,45,False,Isak Danielson,Remember To Remember Me,2020-04-17,1e2e44dad56e626f
2GqmEB1nvaeimGCPiTxiWY,How Can You Sleep at Night?,37,False,Tom Walker,What a Time To Be Alive,2019-03-01,1e2e44dad56e626f
1zShh2S3moxyqU6u6fJZVQ,Letter To An Old Poet,57,False,boygenius,the record,2023-03-31,1e2e44dad56e626f
6L2uVVPJA9WcDc7zCZ4DHN,Love Me Like You,74,False,Little Mix,Get Weird (Expanded Edition),2015-11-06,1e2e44dad56e626f
2aPfFIwN3pZPRmCXMwFUqw,I Don't Need Your Love,31,False,Isak Danielson,Remember To Remember Me,2020-04-17,1e2e44dad56e626f
0DGh73t9eaZA3X3ZXHf4Qe,Break My Heart Again,0,False,FINNEAS,Blood Harmony (Deluxe),2020-08-07,1e2e44dad56e626f
401MfYscl2EMF4nDbnbG0K,Are You With Me,61,False,nilu,Are You With Me,2018-01-24,1e2e44dad56e626f
65McZYVoyryQ5ZmwsDJbsv,Slow Dancing - Acoustic,29,False,Adam French,Slow Dancing (Acoustic),2019-07-12,1e2e44dad56e626f
0aIW3ekrhK1eh3BYCh11op,Falling Apart,69,False,Michael Schulte,Hold the Rhythm,2017-04-28,1e2e44dad56e626f
6lSO684JPEAF4KelN3MAEg,Every Song for You - Live in Studio Brun,23,False,Isak Danielson,Every Song for You (Live in Studio Brun),2019-05-31,1e2e44dad56e626f
7zQTYsNMzkF9qPx2W8E9Id,Slip,43,False,sixten,Slip,2019-10-18,1e2e44dad56e626f
5I9NM6z74TFF5BoJbBVW7v,Feel Something,31,False,Isak Danielson,Remember To Remember Me,2020-04-17,1e2e44dad56e626f
7yUukIX492jvLR85xYQkvc,Run,58,False,Ludovico Einaudi,In A Time Lapse,2013-01-01,1e2e44dad56e626f
3Dby3p1m6IOZn2gIIqECgK,gold rush,64,True,Taylor Swift,evermore (deluxe version),2021-01-07,1e2e44dad56e626f
6uwfVkaOM1mcMkFmSn35ix,"no body, no crime (feat. HAIM)",64,False,Taylor Swift,evermore (deluxe version),2021-01-07,1e2e44dad56e626f
6ADDIJxxqzM9LMpm78yzQG,Snow On The Beach (feat. Lana Del Rey),58,True,Taylor Swift,Midnights (3am Edition),2022-10-22,1e2e44dad56e626f
7gVWKBcfIW93YxNBi3ApIE,"You're On Your Own, Kid",62,False,Taylor Swift,Midnights (3am Edition),2022-10-22,1e2e44dad56e626f
6cW7LTnoClGRpp8hD51bIC,All Things End,39,False,Hozier,Eat Your Young,2023-03-17,1e2e44dad56e626f
46P1ha5K2HGPWi0o41APhx,Through Me (The Flood),41,False,Hozier,Eat Your Young,2023-03-17,1e2e44dad56e626f
5oqDgw5VGBln5dSIOPWyBq,Karma,61,True,Taylor Swift,Midnights (3am Edition),2022-10-22,1e2e44dad56e626f
4R2kfaDFhslZEMJqAFNpdd,cardigan,87,False,Taylor Swift,folklore,2020-07-24,1e2e44dad56e626f
5Ohxk2dO5COHF1krpoPigN,Sign of the Times,84,False,Harry Styles,Harry Styles,2017-05-12,1e2e44dad56e626f
199E1RRrVmVTQqBXih5qRC,Maroon,61,True,Taylor Swift,Midnights (3am Edition),2022-10-22,1e2e44dad56e626f
02Zkkf2zMkwRGQjZ7T4p8f,Anti-Hero,60,False,Taylor Swift,Midnights (3am Edition),2022-10-22,1e2e44dad56e626f
5JCoSi02qi3jJeHdZXMmR8,favorite crime,82,False,Olivia Rodrigo,SOUR,2021-05-21,1e2e44dad56e626f
4bYwK4mvWubnAkCextxH2d,Where do we go now?,0,False,Gracie Abrams,Where do we go now?,2023-01-13,1e2e44dad56e626f
6IRdLKIyS4p7XNiP8r6rsx,all the good girls go to hell,72,False,Billie Eilish,"WHEN WE ALL FALL ASLEEP, WHERE DO WE GO?",2019-03-29,1e2e44dad56e626f
3ZCTVFBt2Brf31RLEnCkWJ,everything i wanted,82,False,Billie Eilish,everything i wanted,2019-11-13,1e2e44dad56e626f
65krgqLiZqW12PZAUQ9l2x,Velvet Elvis,51,False,Kacey Musgraves,Golden Hour,2018-03-30,1e2e44dad56e626f
4ltqfN12ohaVZdM6C45gMg,American Teenager,69,False,Ethel Cain,Preacher’s Daughter,2022-05-12,1e2e44dad56e626f
42dosBqMOdtgxKw0KRFJF0,Getting Older,63,False,Billie Eilish,Happier Than Ever,2021-07-30,1e2e44dad56e626f
3TFoEJe5zNuHZStRboWPxg,People Watching,72,False,Conan Gray,Superache,2022-06-24,1e2e44dad56e626f
7ARveOiD31w2Nq0n5FsSf8,Perfect Places,71,True,Lorde,Melodrama,2017-06-16,1e2e44dad56e626f
6PFyGdWw0qnstR8KJAWrrr,Afterlife,57,False,Hailee Steinfeld,Afterlife (Dickinson),2019-09-19,1e2e44dad56e626f
1aRvUHgMe9ichgcHAAs12f,Nellie,59,False,Dr. Dog,B-Room (Deluxe Edition),2013-10-01,1e2e44dad56e626f
5Gu0PDLN4YJeW75PpBSg9p,"Let Me Go (with Alesso, Florida Georgia Line & watt)",71,False,Hailee Steinfeld,"Let Me Go (with Alesso, Florida Georgia Line & watt)",2017-09-08,1e2e44dad56e626f
6EOKwO6WaLal58MSsi6U4W,Eleanor Rigby,60,False,The Beatles,Yellow Submarine Songtrack,1999-09-13,1e2e44dad56e626f
1JO1xLtVc8mWhIoE3YaCL0,Happy Together,75,False,The Turtles,Happy Together,1967,1e2e44dad56e626f
5QhJorJmjqYfETfqgBtGg3,Already Over,63,False,Sabrina Carpenter,emails i can't send,2022-07-15,1e2e44dad56e626f
086myS9r57YsLbJpU0TgK9,Why'd You Only Call Me When You're High?,84,False,Arctic Monkeys,AM,2013-09-09,1e2e44dad56e626f
2KnuaZYoGzDoHiBTNYOTXG,Billie Bossa Nova,77,False,Billie Eilish,Happier Than Ever,2021-07-30,1e2e44dad56e626f
43zdsphuZLzwA9k4DJhU0I,when the party's over,85,False,Billie Eilish,"WHEN WE ALL FALL ASLEEP, WHERE DO WE GO?",2019-03-29,1e2e44dad56e626f
07q0QVgO56EorrSGHC48y3,I Was Made For Lovin' You,84,False,KISS,Dynasty,1979-03-23,1e2e44dad56e626f
6azVi5ToFHo6KfKs6SstAC,Bad Idea,52,True,Dove Cameron,Bad Idea,2022-10-28,1e2e44dad56e626f
2TxCwUlqaOH3TIyJqGgR91,Mamma Mia,78,False,ABBA,Abba,1975,1e2e44dad56e626f
0d23jazTOtlCCmNrTO9WIG,Landscape - Demo,38,False,Florence + The Machine,Ceremonials (Original Deluxe Version),2011-01-01,1e2e44dad56e626f
6DXZiYUbrYgrVIhfX3U9Z2,Pretty Please,67,True,Dua Lipa,Future Nostalgia,2020-03-27,1e2e44dad56e626f
5QTxFnGygVM4jFQiBovmRo,(Don't Fear) The Reaper,77,False,Blue Öyster Cult,Agents Of Fortune,1976,1e2e44dad56e626f
0I3q5fE6wg7LIfHGngUTnV,Ms. Jackson,82,True,Outkast,Stankonia,2000-10-31,1e2e44dad56e626f
0qnzHn8plo9r10x69uFJYS,Kiss With A Fist,56,False,Florence + The Machine,Lungs (Deluxe Version),2009,1e2e44dad56e626f
3zmwONxswBAzGwExPugSLN,Sweet Nothing,60,False,Taylor Swift,Midnights (3am Edition),2022-10-22,1e2e44dad56e626f
5SHpuW2qjkQtFRpE6P9Nks,The 30th,76,False,Billie Eilish,Guitar Songs,2022-07-21,1e2e44dad56e626f
3rPVtXLBfJz59U1LgrGHhb,Yours,63,True,Conan Gray,Superache,2022-06-24,1e2e44dad56e626f
3JiaA3hvuKu4Fjf6AWwVMX,Difficult,0,False,Gracie Abrams,Difficult,2022-10-07,1e2e44dad56e626f
0wnZAXlg3CPUgAKFQblzff,pirate song,0,False,mehro,Dark Corners,2022-06-22,1e2e44dad56e626f
26MJjeJ0NSOQDKeZzrEFMl,hate to be lame,66,False,Lizzy McAlpine,five seconds flat,2022-04-08,1e2e44dad56e626f
0vZhOON6GYVBxv6ZeeHyZ0,Better,58,False,Gracie Abrams,This Is What It Feels Like,2021-11-12,1e2e44dad56e626f
4Sk74gcXTe9dnE1HU5Pn1y,The Bottom,58,True,Gracie Abrams,This Is What It Feels Like,2021-11-12,1e2e44dad56e626f
7cvElcxrvUMyYi5LS5rF5o,Pictures,34,False,Seafret,Pictures,2022-07-01,1e2e44dad56e626f
2L9N0zZnd37dwF0clgxMGI,ceilings,80,False,Lizzy McAlpine,five seconds flat,2022-04-08,1e2e44dad56e626f
6wAFvJPpTZVirBKGZ4EnMW,Glitch,59,False,Taylor Swift,Midnights (3am Edition),2022-10-22,1e2e44dad56e626f
3FDrI0FLKzrYQiWxPhqV2W,Rollin (feat. Future & Khalid),53,True,Calvin Harris,Rollin (feat. Future & Khalid),2017-05-12,1e2e44dad56e626f
495O1Affo7AurEPQcvcr18,Cooler Than Me - Single Mix,61,False,Mike Posner,31 Minutes to Takeoff,2010,1e2e44dad56e626f
6hgoYQDUcPyCz7LcTUHKxa,Calm Down,70,False,Rema,Calm Down,2022-02-10,1e2e44dad56e626f
1fTzOcw64Xm0AxUsLcRHAZ,The Other Side,64,False,Ruelle,The Other Side,2017-06-02,1e2e44dad56e626f
3Z0oQ8r78OUaHvGPiDBR3W,Into the Unknown,73,False,Idina Menzel,Frozen 2 (Original Motion Picture Soundtrack/Deluxe Edition),2019-11-15,1e2e44dad56e626f
5PUawWFG1oIS2NwEcyHaCr,Uma Thurman,68,False,Fall Out Boy,American Beauty/American Psycho,2015-01-16,1e2e44dad56e626f
1A2gifkaEngunqZAFHUS0j,First Burn,62,False,Ari Afsar,First Burn,2018-04-30,1e2e44dad56e626f
0y0PhFCcjkSlRGXS1f63Dp,Madyoonam Be To,31,False,Mehdi Jahani,Madyoonam Be To,2016-07-11,1e2e44dad56e626f
44Loost58lcgV6idmOwC9x,King of a Tragedy,17,False,Isak Danielson,King of a Tragedy (Deluxe version),2022-06-10,1e2e44dad56e626f
0Z3AGsU11hASarHrOPLUn9,It Took Me By Surprise,58,False,Maria Mena,Viktoria,2011-09-23,1e2e44dad56e626f
6xMHglHoafdDFGXS6qfwSH,Hot Blooded,67,False,Foreigner,Double Vision (Expanded),1978,1e2e44dad56e626f
03PovWuWxc95k3VuOKWQXM,Love Me Again,14,False,Isak Danielson,King of a Tragedy (Deluxe version),2022-06-10,1e2e44dad56e626f
5XhXt7kcM4rSvo03faDAjY,My Mom,43,True,Eminem,Relapse,2009-05-15,1e2e44dad56e626f
22ML0MuFKfw16WejbxsLOy,Heartbreaker,65,False,Pat Benatar,In The Heat Of The Night,1979-01-01,1e2e44dad56e626f
5pAbCxt9e3f81lOmjIXwzd,Be Honest (feat. Burna Boy),67,False,Jorja Smith,Be Honest (feat. Burna Boy),2019-08-16,1e2e44dad56e626f
78ywqAbY9QktwlTHyc8c4I,Elegant & Gang,53,True,D-Block Europe,Elegant & Gang,2022-06-09,1e2e44dad56e626f
6Qyc6fS4DsZjB2mRW9DsQs,Iris,92,False,The Goo Goo Dolls,Dizzy up the Girl,1998,1e2e44dad56e626f
031rzMIwZATyYYOPC2EYva,Doost Daram Zendegiro (I Love Life),29,False,Sirvan Khosravi,Doost Daram Zendegiro (I Love Life),2013-05-16,1e2e44dad56e626f
4L6oJsOr7ZrucOxxXEoNPm,Fifty Ways,13,False,Isak Danielson,King of a Tragedy (Deluxe version),2022-06-10,1e2e44dad56e626f
6uvh0In7u1Xn4HgxOfAn8O,Matilda,78,False,Harry Styles,Harry's House,2022-05-20,1e2e44dad56e626f
6GaWzv1cSgyUCuncicStu5,Riverbed (feat. Birdy),0,False,Matt Ryder,Riverbed (feat. Birdy),2022-08-05,1e2e44dad56e626f
01vdTGouTD3gV7WvlSEmWv,Motasel,27,False,Mohsen Chavoshi,Amire Bi Gazand,2022-05-21,1e2e44dad56e626f
7bPWdJgx8vek7S5i5yAtvG,Chemtrails Over The Country Club,79,False,Lana Del Rey,Chemtrails Over The Country Club,2021-03-19,1e2e44dad56e626f
6z5Yh7kOKeLjqIsNdokIpU,a thousand years,66,False,Christina Perri,The Twilight Saga: Breaking Dawn - Part 1 (Original Motion Picture Soundtrack),2011-11-04,1e2e44dad56e626f
6crBy2sODw2HS53xquM6us,Tribute,65,True,Tenacious D,Tenacious D,2001-09-25,1e2e44dad56e626f
27rdGxbavYJeBphck5MZAF,Nothing Breaks Like a Heart (feat. Miley Cyrus),70,False,Mark Ronson,Nothing Breaks Like a Heart (feat. Miley Cyrus),2018-11-30,1e2e44dad56e626f
6bJYxnGau5bTOpa3WtLFSK,Tabestoon Kootahe,46,True,Zedbazi,Zedbazi,2019-04-20,1e2e44dad56e626f
2Oycxb8QbPkpHTo8ZrmG0B,Prisoner (feat. Dua Lipa),70,False,Miley Cyrus,Plastic Hearts,2020-11-27,1e2e44dad56e626f
37PJvlIfYWqEX6fgjHlnTf,WTF Do I Know,55,True,Miley Cyrus,Plastic Hearts,2020-11-27,1e2e44dad56e626f
2W9u3whoCkQYOUbmnSrHi1,What'd I Miss,69,False,Daveed Diggs,Hamilton (Original Broadway Cast Recording),2015-09-25,1e2e44dad56e626f
6k7vblX4M4TgEjPt6jLoHZ,Free,44,False,Florence + The Machine,Free,2022-04-20,1e2e44dad56e626f
0ug5NqcwcFR2xrfTkc7k8e,Style,84,False,Taylor Swift,1989 (Deluxe),2014-01-01,1e2e44dad56e626f
6mDhfhAYl4FdNZIhQNq5yf,Northern Towns,0,False,Tommy Lefroy,Northern Towns,2021-02-18,1e2e44dad56e626f
154jHa2vq8IXa4acIIufC4,I Will Be,35,False,Florence + The Machine,Songs From Final Fantasy XV,2016-08-12,1e2e44dad56e626f
5cXz1oC58O8EPUKP1fyvOB,Meshki Lebas,29,False,TM Bax,Meshki Lebas,2017-06-19,1e2e44dad56e626f
3Mfz57raiTwETqMjDwuVt6,Someone To You,26,False,BANNERS,Somebody To Someone,2020-08-03,1e2e44dad56e626f
3ytfjqpqNhTdFbNt4uZ6Au,You're A Mystery,0,False,Wil Owen,You're A Mystery,2021-07-23,1e2e44dad56e626f
4PYfFHKfjYz6dwAtZhBy1z,Obsessed With You,60,True,Central Cee,Obsessed With You,2021-09-10,1e2e44dad56e626f
7CoMBpPTwQi2wPT0U0Nr9b,State Lines,75,False,Novo Amor,Birthplace,2018-10-19,1e2e44dad56e626f
4GDRkSF0ihghsjhfHrc7jT,Haunted House,40,False,Florence + The Machine,Moderation,2019-01-24,1e2e44dad56e626f
6zcewyuB1rZPbqvqidGXMQ,Between Two Lungs,46,False,Florence + The Machine,Lungs (Deluxe Version),2009,1e2e44dad56e626f
1myEOhXztRxUVfaAEQiKkU,Cosmic Love,66,False,Florence + The Machine,Lungs (Deluxe Version),2009,1e2e44dad56e626f
5xo8RrjJ9CVNrtRg2S3B1R,Motion Sickness,75,False,Phoebe Bridgers,Stranger in the Alps,2017-09-22,1e2e44dad56e626f
1tpkN6z0Zd3wphAd3DASDX,The End Of Love,53,False,Florence + The Machine,High As Hope,2018-06-29,1e2e44dad56e626f
2mC33mxgLJN3IT65MGN3B0,Nothing Else Matters,57,False,Miley Cyrus,Nothing Else Matters,2021-06-22,1e2e44dad56e626f
0K8VHsycfM0ew44vp8D796,Once Upon a Time,9,False,Evgeny Grinko,Tiny Mouse Tales,2018-07-06,1e2e44dad56e626f
527BVezmvYjbc4JlVJW4Xj,No Time To Die,46,False,Billie Eilish,No Time To Die (Original Motion Picture Soundtrack),2021-10-01,1e2e44dad56e626f
7J4b3LVCIGO4CMBDFLPoP6,Holy Ground (Taylor's Version),63,False,Taylor Swift,Red (Taylor's Version),2021-11-12,1e2e44dad56e626f
7Ie9W94M7OjPoZVV216Xus,Not Afraid,79,True,Eminem,Recovery,2010-06-18,1e2e44dad56e626f
2kP1ujXHn0mNqFbiT3zob8,What Kind Of Man,56,False,Florence + The Machine,"How Big, How Blue, How Beautiful (Deluxe)",2015-05-29,1e2e44dad56e626f
0qUnBLZ8bJqUNEeQgayL9t,Out Of The Woods,64,False,Taylor Swift,1989 (Deluxe),2014-01-01,1e2e44dad56e626f
0qAIiGFKLdV1xpNlEhjpq8,New Romantics,66,False,Taylor Swift,1989 (Deluxe),2014-01-01,1e2e44dad56e626f
2WyRfGeHo97VC5mP1BBSzr,Mother's Daughter,2,True,Miley Cyrus,SHE IS COMING,2019-05-31,1e2e44dad56e626f
3dEFa9KjOLEZl980ctEEv1,Ship To Wreck,63,False,Florence + The Machine,"How Big, How Blue, How Beautiful (Deluxe)",2015-05-29,1e2e44dad56e626f
1ugQtcwmKOXvKAYzhjncmv,Half A Man,76,False,Dean Lewis,A Place We Knew,2019-03-22,1e2e44dad56e626f
5GK1GYXH16RdfmltogHhAk,Heart Of Glass (Live from the iHeart Festival),65,False,Miley Cyrus,Plastic Hearts,2020-11-27,1e2e44dad56e626f
2y4lAQpi5VTNLu2ldeTdUH,We Can't Stop,80,False,Miley Cyrus,Bangerz (Deluxe Version),2013-10-04,1e2e44dad56e626f
71iSmEeF0qRVyULABxP75P,Shake It Out,71,False,Florence + The Machine,Ceremonials (Original Deluxe Version),2011-01-01,1e2e44dad56e626f
4tqcoej1zPvwePZCzuAjJd,Wet Dreamz,80,True,J. Cole,2014 Forest Hills Drive,2014-12-09,1e2e44dad56e626f
2uGF4SXl3xel4YaGgVuvHO,Natalie Don't,40,False,RAYE,Euphoric Sad Songs,2020-11-20,1e2e44dad56e626f
5tRnzF4v2KL72QQdCjopyt,Black Out Days - Future Islands Remix (Slowed),60,False,Phantogram,Black Out Days [Future Islands Remix (Slowed)],2021-09-10,1e2e44dad56e626f
3uuXITRf0o9WApETIMyjhj,Divenire,56,False,Ludovico Einaudi,Islands - Essential Einaudi,2011-01-01,1e2e44dad56e626f
6Wlq9rqkxrqj5Kls4Kw14H,evermore (feat. Bon Iver),64,False,Taylor Swift,evermore (deluxe version),2021-01-07,1e2e44dad56e626f
1Bdgn4nmMlADRQ6DPJh7UM,Seven Days Walking / Day 1: Ascent,51,False,Ludovico Einaudi,Seven Days Walking (Day 1),2019-03-15,1e2e44dad56e626f
4Cadc8WCTH4UY05hL0Bzbd,Cheshmak,0,False,Wantons,Cheshmak,2016-01-21,1e2e44dad56e626f
1A45JvhIT39Ay2qriGXSUb,Haminim Ke Hastim,0,False,Wantons,Haminim Ke Hastim,2021-02-19,1e2e44dad56e626f
3hUxzQpSfdDqwM3ZTFQY0K,august,88,False,Taylor Swift,folklore,2020-07-24,1e2e44dad56e626f
4YqhaV2tvPpMiJPRxjkZx4,Pas Man Chi,0,False,Wantons,Pas Man Chi,2017-12-25,1e2e44dad56e626f
4pvb0WLRcMtbPGmtejJJ6y,exile (feat. Bon Iver),81,False,Taylor Swift,folklore,2020-07-24,1e2e44dad56e626f
1Ov37jtRQ2YNAe8HzfczkL,Wildest Dreams (Taylor's Version),74,False,Taylor Swift,Wildest Dreams (Taylor's Version),2021-09-17,1e2e44dad56e626f
1MgV7FIyNxIG7WzMRJV5HC,my tears ricochet,81,False,Taylor Swift,folklore,2020-07-24,1e2e44dad56e626f
4xkOaSrkexMciUUogZKVTS,Till I Collapse,83,True,Eminem,The Eminem Show,2002-05-26,1e2e44dad56e626f
7MJQ9Nfxzh8LPZ9e9u68Fq,Lose Yourself,71,True,Eminem,SHADYXV,2014-11-24,1e2e44dad56e626f
2ruw2Kq8lgyqwemZik9bUg,My Mom,57,True,Eminem,Relapse: Refill,2009-05-15,1e2e44dad56e626f
3KmYVOuK2eG7LGP7qQ8DLR,Holy Ground,48,False,Taylor Swift,Red (Deluxe Edition),2012-10-22,1e2e44dad56e626f
1xaOhiFM7q5Yi2H1v5WUS2,Nah (feat. Sinead Harnett),35,False,Sonny Fodera,Nah (feat. Sinead Harnett),2021-07-16,1e2e44dad56e626f
2ptqYXyQ1QdArGjbrTzBaU,Crazier Things,43,False,Chelsea Cutler,How To Be Human,2020-01-17,1e2e44dad56e626f
3G0yz3DZn3lfraledmBCT0,P.I.M.P.,78,True,50 Cent,Get Rich Or Die Tryin',2003-02-06,1e2e44dad56e626f
7lKg6xmUdKJeCWoiXj3gVz,Barmigardeh,0,False,Gdaal,70,2016-09-26,1e2e44dad56e626f
4qTAwKJQ68gmnrnfPD3vlO,The Moment I Knew,46,False,Taylor Swift,Red (Deluxe Edition),2012-10-22,1e2e44dad56e626f
7M9pPyt8Gr41THLhbz4NSB,Don't Let Me Be Misunderstood,63,False,Nina Simone,Broadway-Blues-Ballads,1964-11-01,1e2e44dad56e626f
7BMO7O7ImjV8HNTH74Tshv,Cleanin' Out My Closet,73,True,Eminem,The Eminem Show,2002-05-26,1e2e44dad56e626f
70e9zuv2pJc7ON1OUAJ1zl,Sad Beautiful Tragic,46,False,Taylor Swift,Red (Deluxe Edition),2012-10-22,1e2e44dad56e626f
4XE98WRGbBGRZ7jQ9wIwFt,Fuck You,60,True,Lily Allen,"It's Not Me, It's You (Special Edition)",2008-12-02,1e2e44dad56e626f
3S6NPZy06gFo9MUPitFbaB,Diminuendo,0,False,Lawless,Lawless,2016-02-26,1e2e44dad56e626f
6sRidkicP3pwt0qQDhKoZz,Ye Moghehaei 2,18,True,Shayea,Asabani,2021-03-12,1e2e44dad56e626f
0b16LTzby1YRVd2nq2Z0fw,State Of Grace,50,False,Taylor Swift,Red (Deluxe Edition),2012-10-22,1e2e44dad56e626f
0gqgdJzhgDTKUCFONwn4og,La Chute est lente,24,False,Alma,Ma peau aime,2017-05-05,1e2e44dad56e626f
2K2I7I6lhpCHIozLDyqCE0,Chakkosh,11,True,Shayea,Asabani,2021-03-12,1e2e44dad56e626f
5Mm9SomFR8RZDPTsLiiTtD,Justin Bieber,40,True,B Young,Differences,2021-07-30,1e2e44dad56e626f
2haJphBUZLD5MpFB8KkCsF,I Need Your Body,33,False,Brooke Bentham,The Room Swayed,2017-06-09,1e2e44dad56e626f
2bZSBHE278m6kUK51IYvjI,Who’s Hurting Who (feat. Nile Rodgers),39,False,Jack Savoretti,Europiana,2021-06-25,1e2e44dad56e626f
7nECwCDHS1JvQbrmuorZIH,Treacherous,47,False,Taylor Swift,Red (Deluxe Edition),2012-10-22,1e2e44dad56e626f
7GbRC3WWnBGF9Uc9N2BUDh,Wild,39,False,Hailaker,Holding,2020-04-24,1e2e44dad56e626f
4BmPTpXnae3IwwXAcK0byT,Matter of Time (feat. Alex Maher),1,False,Vandelux,Matter of Time (feat. Alex Maher),2021-05-13,1e2e44dad56e626f
5F4qUvUw8cWdNg7FKd7sBN,Seven Days Walking / Day 1: Cold Wind Var. 1,22,False,Ludovico Einaudi,Cinema,2021-06-04,1e2e44dad56e626f
4zacv3PtHRkZAPMZngho91,Ascolta,22,False,Ludovico Einaudi,Cinema,2021-06-04,1e2e44dad56e626f
13V3kEjGI35DYWDFecWMyD,Ehtiaj Daram,0,False,Shayea,Injaneb,2019-07-31,1e2e44dad56e626f
4Puov37i93kIDtjzRjZBHE,Walk,39,False,Ludovico Einaudi,Cinema,2021-06-04,1e2e44dad56e626f
7wEXKF8ltyhpiGlUfa3RGh,Reason To Stay,39,False,Sody,"I'm Sorry, I'm Not Sorry",2020-01-03,1e2e44dad56e626f
1yomwoQ7JBdO05tTG2481N,Fly,46,False,Ludovico Einaudi,Cinema,2021-06-04,1e2e44dad56e626f
61iKcFiHejjskfRWw0wyWK,Two Men in Love,0,False,The Irrepressibles,Nude,2012-10-21,1e2e44dad56e626f
1zYvYXoYJ2e7ADDnmxl7FF,Pulling a Thread,0,False,The Chamber Orchestra Of London,Kerry Muzzey: The Architect,2014-08-26,1e2e44dad56e626f
5PzWVmfzu7rePAuFkxPQf0,Repeat Until Death,70,False,Novo Amor,Birthplace,2018-10-19,1e2e44dad56e626f
555CH6CnGJRqO37pqA30vW,Deep End,62,False,Birdy,Beautiful Lies,2016-03-25,1e2e44dad56e626f
3R7XteQcDpbumtyRcxuJY4,Pas tout compris,18,False,Léa Castel,Pas tout compris,2021-02-26,1e2e44dad56e626f
4MMoRbdpPaocm4f29kvCDZ,"The Water Diviner - From ""The Water Diviner""",40,False,Ludovico Einaudi,Cinema,2021-06-04,1e2e44dad56e626f
6TRJINYsux28IglskjOSRy,Open Your Heart,35,False,Birdy,Open Your Heart,2020-09-04,1e2e44dad56e626f
1xRCmlU2GyzGem2vw4glxK,Arrival of the Birds,53,False,The Cinematic Orchestra,The Crimson Wing: Mystery Of The Flamingos,2008-01-01,1e2e44dad56e626f
4RXrqV1E2rWi9FeZisSkjY,numb,32,True,Tom Odell,numb,2021-02-18,1e2e44dad56e626f
0KQANutzUgsfobh7KNLDux,Khoshhalam,14,False,Sirvan Khosravi,Khoshhalam,2017-08-13,1e2e44dad56e626f
04js3pBP9ytpLsT2bXtLbk,Kheili Rooza Gozasht,37,False,Sirvan Khosravi,Kheili Rooza Gozasht,2017-05-28,1e2e44dad56e626f
7dTib6ZgZ7IMVlnqrqMxc0,Anger,38,False,Sleeping At Last,Atlas: II,2019-11-01,1e2e44dad56e626f
1gglGtRcmTeShWMDAyZy5o,If You Went Away,0,False,Daniel Wilson,Boy Who Cried Thunder EP,2014-11-25,1e2e44dad56e626f
25u7tVNFhpPA450EFQBwML,Ice Box,53,False,Omarion,21,2006,1e2e44dad56e626f
1koJb6WebShjpVPtx7XoqN,Ghabe Akse Khali,39,False,Sirvan Khosravi,Ghabe Akse Khali,2016-09-13,1e2e44dad56e626f
2YGqpzBhtJxt9M5g1czYg4,Ghosts,51,False,BANNERS,Ghosts,2015-09-25,1e2e44dad56e626f
54GNAyjJFdx9uaSk3UnV4J,Ye Moghehaei,18,False,Shayea,Ye Moghehaei,2017-03-04,1e2e44dad56e626f
27r2uANqwK7XbsiAZnzf9e,One Day,0,False,Tate McRae,One Day,2017-12-24,1e2e44dad56e626f
4NjA6YOc1X2bzPv8312V5V,Tainted Love,0,False,Claire Guerreso,Tainted Love,2014-05-08,1e2e44dad56e626f
6Mb0OgMvbb7FYQejZ6rusz,Lonely Ones,50,True,LOVA,Grown-ish,2021-02-26,1e2e44dad56e626f
6w0hYR4t6m3AYgCDh29t9K,I Am Falling in Love,0,False,Isak Danielson,Yours,2018-10-19,1e2e44dad56e626f
12Laf9APmtwdQIhmEx8yT5,Ending,0,False,Isak Danielson,Volume One,2015-03-26,1e2e44dad56e626f
2GyA33q5rti5IxkMQemRDH,I Know What You Did Last Summer,75,False,Shawn Mendes,Handwritten,2015-04-14,1e2e44dad56e626f
5IPU245QHYZYPnIzVyrzEO,Broken,43,False,Jess Glynne,Always in Between (Deluxe),2018-10-12,1e2e44dad56e626f
0QhzV0wGDhWvBfvTpvVL5m,Face My Fears,38,False,Isak Danielson,Tomorrow Never Came,2021-03-05,1e2e44dad56e626f
6Q9rogwuZ8rQNMYUYFCx2I,Bleed Out,40,False,Isak Danielson,Bleed Out,2019-03-01,1e2e44dad56e626f
5xdVqHtFS0eLuNp4Z8Wbpa,Good For You,75,False,Selena Gomez,Revival (Deluxe),2015-10-09,1e2e44dad56e626f
7Ix4aHMJqwN8kAZuHICew5,Him Too,0,False,Sinéad Harnett,Lessons in Love,2019-09-20,1e2e44dad56e626f
2dRvMEW4EwySxRUtEamSfG,The Heart Wants What It Wants,56,False,Selena Gomez,For You,2014-11-21,1e2e44dad56e626f
4l0Mvzj72xxOpRrp6h8nHi,Lose You To Love Me,77,False,Selena Gomez,Rare,2020-01-10,1e2e44dad56e626f
71GieY2cMEh4s7Unv00gnw,I Went Too Far - MK Remix / Radio Version,39,False,AURORA,I Went Too Far (MK Remix),2016-07-15,1e2e44dad56e626f
7CHNIK6EGjnwpWkSpx6JZe,Medicine,52,False,James Arthur,Medicine,2021-03-05,1e2e44dad56e626f
2AobDJxjDp5TbxGdR3JGen,Let the Groove Get In,46,False,Justin Timberlake,The 20/20 Experience (Deluxe Version),2013-03-15,1e2e44dad56e626f
3tyPOhuVnt5zd5kGfxbCyL,Where Have You Been,76,False,Rihanna,Talk That Talk,2011-11-19,1e2e44dad56e626f
6sNVx9BBrsA2IzwYSDfLOM,Sidi Mansour,0,False,Saber Rebai,Sidi Mansour,2002,1e2e44dad56e626f
4YLzVD32aMH4qgSsSPtNbl,Samantha,59,True,Dave,Samantha,2017-01-27,1e2e44dad56e626f
49FYlytm3dAAraYgpoJZux,Umbrella,83,False,Rihanna,Good Girl Gone Bad: Reloaded,2008-06-02,1e2e44dad56e626f
3uXpTFZhg37mW5y9siiZ69,Start of Time,33,False,Gabrielle Aplin,English Rain (Deluxe Edition),2013-05-13,1e2e44dad56e626f
60PAzFNW3vAiAiVK6DRJfB,Day 'N' Nite (Nightmare),71,False,Kid Cudi,Man On The Moon: The End Of Day (Int'l Version),2009-01-01,1e2e44dad56e626f
1Bdptrvb7nQkq8kCw3siE9,Feels (feat. Young Thug & J Hus),48,False,Ed Sheeran,No.6 Collaborations Project,2019-07-12,1e2e44dad56e626f
2mj7x99sNUsVHPBRK51zlG,Electric (feat. Khalid),3,False,Alina Baraz,The Color Of You,2018-04-06,1e2e44dad56e626f
1KtVVUM6OkpyOsbVfbMybX,Don't Be so Hard on Yourself,67,False,Jess Glynne,I Cry When I Laugh,2015,1e2e44dad56e626f
6tHbCCTnaNtV0TdnRZ2Bax,Iran,34,False,Homayoun Shajarian,Iran,2018-09-12,1e2e44dad56e626f
1v1oIWf2Xgh54kIWuKsDf6,Runaway,77,False,AURORA,All My Demons Greeting Me As A Friend (Deluxe),2016-03-11,1e2e44dad56e626f
6E3wc8eyskgljcru5lql6J,Run Baby Run,41,False,The Rigs,Black,2015-10-21,1e2e44dad56e626f
15JINEqzVMv3SvJTAXAKED,Love The Way You Lie,85,True,Eminem,Recovery,2010-06-18,1e2e44dad56e626f
6ce41JVa6KFaryfmC2bu2W,22,66,False,Taylor Swift,Red (Big Machine Radio Release Special),2012-10-22,1e2e44dad56e626f
7I8ftQPSknxqIH8jiuh6iv,All I've Ever Known,48,False,Bahamas,Bahamas Is Afie,2014-08-19,1e2e44dad56e626f
2MPr2TeoYxteUyXanJA4jN,Yebar,0,False,Shayea,Frequency,2019-08-18,1e2e44dad56e626f
0nJW01T7XtvILxQgC5J7Wh,When I Was Your Man,87,False,Bruno Mars,Unorthodox Jukebox,2012-12-07,1e2e44dad56e626f
1Ui7dZZYSAQsearJPLj1T2,How Villains Are Made,0,False,Madalen Duke,Talking to Myself,2020-11-06,1e2e44dad56e626f
3Bto1rMlnMq4ctgqFCVdEt,Part Goddess Part Gangster,0,False,Madalen Duke,Talking to Myself,2020-11-06,1e2e44dad56e626f
61hQlUjEFhaNU5wv0gUdNH,Talking to Myself,0,False,Madalen Duke,Talking to Myself,2020-11-06,1e2e44dad56e626f
7wGoRwE6MZnm9flIMKWPul,Stay,44,False,Cheat Codes,Stay,2020-10-07,1e2e44dad56e626f
09eTrTOc7J3kvLgOjOJjL5,Love into a Weapon,0,False,Madalen Duke,Talking to Myself,2020-11-06,1e2e44dad56e626f
0rRan9ngnGrS9mb8cRcr1t,Life Without Fantasies,0,False,Neon Dreams,Sweet Dreams till Sunbeams,2019-07-25,1e2e44dad56e626f
69El8bwwxvL6MKfDCwdRHR,The Other Side,0,False,Ruelle,The Other Side,2017-06-02,1e2e44dad56e626f
7oBuzlW4oRMA9NfVLFbzXH,In Too Deep,27,False,The Sweeplings,In Too Deep,2016-08-27,1e2e44dad56e626f
32Q0EkKu1Ts8X5kNNZL3jl,Hearts,36,False,Jessie Ware,Glasshouse,2017-10-20,1e2e44dad56e626f
0HrhMgGtRk6wOxUUCqvf4i,Lost It All,41,False,Jill Andrews,Lost It All,2016-02-26,1e2e44dad56e626f
0ygOBx60exSPPvnI4sS28r,Silhouette,56,False,Aquilo,Silhouettes,2017-01-27,1e2e44dad56e626f
3NFzzgeAG3H2ubvk3whIpm,Calling out My Name,24,False,Elaskia,Calling out My Name,2018-11-01,1e2e44dad56e626f
3nn51ZerY4bmx01gWcly4j,Deep End,0,False,Ruelle,Deep End,2015-09-19,1e2e44dad56e626f
5zJ5qzhKEXHMiDupSs5hnd,Talking to Myself,0,True,Madalen Duke,Talking to Myself,2020-11-06,1e2e44dad56e626f
5qnPIIm6Lz46v8qVPKsCxZ,How Villains Are Made,0,False,Madalen Duke,Talking to Myself,2020-11-06,1e2e44dad56e626f
3TRvQGbYUOpYavIpNYcpPW,You Belong to Me,51,False,Cat Pierce,You Belong to Me,2017-01-20,1e2e44dad56e626f
4CU3t2c3TIpmzX44P1VCFi,I Don't Believe in Satan,36,False,Aron Wright,I Don't Believe in Satan,2018-03-06,1e2e44dad56e626f
2kMAKtrAu16HVWxBnOwuhd,Hurts Like Hell,0,False,Fleurie,Love and War,2016-09-19,1e2e44dad56e626f
5XMYHUrX71sStmDNqJoyPZ,Black Sea,56,False,Natasha Blume,Black Sea,2016-01-21,1e2e44dad56e626f
61yn554nyN6Tjda3HVq1BY,Hitlist,3,False,Madalen Duke,Hitlist,2017-06-26,1e2e44dad56e626f
0zAKRYUs44kTyqAKP9bS3S,Can You Hear Me,39,False,UNSECRET,Can You Hear Me,2019-01-18,1e2e44dad56e626f
5BOBHIBuzvQuIYL1E1nDzl,Shea Butter Baby (with J. Cole),61,True,Ari Lennox,Shea Butter Baby,2019-05-07,1e2e44dad56e626f
7iCeaYJSEdGWeFNTAEqUzJ,wRoNg (feat. Kehlani),60,True,ZAYN,Mind Of Mine (Deluxe Edition),2016-03-25,1e2e44dad56e626f
2vMfjLGYehQKwc2bnyOjtG,Stay,45,False,Daniela Andrade,"Covers, Vol. 1",2013-04-04,1e2e44dad56e626f
3k7ne7VmH43ZPWxPdvPUgR,coney island (feat. The National),59,False,Taylor Swift,evermore,2020-12-11,1e2e44dad56e626f
5BK0uqwY9DNfZ630STAEaq,gold rush,65,True,Taylor Swift,evermore,2020-12-11,1e2e44dad56e626f
0PurA4JVJ8YQgSVopY8fn6,tolerate it,70,True,Taylor Swift,evermore,2020-12-11,1e2e44dad56e626f
7dW84mWkdWE5a6lFWxJCBG,‘tis the damn season,63,False,Taylor Swift,evermore,2020-12-11,1e2e44dad56e626f
2Pgq0NCpCoApRn5hkveQDx,Shore,28,False,Daniela Andrade,Shore,2016-07-15,1e2e44dad56e626f
19CSr8rwW05VJL2F91KFNK,ivy,65,True,Taylor Swift,evermore,2020-12-11,1e2e44dad56e626f
54bFM56PmE4YLRnqpW6Tha,Therefore I Am,69,False,Billie Eilish,Therefore I Am,2020-11-12,1e2e44dad56e626f
5ccIKJVuEGjF4sbaG3afgd,Alone in My Car,0,False,NIKI DEMAR,Alone in My Car,2020-07-23,1e2e44dad56e626f
55Am8neGJkdj2ADaM3aw5H,Train Wreck,79,False,James Arthur,Back from the Edge,2016-10-28,1e2e44dad56e626f
4sSidJLJVvHh9w0YRvXsdc,Early,16,False,Juls,Early,2017-05-02,1e2e44dad56e626f
1XjHRolIXL2M1EEOUsGGR4,cowboy like me,65,True,Taylor Swift,evermore,2020-12-11,1e2e44dad56e626f
4uX54l6vChwnPmXiUh3Dwc,Mamacita,0,False,Behzad Leito,Takhgaaz,2020-06-24,1e2e44dad56e626f
7LjEQ8GsQiUNVakV6TZI0e,Baby,52,False,Madison Beer,Baby,2020-08-21,1e2e44dad56e626f
5boPdgq8rQKG65HkvIV2n7,Heyf,0,False,Zakhmi,Mehraboon,2020-09-14,1e2e44dad56e626f
73C4vh7W8u41Vll5HvBqv7,You Should Be Here,0,True,Kehlani,You Should Be Here,2015-04-28,1e2e44dad56e626f
0q75NwOoFiARAVp4EXU4Bs,Love Galore (feat. Travis Scott),75,True,SZA,Ctrl,2017-06-09,1e2e44dad56e626f
4spwpPKhuFed9huVCzhZqY,Billie Jean,45,False,Daniela Andrade,Billie Jean,2013-05-21,1e2e44dad56e626f
63yTeYugkFyU8DEsVFamix,Fine Wine & Hennessy,43,False,Afro B,Afrowave 3,2019-10-11,1e2e44dad56e626f
74nReXHbAko0DLmBniJest,Ready,48,False,Alessia Cara,This Summer,2019-09-06,1e2e44dad56e626f
12VPr7FUnYrSB3GX77ymJm,Low Tide,0,False,DRAMA,Gallows,2016-11-30,1e2e44dad56e626f
1iaOHQuNOt8X1adAir5MUU,Khat Keshidam Doram,0,False,Ho3ein,Overdose 2,2018-03-09,1e2e44dad56e626f
3UoULw70kMsiVXxW0L3A33,pov,74,False,Ariana Grande,Positions,2020-10-30,1e2e44dad56e626f
4MrXtliOu0PA3pWVdkA94h,"808 (feat. dutchavelli, DigDat & B Young)",44,True,Da Beatfreakz,"808 (feat. dutchavelli, DigDat & B Young)",2020-09-24,1e2e44dad56e626f
7wdzLe2Gsx1RGqbvYZHASz,i,68,True,Kendrick Lamar,i,2014-09-23,1e2e44dad56e626f
5jqrCxRC2qTQxYuz9oWuPH,MaMuhim,0,False,MazMars,MaMuhim,2019-12-30,1e2e44dad56e626f
7KXjTSCq5nL1LoYtL7XAwS,HUMBLE.,84,True,Kendrick Lamar,DAMN.,2017-04-14,1e2e44dad56e626f
5ZiSYbKuIMixjn4txWfWtZ,Miresam,0,False,Mehrad Hidden,"Toonel, Vol. 1",2017-02-02,1e2e44dad56e626f
0fRIzjNaVxFqwoLg8rfQX5,Ana Lahale,51,False,Elyanna,Elyanna,2020-02-07,1e2e44dad56e626f
42GcjriRK6srwHkfbkBqVl,Blood On The Leaves,62,True,Kanye West,Yeezus,2013-06-18,1e2e44dad56e626f
60eJ3MVSGh1Wias2xfZVdp,+44,45,True,Lotto Boyzz,+44,2020-03-11,1e2e44dad56e626f
2LEF1A8DOZ9wRYikWgVlZ8,Good Feeling,80,False,Flo Rida,Wild Ones,2012-06-22,1e2e44dad56e626f
38uQPQvmxIKKhs3V0kKvC5,Rock Bottom,38,True,M Huncho,Utopia,2019-04-12,1e2e44dad56e626f
1u1VOddnyhB5KKKXQXc3FL,Menak Wla Meni,53,False,Inez,Menak Wla Meni,2019-07-12,1e2e44dad56e626f
5s7j77zpP6e9uz2Q1DU851,I Like (feat. WizKid),53,False,Kojo Funds,I Like (feat. WizKid),2019-08-08,1e2e44dad56e626f
5ai0EzaWfDuFnYAhx2gAK4,Min väg,40,True,SINAN,Min väg,2018-10-31,1e2e44dad56e626f
44gz3bzhdcGUFgA5oc1wSu,Holiday,0,False,Little Mix,Holiday,2020-07-24,1e2e44dad56e626f
1ZiTQSxZmbff7hmjD8fENw,Damn,50,True,Omah Lay,Get Layd,2020-05-22,1e2e44dad56e626f
14YkNhtwblvxRzsx47gyKC,Prisoner,0,False,Raphael Lake,Indie Soul 2,2019-06-25,1e2e44dad56e626f
2Kwa5x2EehHWR479xcqGqg,Malakooti,8,True,Shayea,Malakooti,2020-06-30,1e2e44dad56e626f
70XKM6b0oyRXMSagZABK5v,Eve Bounce - Remix,42,True,Yaadman fka Yung L,Eve Bounce,2020-05-22,1e2e44dad56e626f
33NwSuvymfqbWcF2odU8PZ,12:34,0,False,poobon,12:34,2019-07-25,1e2e44dad56e626f
0cOOh5npPJNqGQlCUUDFKe,Hamintori,0,False,Behzad Leito,Hamintori,2018-02-12,1e2e44dad56e626f
4XJgRFxCFO4II4HjZGIgLs,Bad To The Bone,0,True,Nafe Smallz,Good Love,2019-06-21,1e2e44dad56e626f
7IbMonU3CRITpQ0cRVThsV,In the Heat of the Moment,0,False,Noel Gallagher's High Flying Birds,Chasing Yesterday,2015-02-27,1e2e44dad56e626f
7b4ky1LlQLFhXHmhZkFgqV,Ladbroke Grove,2,False,AJ Tracey,AJ Tracey,2019-02-08,1e2e44dad56e626f
69cVhZBEr2C9XcUielmj00,Catch Me Outside,49,False,B Young,Catch Me Outside,2020-06-25,1e2e44dad56e626f
5yYV7pSaVaMdCOtx8fksc1,Intro (Real Love),52,True,Brandz,25/8,2019-12-01,1e2e44dad56e626f
3mTSAVBL7yd7iHAaglXUPY,Miss Diva (feat. Yungen),42,False,One Acen,Miss Diva (feat. Yungen),2019-05-30,1e2e44dad56e626f
3ze5haYQIPLiNHq3Iahz98,Empty,46,False,Olivia O'Brien,Empty,2017-02-17,1e2e44dad56e626f
7AVF7kutqdQyamkw6q4d7x,Fuck Apologies. (feat. Wiz Khalifa),47,True,JoJo,Mad Love. (Deluxe),2016-10-14,1e2e44dad56e626f
2gMXnyrvIjhVBUZwvLZDMP,Before You Go,83,False,Lewis Capaldi,Divinely Uninspired To A Hellish Extent (Extended Edition),2019-11-22,1e2e44dad56e626f
5PKWUDfQFtc5qqo8cs1gQp,Set Fire to the Rain,2,False,Adele,21,2011-01-19,1e2e44dad56e626f
1VLtjHwRWOVJiE5Py7JxoQ,Martin & Gina,77,True,Polo G,THE GOAT,2020-05-15,1e2e44dad56e626f
2YyLNljkMy2viVcXoFGTDY,Tears of Gold,67,False,Faouzia,Tears of Gold,2019-11-20,1e2e44dad56e626f
0PvFJmanyNQMseIFrU708S,For The Night (feat. Lil Baby & DaBaby),75,True,Pop Smoke,Shoot For The Stars Aim For The Moon,2020-07-03,1e2e44dad56e626f
7BKLCZ1jbUBVqRi2FVlTVw,Closer,86,False,The Chainsmokers,Closer,2016-07-29,1e2e44dad56e626f
66igGgPqaRj31FuAzabKjk,Donya,4,False,Navid,Yek,2015-11-12,1e2e44dad56e626f
62o8KoI44JfN7aYxgTnPvh,Mala Mía,67,False,Maluma,Mala Mía,2018-08-10,1e2e44dad56e626f
5B1wILZyfNcesnSxqAlrj2,Doostam Hastan,0,False,Behzad Leito,Khakestari,2016-10-30,1e2e44dad56e626f
282L6SR4Y8Rs0VUgtEy1Zw,She Knows (feat. Amber Coffman & Cults),0,True,J. Cole,Born Sinner,2013-06-14,1e2e44dad56e626f
5n8Aro6j1bEGIy7Tpo7FV7,Fuck Tha Police,69,True,N.W.A.,Straight Outta Compton,1988-08-08,1e2e44dad56e626f
2Z6I3youZAlfRvsyzJAGQA,Only God Can Judge Me (ft. Rappin' 4-Tay),0,True,2Pac,All Eyez On Me,1996,1e2e44dad56e626f
6I6NX6tjGsxFAsIfGzY9lJ,Deja Vu,68,True,J. Cole,4 Your Eyez Only,2016-12-09,1e2e44dad56e626f
66c7n8ZXmYQQeXyNVfiArc,clementine,46,False,Halsey,Manic,2020-01-17,1e2e44dad56e626f
4PzsYXrHh4r2BxtpNjtvoF,Jumanji,57,False,B Young,Jumanji,2018-01-05,1e2e44dad56e626f
1xtGoO8YNsio7Q2s8Uu21j,"Fire in the Booth, Pt..1",33,True,Akala,10 Years of Akala,2016-09-23,1e2e44dad56e626f
4YPNLiyVYuHBG2FkJpr7pU,Dadim Raft Toro (feat. Sogand),0,False,Behzad Leito,Dadim Raft Toro (feat. Sogand),2015-02-02,1e2e44dad56e626f
1e9oZCCiX42nJl0AcqriVo,Watermelon Sugar,3,False,Harry Styles,Watermelon Sugar,2019-11-17,1e2e44dad56e626f
3EOZ4f4oNawnmmof0nem80,Ye Maks,0,False,Hichkas,Mojaz,2020-03-31,1e2e44dad56e626f
7Lh7cJzYuo4U5Uq687rLSm,Yo Darlin',51,True,NSG,Yo Darlin',2017-06-18,1e2e44dad56e626f
2GGMabyHXnJmjY6CXhhB2e,Money,72,True,Cardi B,Money,2018-10-23,1e2e44dad56e626f
7JDWhC422Gtk1Bq0mL3OTC,feel something,61,True,Bea Miller,feel something,2019-06-21,1e2e44dad56e626f
3L8Cd1fOo3hVrxw0hfFy0k,Blood in the Water,0,False,Joanna Jones as The Dame,Blood in the Water,2019-05-09,1e2e44dad56e626f
3nJYcY9yvKP8Oi2Ml8brXt,Right Hand Man,70,True,Lin-Manuel Miranda,Hamilton (Original Broadway Cast Recording),2015-09-25,1e2e44dad56e626f
71X7bPDljJHrmEGYCe7kQ8,The Schuyler Sisters,73,False,Renée Elise Goldsberry,Hamilton (Original Broadway Cast Recording),2015-09-25,1e2e44dad56e626f
1ed6Wdjk7gkxI2lIYjAoJ2,929,43,True,Halsey,Manic,2020-01-17,1e2e44dad56e626f
29eW7Vcn8ni8auHG8UPjTn,Man Kiam?,0,True,Hichkas,Mojaz,2020-03-31,1e2e44dad56e626f
1OfLNb6dQ9dra1B58iT9Ex,3am,50,True,Halsey,Manic,2020-01-17,1e2e44dad56e626f
13W2FZtELfJiVBst64qKf4,Dead,0,True,Madison Beer,As She Pleases,2018-02-02,1e2e44dad56e626f
2ufmtcIFdFpuUYBPXK5f67,Graveyard,63,False,Halsey,Manic,2020-01-17,1e2e44dad56e626f
0e7ipj03S05BNilyu5bRzt,rockstar (feat. 21 Savage),81,True,Post Malone,beerbongs & bentleys,2018-04-27,1e2e44dad56e626f
2GYHyAoLWpkxLVa4oYTVko,Alors on danse - Radio Edit,78,False,Stromae,Cheese,2010-01-01,1e2e44dad56e626f
5Q4H3VbL1RO2nkLLxTQtQN,To Koja Boodi?,0,False,Hichkas,Mojaz,2020-03-31,1e2e44dad56e626f
4tViDtaHuSLnh7HVJTrKhs,Power Over Me,65,False,Dermot Kennedy,Without Fear,2019-10-04,1e2e44dad56e626f
15W4vYo0FaayUPna42ZrM9,Ghazi Mano Doost Dasht,0,False,Hichkas,Mojaz,2020-03-31,1e2e44dad56e626f
6BORJ0ZazxMBpM3cWg79Id,Forever ... (is a long time),39,False,Halsey,Manic,2020-01-17,1e2e44dad56e626f
5J1S7CiStkeo9JP0SBOaax,Dance With My Father,50,False,Céline Dion,My Love Ultimate Essential Collection,2008-10-24,1e2e44dad56e626f
62P3dTff68UTyYPqbGpaXs,All The Things Lost,39,False,MS MR,How Does It Feel,2015-07-24,1e2e44dad56e626f
1z4Ddy0uMcmSNKqcGQvE2l,Sakhte Mosalmoon Boodan,0,False,Hichkas,Mojaz,2020-03-31,1e2e44dad56e626f
5lJ7o4RAEJolf8roIBAZMg,Chera Nemimiri?,0,False,Hichkas,Mojaz,2020-03-31,1e2e44dad56e626f
0523noRNbqzLPaA5H3yup8,Rosva,0,False,Hichkas,Mojaz,2020-03-31,1e2e44dad56e626f
35FjZytt5TukIgJD86UybL,I HATE EVERYBODY,42,False,Halsey,Manic,2020-01-17,1e2e44dad56e626f
7CHi4DtfK4heMlQaudCuHK,Lose Control,70,False,MEDUZA,Lose Control,2019-10-11,1e2e44dad56e626f
3TfKt8mPpdXfQTMfRjHzyz,Cabinet Battle #1,67,True,Christopher Jackson,Hamilton (Original Broadway Cast Recording),2015-09-25,1e2e44dad56e626f
6KRHMYPIWRgFWlXPgqO2Fp,Cabinet Battle #2,66,False,Christopher Jackson,Hamilton (Original Broadway Cast Recording),2015-09-25,1e2e44dad56e626f
4u7EnebtmKWzUH433cf5Qv,Bohemian Rhapsody - Remastered 2011,81,False,Queen,A Night At The Opera (2011 Remaster),1975-11-21,1e2e44dad56e626f
2ydKgIVZAQXeYLWtxU8DFS,Stay Alive - Reprise,63,False,Lin-Manuel Miranda,Hamilton (Original Broadway Cast Recording),2015-09-25,1e2e44dad56e626f
4TTV7EcfroSLWzXRY6gLv6,Alexander Hamilton,75,False,Leslie Odom Jr.,Hamilton (Original Broadway Cast Recording),2015-09-25,1e2e44dad56e626f
7aIFQj5W8Q2Rg8ggde8BLc,"Faith In My Killy (feat. Nafe Smallz, Yxng Bane, Blade Brown and Skrapz)",33,True,GRM Daily,"Faith In My Killy (feat. Nafe Smallz, Yxng Bane, Blade Brown and Skrapz)",2020-01-23,1e2e44dad56e626f
6SHI6STEW51cQkAXBRpLNj,Your Obedient Servant,68,False,Leslie Odom Jr.,Hamilton (Original Broadway Cast Recording),2015-09-25,1e2e44dad56e626f
3s9itRgJYcKhem01P17865,Say No to This,70,False,Jasmine Cephas-Jones,Hamilton (Original Broadway Cast Recording),2015-09-25,1e2e44dad56e626f
6lsFGDo1IEEPFKh94c9kFe,Blow Us All Away,63,True,Ariana DeBose,Hamilton (Original Broadway Cast Recording),2015-09-25,1e2e44dad56e626f
4B3qvzOMzLQXLeYgPsG3KA,Burn,72,False,Phillipa Soo,Hamilton (Original Broadway Cast Recording),2015-09-25,1e2e44dad56e626f
2bH4EXqG4bm7EsKRSKC29R,Rachael's Little Brother,43,True,Stormzy,Heavy Is The Head,2019-12-13,1e2e44dad56e626f
2jTBEuS8P9ZqVos9zecRzl,French Kisses (feat. Aitch),39,True,ZieZie,French Kisses (feat. Aitch),2019-11-22,1e2e44dad56e626f
1617E9xMnr1IuD891SrewO,Helicopter (feat. iceè tgm),52,True,J Hus,Big Conspiracy,2020-01-24,1e2e44dad56e626f
1Buip6TUwNfnMoez3sqI8x,Helicopter (feat. iceè tgm),0,True,J Hus,Big Conspiracy,2020-01-24,1e2e44dad56e626f
0E9mu1mF2x6lX35l7abDJ8,No Denying,0,True,J Hus,Big Conspiracy,2020-01-24,1e2e44dad56e626f
5QTdOvIF2ehBMZpSIIGzIo,Honey,63,True,Kehlani,Honey,2017-10-06,1e2e44dad56e626f
4kW3JNDqbqntaASB9lbhXV,Repeat (feat. Koffee),0,True,J Hus,Big Conspiracy,2020-01-24,1e2e44dad56e626f
2kxWRS8ZcJZ51Dik5uKGK6,Play Play (feat. Burna Boy),0,True,J Hus,Big Conspiracy,2020-01-24,1e2e44dad56e626f
2JLzUAI83uqSaBACQ2wo84,Big Conspiracy (feat. iceè tgm),0,True,J Hus,Big Conspiracy,2020-01-24,1e2e44dad56e626f
3Ol2xnObFdKV9pmRD2t9x8,Look Back at It,76,True,A Boogie Wit da Hoodie,Hoodie SZN,2018-12-21,1e2e44dad56e626f
39JRmdKFka1Oe09FoOCPI4,Selah,59,False,Kanye West,JESUS IS KING,2019-10-25,1e2e44dad56e626f
